,Unnamed: 0.1,Unnamed: 0,ID,L1,L1_2,text,shortened_text,SPOT,level,num_sentences,num_tokens,mean_tokens_per_sentence,type_token_ratio,num_verbs,total_char_count,LIM_count,HIM_count,wago_count,kango_count,tokyollm_8B_Instruct_surp,tokyollm_8B_surp,jpllm_3.7b_Instruct_surp,jpllm_3.7b_surp,llama_8B_Instruct_surp,llama_8B_surp
0,0,0,CCH08,CHN,中国語,"食べるのは誰にとっても非常に重要なことである。家で母の手料理などの家庭料理を食べるのがもちろん、外で外食して、ファストフードを食べたことも誰にもあるのであろう。ファストフードと家庭料理、どっちでも大切だと思われている。
ファストフードの便利さが特徴である。待てる時間もなくすぐに食べれ、時間に厳しいサラリーマンや受験生にはぴったり。そして買い出し準備も必要ないし後片付けもいらない、まさしく面倒人にも向いている。それにファストフードは一般的に安い値段で買えるため経済の厳しい人でも気楽に買える。だが、値段の安い分、栄養価値も少ないため、そして食品の衛生面でも保障は少ない、しかも太りやすいことがある。
それと反面に作りが面倒くさい家庭料理、朝なら早起きして新鮮な食材を買い出しする必要があり、そして丁寧に下準備を必要で、人の技術を伴う調理技術によりやっと作られる。だがそれが終わりではなく、後片付けも必要で、厄介の極みである。しかし手間をかけて作った料理なので、栄養分も取れて、健康にいい。一番重要なのは家族全員で行動ができ、洗いやカットなど仕事を分けて楽しくやれることができる、家族のやり取りにもなれる。
ファストフードと家庭料理、両方でも美味しいと思う人が大勢いるかもしれないが、ファストフードより、手作りの家庭料理が特有の味を持っているのが違いないであろう。家により味が違っているし、愛を込めて代わりのない暖かさもある。やはり、家庭料理は家族の味をしているのではないだろう。","食べるのは誰にとっても非常に重要なことである。家で母の手料理などの家庭料理を食べるのがもちろん、外で外食して、ファストフードを食べたことも誰にもあるのであろう。ファストフードと家庭料理、どっちでも大切だと思われている。
ファストフードの便利さが特徴である。待てる時間もなくすぐに食べれ、時間に厳しいサラリーマンや受験生にはぴったり。そして買い出し準備も必要ないし後片付けもいらない、まさしく面倒人にも向いている。それにファストフードは一般的に安い値段で買えるため経済の厳しい人でも気楽に買える。だが、値段の安い分、栄養価値も少ないため、そして食品の衛生面でも保障は少ない、しかも太りやすいことがある。
それと反面に作りが面倒くさい家庭料理、朝なら早起きして新鮮な食材を買い出しする必要があり、そして丁寧に下準備を必要で、人の技術を伴う調理技術によりやっと作られる。だがそれが終わりではなく、後片付けも必要で、厄介の極みである。しかし手間をかけて作った料理なので、栄養分も取れて、健康にいい。一番重要なのは家族全員で行動ができ、洗いやカットなど仕事を分けて楽しくやれることができる、家族のやり取りにもなれる。
ファストフードと家庭料理、両方でも美味しいと思う人が大勢いるかもしれないが、ファストフードより、手作りの家庭料理が特有の味を持っているのが違いないであろう。家により味が違っているし、愛を込めて",79.0,intermediate,15.0,327.0,21.8,0.418960244648318,23.0,640.0,37.0,34.0,139.0,67.0,3.104,2.468,3.76,3.623,2.885,2.761
1,1,1,CCH09,CHN,中国語,"時代の進歩とともに、私たちの生活は便利で快適になってきた。例えば、さまざまなファーストフード店が次々に現れているため、人々がいつでも、どこでも、お腹が空いたら、すぐに食べられるようになった。すごく便利で、時間がかからない、ということはファーストフードのもっともいい点だと思う。それに、ほどんどのファーストフード店の料理が家庭料理よりおいしい。しかし、多くのファーストフードには添加物が多すぎて、人の体に悪いという欠点もある。もしファーストフードばかり食べていると、栄養のバランスを崩しやすい。
それに対して、家庭料理は種類が豊富で、栄養のバランスもいいし、家族みんなで一緒に食べるこそ、食事の楽しさがわかるのだ。だが、家庭料理を作るのに時間がかかるし、しかもだいたい女性が料理を作っているので、女性の方が大変なのではないでしょうか。また、いつも家で同じ料理を食べていると、きっと飽きるでしょう。
以上述べてきたように、家庭料理を主として、たまには外食してファーストフードを食べる方が一番いいと思う。","時代の進歩とともに、私たちの生活は便利で快適になってきた。例えば、さまざまなファーストフード店が次々に現れているため、人々がいつでも、どこでも、お腹が空いたら、すぐに食べられるようになった。すごく便利で、時間がかからない、ということはファーストフードのもっともいい点だと思う。それに、ほどんどのファーストフード店の料理が家庭料理よりおいしい。しかし、多くのファーストフードには添加物が多すぎて、人の体に悪いという欠点もある。もしファーストフードばかり食べていると、栄養のバランスを崩しやすい。
それに対して、家庭料理は種類が豊富で、栄養のバランスもいいし、家族みんなで一緒に食べるこそ、食事の楽しさがわかるのだ。だが、家庭料理を作るのに時間がかかるし、しかもだいたい女性が料理を作っているので、女性の方が大変なのではないでしょうか。また、いつも家で同じ料理を食べていると、きっと飽きるでしょう。
以上述べてきたように、家庭料理を主として、たまには外食してファーストフードを食べる方が一番いいと思う。",85.0,advanced,10.0,224.0,22.4,0.4955357142857143,17.0,449.0,19.0,13.0,96.0,39.0,2.303,1.779,2.896,2.845,2.178,2.072
2,2,2,CCH12,CHN,中国語,"飲食ときたら、みなんは何を思い浮かびますか？私たちの生活では、よくファストフードとか、家庭料理とか食べます。ファストフードか家庭料理か、どっちが好きですか。私自分の経験を踏まえて、ちょっと話します。
ファストフードは、近代西洋から伝わって来たです。西洋の色々な特色があります。ファストフードフードはとても便利です、立ちながら食べられます。現代社会では、時間が重要ですから、ファストフードを選んで、たくさんの時間を省くことができます。実は、この間、マイクナルドでは、オーダーしてから、一分のうちに全部整えてくれます。なんと早いです。でも、ファストフードはそんなに便利といっても、デメリットがあります。栄養から見ると、家庭料理より、乏しいです。
家庭料理というと、いろんなメリットがあります。栄養から見ると、人の健康にいいと思います。家庭料理は伝統的な形式ですから、食事の他にもたくさんの機能があります。例えば、主婦は自分の愛をこめて、料理を作って、家族一家で食事をして、これが家族の楽しみではないでしょうか？これは家族の団結力を養う方法の一種です。でも家庭料理を作るには、いろんな手間が必要ですから、時間がたくさんかかります。現代社会では、時間を省くのが必要ですから、家庭料理はそんなに流行っていません。
私たちは実際を踏まえて、自分の食事計画を作ったらいいと思います。ファストフードと家庭料理のメリットを使って、自分の便利を計ります。","飲食ときたら、みなんは何を思い浮かびますか？私たちの生活では、よくファストフードとか、家庭料理とか食べます。ファストフードか家庭料理か、どっちが好きですか。私自分の経験を踏まえて、ちょっと話します。
ファストフードは、近代西洋から伝わって来たです。西洋の色々な特色があります。ファストフードフードはとても便利です、立ちながら食べられます。現代社会では、時間が重要ですから、ファストフードを選んで、たくさんの時間を省くことができます。実は、この間、マイクナルドでは、オーダーしてから、一分のうちに全部整えてくれます。なんと早いです。でも、ファストフードはそんなに便利といっても、デメリットがあります。栄養から見ると、家庭料理より、乏しいです。
家庭料理というと、いろんなメリットがあります。栄養から見ると、人の健康にいいと思います。家庭料理は伝統的な形式ですから、食事の他にもたくさんの機能があります。例えば、主婦は自分の愛をこめて、料理を作って、家族一家で食事をして、これが家族の楽しみではないでしょうか？これは家族の団結力を養う方法の一種です。でも家庭料理を作るには、いろんな手間が必要ですから、時間がたくさんかかります。現代社会では、時間を省くのが必要ですから、家庭料理はそんなに流行っていません。
私たちは実際を踏まえて、自分の食事計画を作ったらいいと思います。ファストフードと家庭料理のメリッ",81.0,advanced,21.0,299.0,14.238095238095235,0.391304347826087,27.0,617.0,22.0,21.0,103.0,64.0,2.611,2.114,3.442,3.379,2.488,2.391
3,3,3,CCH16,CHN,中国語,"普段、私たちは通勤や通学のため、外食する数は少なくないが、家で、きちんとした手作り料理を食べるチャンスも少なくない。
外食といえば、すぐ思い出すのはマクドナルドとか、ラーメンとか、ほんの短い時間で出来上がるファーストフードなどである。早く出来上がるから、時間の節約ができる、サラリーマンや学生に対しては、すごく魅力がある。特に、味にも、そんなにまずくもない、好きな食べ物を自分で選べるから、結構人気があるということである。
一方、それに対して、家庭料理はどうでしょう。材料を買うから料理をでき上がるまで、すごく時間がかかるし、市場いるとき、今日何にしようかだけを考えて、頭が痛くなる。そして、家庭料理は、材料の種類が決まって、出来た料理の決まったから、好き嫌いがあっても、食べるしかないということである。
しかし、ファーストフードと家庭料理の各自には、それぞれ短所と長所がある。ファーストフードは速くて種類も多いが、だいたいフライドしたものに限っていて、栄養はあまり取られない、体にはよくない。一方、家庭料理は、具材も料理法もきちんとして、よく考えてから、作られたものが多いから、体によい、特に成長している子供たちは欠かせないだと思っている。
両方とも良い方もあるし、悪い方もあるが、私にとっては、家で、ちゃんと時間を取って、きちんとした料理を食べるほうがいいと思っている。そして、そういうふうに皆さんにおすすめしたいんだ。","普段、私たちは通勤や通学のため、外食する数は少なくないが、家で、きちんとした手作り料理を食べるチャンスも少なくない。
外食といえば、すぐ思い出すのはマクドナルドとか、ラーメンとか、ほんの短い時間で出来上がるファーストフードなどである。早く出来上がるから、時間の節約ができる、サラリーマンや学生に対しては、すごく魅力がある。特に、味にも、そんなにまずくもない、好きな食べ物を自分で選べるから、結構人気があるということである。
一方、それに対して、家庭料理はどうでしょう。材料を買うから料理をでき上がるまで、すごく時間がかかるし、市場いるとき、今日何にしようかだけを考えて、頭が痛くなる。そして、家庭料理は、材料の種類が決まって、出来た料理の決まったから、好き嫌いがあっても、食べるしかないということである。
しかし、ファーストフードと家庭料理の各自には、それぞれ短所と長所がある。ファーストフードは速くて種類も多いが、だいたいフライドしたものに限っていて、栄養はあまり取られない、体にはよくない。一方、家庭料理は、具材も料理法もきちんとして、よく考えてから、作られたものが多いから、体によい、特に成長している子供たちは欠かせないだと思っている。
両方とも良い方もあるし、悪い方もあるが、私にとっては、家で、ちゃんと時間を取って、きちんとした料理を食べるほうがいいと思っている。そして、そういうふうに皆さ",81.0,advanced,12.0,296.0,24.666666666666668,0.4560810810810811,23.0,612.0,34.0,21.0,140.0,53.0,2.583,2.157,3.602,3.505,2.525,2.452
4,4,4,CCH23,CHN,中国語,"現代社会、マクドナルドをはじめ、ファーストフードを売る店がたくさんあります。食事の時間、店の中はとても混んでいます。ファーストフードが私たちの日常生活に溶け込んできました。
どうしてこれほど人気がありますか。経済発展につれて、女性も社会に出て、仕事に就きます。競争が激しい社会で、毎日忙しくて、働いています。以前のように家でゆっくりご飯を用意することはできなくなります。ファーストフードは早くて、手軽で、後片付けもいらないんです。そして、安価で、所得の低い家族はよく購入します。しかし、カロリーが高くて、栄養バランスもよくないんです。食べすぎると、塩分、糖分、脂肪など過剰摂取の傾向があります。要するに体には毒です。
ファーストフードと違って、家族料理は健康的、自分の意思によって何でも作られます。栄養バランスも良いです。でも、おいしくなりたければ、手間がかかるんです。
しかし、深く考えれば、ファーストフードと家族料理それぞれメリットとデメリットはそんなに簡単ではありません。確かに、みんな生活のために、毎日必死に働いています。でも、忙しいからこそ、安さ手軽だけではなく、栄養バランスのとれた食事が大事です。仕事が終わったら、家庭に帰って、ご飯のおいしい匂いがします。本当に気分がいいです。そして、明るい雰囲気に包まれて、一家団欒に楽しく食事をしたり、一日の発生したことについて話したり、家庭の温かさを感じます。精神面の安心感もあります。この楽しいことのおかげで、日々の辛いことを乗り換えます。どんなに遠いところにいても、家の独特な味が思い出したら、前に向く勇気があります。家の絆も家族と一緒にご飯を賞味しながら、強くなります。ファーストフードなら、どこでも食べられて、どこでも味が大体同じです。家の味はなくて、心を支えることは見つけないんです。
人々は幸せになりたいので、働いて、努力するのではないでしょうか。体はなによりも大切です。ですから、自分の生活の質を高めるために、ちょっと時間をかけて、自分で料理を作って、家族と一緒に楽しむことといいんじゃないか。子供をはじめ家庭においしい栄養のあるものを食べさせることができて、みんな健康になることは本当に良いことです。","現代社会、マクドナルドをはじめ、ファーストフードを売る店がたくさんあります。食事の時間、店の中はとても混んでいます。ファーストフードが私たちの日常生活に溶け込んできました。
どうしてこれほど人気がありますか。経済発展につれて、女性も社会に出て、仕事に就きます。競争が激しい社会で、毎日忙しくて、働いています。以前のように家でゆっくりご飯を用意することはできなくなります。ファーストフードは早くて、手軽で、後片付けもいらないんです。そして、安価で、所得の低い家族はよく購入します。しかし、カロリーが高くて、栄養バランスもよくないんです。食べすぎると、塩分、糖分、脂肪など過剰摂取の傾向があります。要するに体には毒です。
ファーストフードと違って、家族料理は健康的、自分の意思によって何でも作られます。栄養バランスも良いです。でも、おいしくなりたければ、手間がかかるんです。
しかし、深く考えれば、ファーストフードと家族料理それぞれメリットとデメリットはそんなに簡単ではありません。確かに、みんな生活のために、毎日必死に働いています。でも、忙しいからこそ、安さ手軽だけではなく、栄養バランスのとれた食事が大事です。仕事が終わったら、家庭に帰って、ご飯のおいしい匂いがします。本当に気分がいいです。そして、明るい雰囲気に包まれて、一家団欒に楽しく食事をしたり、一日の発生したことについて話したり、家庭の温か",81.0,advanced,31.0,464.0,14.96774193548387,0.4224137931034483,36.0,935.0,30.0,37.0,171.0,82.0,2.528,1.961,3.419,3.324,2.385,2.282
5,5,5,CCH25,CHN,中国語,"私は大学に来て日本語に勉強して一年になりました、湖南省の伝統的な料理はどんなに美味しくても、辛くてここの料理に適応できません。辛い匂いが嫌だから、いつもふるさとに父と母が作る料理を懐かしがっている。家族で一緒に作るの料理が本当に安全で、体にとっても健康的な影響を与えることができます。一番重要的な長所は父と母が私たちに作ってくれる料理にはみなんの注ぐ全部の愛と心血があります。唯一の短所は家庭の料理は作りにくて、両親は忙しそうに作ります。
寮には料理を自分で作ってはいけないルールがあって、勉強や仕事はほとんど忙しくて、ファーストフードを買って来て食べています。経済の発展につれて、ファーストフード店は多くて、とっても買いやすいです。しかし、いつもファーストフードを食べれば、人間の健康面に様々な問題を起こしていると考える専門家があり、ファーストフードの量を減ってよかったと思います。
先週は国慶節ので、私は家に帰って、美味しい母の料理を多く食べました。国慶節に家に帰ってよかった、どんなに忙しくても、料理に注意しないと体に良くないと言ってくれました。感動しました。私は将来両親に料理を作ってあげます。","私は大学に来て日本語に勉強して一年になりました、湖南省の伝統的な料理はどんなに美味しくても、辛くてここの料理に適応できません。辛い匂いが嫌だから、いつもふるさとに父と母が作る料理を懐かしがっている。家族で一緒に作るの料理が本当に安全で、体にとっても健康的な影響を与えることができます。一番重要的な長所は父と母が私たちに作ってくれる料理にはみなんの注ぐ全部の愛と心血があります。唯一の短所は家庭の料理は作りにくて、両親は忙しそうに作ります。
寮には料理を自分で作ってはいけないルールがあって、勉強や仕事はほとんど忙しくて、ファーストフードを買って来て食べています。経済の発展につれて、ファーストフード店は多くて、とっても買いやすいです。しかし、いつもファーストフードを食べれば、人間の健康面に様々な問題を起こしていると考える専門家があり、ファーストフードの量を減ってよかったと思います。
先週は国慶節ので、私は家に帰って、美味しい母の料理を多く食べました。国慶節に家に帰ってよかった、どんなに忙しくても、料理に注意しないと体に良くないと言ってくれました。感動しました。私は将来両親に料理を作ってあげます。",64.0,intermediate,12.0,283.0,23.58333333333333,0.4169611307420495,21.0,501.0,18.0,14.0,112.0,54.0,2.98,2.463,3.763,3.653,2.897,2.782
6,6,6,CCH31,CHN,中国語,"私たちはきっとファートフードを食べたことがあるべきです。そして、私たちは家にいるとき、母か父か作った料理を食べたら、どうな感じがありますか？そして、ファートフードと家庭料理の区別を話させてください。
ファートフードはだいたいファートフード店で買って、に行く途中か会社に行く途中かで食べる物。ファートフードは作る時間が短いから、時間を節約することができます。それはとても便利だし、学校か会社に遅れません。私たちは平日勉強や仕事などだから、毎日の朝、遅れないように早くおきなけねばならないです。家で料理を作ることは無理です。そして、毎日家に帰る後、みんなはたいてい疲れましたでしょう。そのときは、晩食を早速食べたいと、ファートフードを選ぶのはいい選択ですね。でもファートフードは悪いこともあります。ファートフードはカロリーが高いから、長時間食べると、太くなるかもしれません。そして、健康に影響があります。
家庭料理は時間と精力、をかかること。平日、私たちは料理を作る時間がないと思います。でも、週末、自分が作る料理を食べることは幸せですとお思います。それから、私たちは自分の好きな食べものを自由に作ったり、食べたりします。いいですね。
すなわち、私は家庭料理がもっと好きで、皆さんはどうですか？","私たちはきっとファートフードを食べたことがあるべきです。そして、私たちは家にいるとき、母か父か作った料理を食べたら、どうな感じがありますか？そして、ファートフードと家庭料理の区別を話させてください。
ファートフードはだいたいファートフード店で買って、に行く途中か会社に行く途中かで食べる物。ファートフードは作る時間が短いから、時間を節約することができます。それはとても便利だし、学校か会社に遅れません。私たちは平日勉強や仕事などだから、毎日の朝、遅れないように早くおきなけねばならないです。家で料理を作ることは無理です。そして、毎日家に帰る後、みんなはたいてい疲れましたでしょう。そのときは、晩食を早速食べたいと、ファートフードを選ぶのはいい選択ですね。でもファートフードは悪いこともあります。ファートフードはカロリーが高いから、長時間食べると、太くなるかもしれません。そして、健康に影響があります。
家庭料理は時間と精力、をかかること。平日、私たちは料理を作る時間がないと思います。でも、週末、自分が作る料理を食べることは幸せですとお思います。それから、私たちは自分の好きな食べものを自由に作ったり、食べたりします。いいですね。
すなわち、私は家庭料理がもっと好きで、皆さんはどうですか？",75.0,intermediate,19.0,267.0,14.052631578947368,0.4194756554307116,21.0,545.0,18.0,6.0,120.0,43.0,2.793,2.379,3.542,3.444,2.706,2.677
7,7,7,CCH33,CHN,中国語,「食糧は人々の生活で何よりも大切だ」ということがよく言われる。確か、飲食は日常生活の一部として、私たちに深い関係がある。私たちは日常生活の中で常に家で手作り料理を味わったり、ファーストフードを食べたりする。ファーストフードと家庭料理は主に食文化の二つとして、それぞれメリットとデメリットがあるが、各自の特色による人の異なる需要にふさわしくて、飲食生活で重要な位置を占めている。ファーストフードは名前どおり、第一のよさがそれの便利さである。それに加えて、値段が安いし、忙しい従業員にとって、ちょうどいいと思う。しかし、安いファーストフードなので、栄養もないし、衛生もよくないし、長時間で食べると体を壊すかもしれない。そして、せっかく一家だんらんで食事ができるが、外でファーストフードを食べれば、人々はどんどん食事や家庭関係への興味を失い、感情が冷たくなっていくかもしれない。それに反して、家族が作って、愛を込めて家庭料理が栄養もいっぱいあるし、家族の絆を強めることもできる。それにして、長い時間がかかるのは当然である。現代の生活で、いろいろな理由で、家庭料理よりファーストフードが好きな人がたくさんいる。飲食スタイルを一つ選ぶといったよりそれが現れる生活スタイルをしているというのはもっと正しいかもしれない。ある意味において、ファーストフードは目下の速成効果のみを求める生活スタイルを表すが、家庭料理は生活の内容の深みを重視する生活スタイルを表す。ファーストフードに慣れるか。ファーストフードに嫌いになったことがあるか。ちょっと自分のペースを遅くして、家庭料理を食べてみようではないか。,「食糧は人々の生活で何よりも大切だ」ということがよく言われる。確か、飲食は日常生活の一部として、私たちに深い関係がある。私たちは日常生活の中で常に家で手作り料理を味わったり、ファーストフードを食べたりする。ファーストフードと家庭料理は主に食文化の二つとして、それぞれメリットとデメリットがあるが、各自の特色による人の異なる需要にふさわしくて、飲食生活で重要な位置を占めている。ファーストフードは名前どおり、第一のよさがそれの便利さである。それに加えて、値段が安いし、忙しい従業員にとって、ちょうどいいと思う。しかし、安いファーストフードなので、栄養もないし、衛生もよくないし、長時間で食べると体を壊すかもしれない。そして、せっかく一家だんらんで食事ができるが、外でファーストフードを食べれば、人々はどんどん食事や家庭関係への興味を失い、感情が冷たくなっていくかもしれない。それに反して、家族が作って、愛を込めて家庭料理が栄養もいっぱいあるし、家族の絆を強めることもできる。それにして、長い時間がかかるのは当然である。現代の生活で、いろいろな理由で、家庭料理よりファーストフードが好きな人がたくさんいる。飲食スタイルを一つ選ぶといったよりそれが現れる生活スタイルをしているというのはもっと正しいかもしれない。ある意味において、ファーストフードは目下の速成効果のみを求める生活スタイルを表すが、家庭料理は,77.0,intermediate,16.0,343.0,21.4375,0.4431486880466472,29.0,692.0,31.0,33.0,153.0,66.0,2.652,2.299,3.708,3.666,2.743,2.641
8,8,8,CCH35,CHN,中国語,"最近、「スローフード」という言葉が流行ってきた。ファーストフードに対して、「スローフード」とは、ゆっくり食べる食文化のことであるとともに、その名のとおりゆっくりと仕込む料理のことであることだ。今、ファーストフードは食文化崩壊させて、高動物性脂肪、低繊維食を、若者における食の嗜好に浸透させたばかりでなく、世の母親達による手作り家庭食、特に朝食の感動を失わせた。この言葉から、暖かい食文化の回復が望めるかもしれない。
健康と栄養のほうは、家庭料理はもっと安心だと思う。例えば、再生食用油は商用目で食卓に戻って再利用されることは中で大きな社会？？となっている。健康障害だけど、コストを下げられて、とても絶やせない。ましてや栄養摂取はありえないだろう。その一方で、家では、私は好き嫌いがあるから、母はいつもの強引に食べさせたことがよくあった。塩分や栄養分や、食事療法までいろいろの考えを含めて、世の母親が仕込んで毎日料理を作っているんじゃない？
便利さと値段の方は、ファーストフードは間違いなく優位に立ち。巷には飲食店が溢れて、好きなときに好きな物を好きなだけ食べることができるようになった。食べ物がだけでなく、いいサビースが得る。どうりで仕事で忙しいい若者が自炊をやめて、外食が多くなるわけだ。平均して計算すれば、実際、自炊の費用は外食より安いといえば安いに、外食は時間を節約できるから、心理的見ればそんな大きな差がない。
種類と言ったら、確かに、外食は何もあり、タイ料理も、韓国料理も、ハンバーガーやピザでも、しかし、きっと家庭料理ならではのことがあるに違いない。例えば、私は古里ならではの「高湯」という甘いデザートがとても好きで、外では、探そうでも探せなくて、家に帰ったら、もう一度その美味を味わえた。皆さんはきっと、暖かい雰囲気で、家族のそばで、独有の家庭料理が何よりだと思わないか？","最近、「スローフード」という言葉が流行ってきた。ファーストフードに対して、「スローフード」とは、ゆっくり食べる食文化のことであるとともに、その名のとおりゆっくりと仕込む料理のことであることだ。今、ファーストフードは食文化崩壊させて、高動物性脂肪、低繊維食を、若者における食の嗜好に浸透させたばかりでなく、世の母親達による手作り家庭食、特に朝食の感動を失わせた。この言葉から、暖かい食文化の回復が望めるかもしれない。
健康と栄養のほうは、家庭料理はもっと安心だと思う。例えば、再生食用油は商用目で食卓に戻って再利用されることは中で大きな社会？？となっている。健康障害だけど、コストを下げられて、とても絶やせない。ましてや栄養摂取はありえないだろう。その一方で、家では、私は好き嫌いがあるから、母はいつもの強引に食べさせたことがよくあった。塩分や栄養分や、食事療法までいろいろの考えを含めて、世の母親が仕込んで毎日料理を作っているんじゃない？
便利さと値段の方は、ファーストフードは間違いなく優位に立ち。巷には飲食店が溢れて、好きなときに好きな物を好きなだけ食べることができるようになった。食べ物がだけでなく、いいサビースが得る。どうりで仕事で忙しいい若者が自炊をやめて、外食が多くなるわけだ。平均して計算すれば、実際、自炊の費用は外食より安いといえば安いに、外食は時間を節約できるから、心理的見ればそん",78.0,intermediate,20.0,409.0,20.45,0.4816625916870415,33.0,793.0,49.0,40.0,177.0,81.0,3.235,2.755,4.26,4.269,3.16,3.063
9,9,9,CCH38,CHN,中国語,"現在、速いライフスタイルに伴って、ファーストフード文化も急速に発展しています。では、一つの質問が出てきました。ファーストフードと家庭料理、どちらが好きですか。もちろん、答えは人によって違います。次はファーストフードと家庭料理の比較に入りましょう。
まずはファーストフードについて、最近の食品安全に関するニュースによると、ファーストフードには体に悪い影響を与える衛生問題があります。更に、口に合うかどうか、組み合わせが合理かどうか、全然わかりません。しかし、ファーストフードは種類が多くて、便利で、時間を節約できて、サラリーマンにぴったりしています。次は家庭料理に関して、材料を買って作るのは時間がかかります。そして、料理を作る途中で、出たすす汚染は長時間を重ねて、体や部屋に悪い影響が出るかもしれません。でも、家庭料理は口によって、健康な料理を作られます。最も大切な点はこれは肉親の情や友情や愛情などの深さを増進できます。
どうしたらほうがいいか、人達は必ず自分の答えがあります。私個人から見れば、家庭料理が好きです。仕事に専念している時、ファーストフードもいいですが。時間があれば、自分の手で美味しくて健康な料理を作って家族や友達や恋人と一緒に食べる方がいいと思います。こんな急速に進んでいる競争環境に囲まれて、私達は心がリッラクスできるところを見つけるべきだと考えます。そういうところは港湾のような家と思います。私達に求められている飲食生活には愉快や健康が一番大切ではないですか。
総じて言えば、自分の実情に従って、ぴったりな飲食スタイルを選ぶ方がよいと思います。","現在、速いライフスタイルに伴って、ファーストフード文化も急速に発展しています。では、一つの質問が出てきました。ファーストフードと家庭料理、どちらが好きですか。もちろん、答えは人によって違います。次はファーストフードと家庭料理の比較に入りましょう。
まずはファーストフードについて、最近の食品安全に関するニュースによると、ファーストフードには体に悪い影響を与える衛生問題があります。更に、口に合うかどうか、組み合わせが合理かどうか、全然わかりません。しかし、ファーストフードは種類が多くて、便利で、時間を節約できて、サラリーマンにぴったりしています。次は家庭料理に関して、材料を買って作るのは時間がかかります。そして、料理を作る途中で、出たすす汚染は長時間を重ねて、体や部屋に悪い影響が出るかもしれません。でも、家庭料理は口によって、健康な料理を作られます。最も大切な点はこれは肉親の情や友情や愛情などの深さを増進できます。
どうしたらほうがいいか、人達は必ず自分の答えがあります。私個人から見れば、家庭料理が好きです。仕事に専念している時、ファーストフードもいいですが。時間があれば、自分の手で美味しくて健康な料理を作って家族や友達や恋人と一緒に食べる方がいいと思います。こんな急速に進んでいる競争環境に囲まれて、私達は心がリッラクスできるところを見つけるべきだと考えます。そういうところは港湾のよう",73.0,intermediate,20.0,352.0,17.6,0.4460227272727273,30.0,684.0,31.0,30.0,140.0,72.0,2.589,2.156,3.487,3.387,2.544,2.517
10,10,10,CCH39,CHN,中国語,"ながふべきか？ってこれはハムレットがあった問題です。普通の人間の私たちは、もちろんハムレットのような生きるかどうかの考えに会えません、会ったのは、ただショベルの学校どの家がいいとかファストフットと手作りの料理とどちらがいいかのようなつまらないものです。
ショベルの学校なら、山東省の藍翔を探しに違いありません。でも料理なら、ファストフットと手作り料理とのいい点と悪い点からみれば、おそらく、栄養性、体に与える良さ二つです。
ファストフットというものは、マクドナルドやハンバーガーぐらい短時間で作れる揚げ物である。材料の新鮮さはとにかく、その油っぽい特徴だけで、体に悪いに違いません。でも時間を稼ぐために、たくさんの人がファストフットを選ぶ。ずっとファストフットを朝ごはんとしたら、体が壊れる可能性があります。
手作りものは、ばあちゃんのてで作ったものに思いやすい、いっぱいの愛で、また女性としての細心さがあってから長い時間であなたの習慣が十分わたった。絶対にあなたの口に合っていると思います。
いろんなことについて、みんなに伝えたいことがあった、それはぜったいてづくりの料理を召し上がるほうがいい、なぜなら、手作りの料理なら、栄養性も考えって、バランスも考えいれる。そして、もし自分で料理するなら、すればするほど、料理のうでも上がれるし、もっと自分自身の健康情報をもらってそれにとって適当に調整できる。皆様も、ぜひ手作りの料理にしましょう！","ながふべきか？ってこれはハムレットがあった問題です。普通の人間の私たちは、もちろんハムレットのような生きるかどうかの考えに会えません、会ったのは、ただショベルの学校どの家がいいとかファストフットと手作りの料理とどちらがいいかのようなつまらないものです。
ショベルの学校なら、山東省の藍翔を探しに違いありません。でも料理なら、ファストフットと手作り料理とのいい点と悪い点からみれば、おそらく、栄養性、体に与える良さ二つです。
ファストフットというものは、マクドナルドやハンバーガーぐらい短時間で作れる揚げ物である。材料の新鮮さはとにかく、その油っぽい特徴だけで、体に悪いに違いません。でも時間を稼ぐために、たくさんの人がファストフットを選ぶ。ずっとファストフットを朝ごはんとしたら、体が壊れる可能性があります。
手作りものは、ばあちゃんのてで作ったものに思いやすい、いっぱいの愛で、また女性としての細心さがあってから長い時間であなたの習慣が十分わたった。絶対にあなたの口に合っていると思います。
いろんなことについて、みんなに伝えたいことがあった、それはぜったいてづくりの料理を召し上がるほうがいい、なぜなら、手作りの料理なら、栄養性も考えって、バランスも考えいれる。そして、もし自分で料理するなら、すればするほど、料理のうでも上がれるし、もっと自分自身の健康情報をもらってそれにとって適当に調整できる",82.0,advanced,14.0,298.0,21.285714285714285,0.4966442953020134,27.0,620.0,28.0,21.0,123.0,46.0,3.467,3.061,4.707,4.706,3.448,3.396
11,11,11,CCH42,CHN,中国語,"日常生活の飲食には私たちが異なる理由でファストフードを食べる、あるいは家庭料理を食べます。
ファストフードは諸刃の剣のように両面があります。つまり、長所も短所もあります。ファストフードを選ぶと、食事にかかる時間が縮むようになります。市場に行って料理を作る材料を買う必要がないです。自分で料理を作る必要もないです。ただファストフード店買いに行くだけです。行列しても、かかる時間も少ないです。しかし、ファストフードは栄養に欠けます。長時間食べると、栄養不良になりがちです。ファストフードは普通の献立はハンバーガー、フランチフライと一杯飲み物です。ほとんどカロリーが高いものです。もしよく食べると、太る用になるかもしれません。しかも、肥満症にかかりがちです。このほかに、ファストフードのハンバーガーなどの肉は安全かどうか私たちは知りません。
家庭料理は普通栄養のバランスを取ります。家庭料理のビタミンも富みます。自分で料理の材料を選び、自宅で料理を作ります。私たちは料理の安全問題に心配しなくてもいいです。それに、大好きなものも食べられます。肥満症になることも心配しなくてもいいです。しかし、食事にかかる時間が多いです。材料の購入と洗いや食器の洗いなども多い時間が必要です。もし暇がなければ、私たちは外に食事をせざるを得ないです。
ファストフードと家庭料理にはそれぞれ短所と長所があります。しかし、ファストフードに比べて、家庭料理はもっと健康的です。ですから、健康のために、私たちはできるだけファストフードを食べないほうがいいです。もし忙しすぎだったら、他の店に栄養に富むものを食べるほうがいいです。","日常生活の飲食には私たちが異なる理由でファストフードを食べる、あるいは家庭料理を食べます。
ファストフードは諸刃の剣のように両面があります。つまり、長所も短所もあります。ファストフードを選ぶと、食事にかかる時間が縮むようになります。市場に行って料理を作る材料を買う必要がないです。自分で料理を作る必要もないです。ただファストフード店買いに行くだけです。行列しても、かかる時間も少ないです。しかし、ファストフードは栄養に欠けます。長時間食べると、栄養不良になりがちです。ファストフードは普通の献立はハンバーガー、フランチフライと一杯飲み物です。ほとんどカロリーが高いものです。もしよく食べると、太る用になるかもしれません。しかも、肥満症にかかりがちです。このほかに、ファストフードのハンバーガーなどの肉は安全かどうか私たちは知りません。
家庭料理は普通栄養のバランスを取ります。家庭料理のビタミンも富みます。自分で料理の材料を選び、自宅で料理を作ります。私たちは料理の安全問題に心配しなくてもいいです。それに、大好きなものも食べられます。肥満症になることも心配しなくてもいいです。しかし、食事にかかる時間が多いです。材料の購入と洗いや食器の洗いなども多い時間が必要です。もし暇がなければ、私たちは外に食事をせざるを得ないです。
ファストフードと家庭料理にはそれぞれ短所と長所があります。しかし、ファスト",72.0,intermediate,28.0,339.0,12.107142857142858,0.3628318584070796,21.0,697.0,36.0,24.0,128.0,67.0,2.249,1.943,3.287,3.173,2.247,2.17
12,12,12,CCH43,CHN,中国語,"ファーストフードを食べたことがありますが？どんなファーストフードが好きですが？手作りの家庭料理と比べて、どちらが選びたいですが？
最近、ファーストフード店がとても人気があるそうです。一番重要な原因はこの便利さです。サラリーマンにとって、短い時間で料理が手に入れて、それは何よりです。そして、ファーストフードは一般的、値段が高くないし、味も悪くないし、時間が足りない人と料理が得意ではない人にとって、ファーストフードは一番だと思わないでしょうか。でも、科学研究レポートによって、ファーストフードはカロリーがいっぱいあって、よく食べると、太くなれるかもしれません。そして、安全性も問題の一つです。ファーストフードの牛肉はとこからの牛肉ですが、これらの牛は病気はありますが、それは全部不確定です。
ファーストフードと比べて、手作りの家庭料理は安心ですね。原料とか、衛生とか、心配する必要はないでしょうか。そして、手作りの家庭料理は、家人からの愛情が含まれているのではないですか。でも、自分の家で、料理を作るのは面倒です。時間と精神がかかて、掃除も大変です。特に、料理があまり得意ではないなら、いろいろ時間や力を費やしけれど、味はよくないとしたら、今度はやる気もなくなってしまうでしょう。
だから、料理を作る方法を練習して、味と時間に自信があると、なるべく手作りの家庭料理を選びましょう。もちろん、本当に忙しいなら、ファーストフードにしましょうか。","ファーストフードを食べたことがありますが？どんなファーストフードが好きですが？手作りの家庭料理と比べて、どちらが選びたいですが？
最近、ファーストフード店がとても人気があるそうです。一番重要な原因はこの便利さです。サラリーマンにとって、短い時間で料理が手に入れて、それは何よりです。そして、ファーストフードは一般的、値段が高くないし、味も悪くないし、時間が足りない人と料理が得意ではない人にとって、ファーストフードは一番だと思わないでしょうか。でも、科学研究レポートによって、ファーストフードはカロリーがいっぱいあって、よく食べると、太くなれるかもしれません。そして、安全性も問題の一つです。ファーストフードの牛肉はとこからの牛肉ですが、これらの牛は病気はありますが、それは全部不確定です。
ファーストフードと比べて、手作りの家庭料理は安心ですね。原料とか、衛生とか、心配する必要はないでしょうか。そして、手作りの家庭料理は、家人からの愛情が含まれているのではないですか。でも、自分の家で、料理を作るのは面倒です。時間と精神がかかて、掃除も大変です。特に、料理があまり得意ではないなら、いろいろ時間や力を費やしけれど、味はよくないとしたら、今度はやる気もなくなってしまうでしょう。
だから、料理を作る方法を練習して、味と時間に自信があると、なるべく手作りの家庭料理を選びましょう。もちろん、本当に忙し",75.0,intermediate,18.0,298.0,16.555555555555557,0.4295302013422818,18.0,620.0,29.0,14.0,123.0,61.0,2.639,2.196,3.592,3.547,2.583,2.497
13,13,13,CCH45,CHN,中国語,"普段の生活には人々の食生活はとても豊かだと思います。人々は大体家で食事をする或は外で食事をします。外食なら特にファストフード店はとても人気です。では家で食事をするとファストフード店で食事をするのは一体どれがもっとメリットがあるでしょうか。
ファストフード店と言えば、ケンタッキーとか、マクドナルドとか、ピザハットなどがすぐに口に出ってます。その共通点は言うまでもなく、早くて、安くて、とても便利です。今の現代生活ペースがとても速いので、家で食事を作るのは時間の無駄とか、面倒だという人もたくさんいます。確かにそうですけど、全部悪いのではないと思います。家庭の料理は自分の家族の独特な味が作れます。自分の母の味を思い出して見たら、それはマクドナルドのハンバーガーとかの味ではないでしょう、それはお母さんが家のキッチンで時間をかかって作った忘れられない愛の料理だと思います。その料理はちゃんと考えたので、栄養バランスとか、味とかはファストフードと違います。ファストフードがもっと美味しいくなるため、多くの食品添加物が入れて、それは栄養とは言えません。しかも多く食べると、体重が思えないほど増えます。もう一つは、家で食事を作って、家族アツアツのご飯を食べながら、日常話をするのはとても幸せだと思います。家族関係もよくなることができます。ファストフードを食べる時、こう言う環境が作れないでしょう。しかも、ファストフードのため、孤食化とかもどんどんひどくなっています。
ではなぜ家で食事をするのはこんなにメリットがあるのに、ファストフードを食べる人がどんどん増えて、逆に家で食事をする人がどんどん減っていますか。これは時代の進歩から必ず出てくる問題だと思います。しかも避けてはいけない問題です。現代社会のペースがどんどん速くなっていますので、自分が手配できる時間もどんどん減っています。当然自分で料理を作って食べるの時間を作るのも難しくなっています。しかし、全然家で食事をしないのはやめてほしいです。いつか自分の子供に家の味を聞いたら、マクドナルドとか答えると、それは本当に恐ろしいことだと思います。
ですから、ファストフードにも家で食べる料理にもメリットとデメリットがあリます。現代社会ではファストフードとやめるのも或は家庭料理をやめるのもできませんので、その二つのバランスをよくとっていい食生活をしましょう！","普段の生活には人々の食生活はとても豊かだと思います。人々は大体家で食事をする或は外で食事をします。外食なら特にファストフード店はとても人気です。では家で食事をするとファストフード店で食事をするのは一体どれがもっとメリットがあるでしょうか。
ファストフード店と言えば、ケンタッキーとか、マクドナルドとか、ピザハットなどがすぐに口に出ってます。その共通点は言うまでもなく、早くて、安くて、とても便利です。今の現代生活ペースがとても速いので、家で食事を作るのは時間の無駄とか、面倒だという人もたくさんいます。確かにそうですけど、全部悪いのではないと思います。家庭の料理は自分の家族の独特な味が作れます。自分の母の味を思い出して見たら、それはマクドナルドのハンバーガーとかの味ではないでしょう、それはお母さんが家のキッチンで時間をかかって作った忘れられない愛の料理だと思います。その料理はちゃんと考えたので、栄養バランスとか、味とかはファストフードと違います。ファストフードがもっと美味しいくなるため、多くの食品添加物が入れて、それは栄養とは言えません。しかも多く食べると、体重が思えないほど増えます。もう一つは、家で食事を作って、家族アツアツのご飯を食べながら、日常話をするのはとても幸せだと思います。家族関係もよくなることができます。ファストフードを食べる時、こう言う環境が作れないでしょう。しかも、ファ",81.0,advanced,26.0,507.0,19.5,0.3431952662721893,32.0,1001.0,41.0,30.0,201.0,84.0,2.504,2.043,3.45,3.392,2.537,2.42
14,14,14,CCH55,CHN,中国語,"今の社会では、経済の高速発展に従って、人の生活リズムは日増しに速くなります。そのために、人はよくファーストフードを食べるようになります。ケンタッキー、マクドナルドなどのファーストフードチェー店は至る所まであるほどなります。これに対して、伝統的な手作り料理は冷遇されるようになります。
ファーストフードと手作り料理はそれぞれの長所と短所があります。ファーストフードは速度は速いし、便利です。速い生活リズムの産物として、今の社会要求に敵会するのは当然です。でも、ファーストフードを食べ過ぎると、体の健康に害をあげることになります。マクドナルドなどの西洋ファーストフードを例に取ると、この種類の料理は油っこくて、食品添加物の量が多すぎるので、人の健康特に青年の成長によくないです。だから、できるだけ、ファーストフードを食べないほうがいいと思います。
手作り料理のほうは、時間がかかりますし、味もレストランほどおいしくないかもしれない。でも、手作り料理は中国人の心の中に重要な位置を占めます。それは家族をつながる紐帯の一つです。子供は外で働き、或いは勉強して、ホームシークをする時、よく「母の手作り料理をたべたいなあ」といいます。中国では、食事をするときは、家族がお互いに近状を聞くとか重要な情報を発表する時間です。ですから、ファーストフードが非常に人気な物になる今日だけど、手作り料理はまだ中国人の胸の中の一角に置いています。もし時間があれば、できるだけ自分で料理を作ってください。調理を食べることが楽しいですが、料理を作るその過程も楽です。","今の社会では、経済の高速発展に従って、人の生活リズムは日増しに速くなります。そのために、人はよくファーストフードを食べるようになります。ケンタッキー、マクドナルドなどのファーストフードチェー店は至る所まであるほどなります。これに対して、伝統的な手作り料理は冷遇されるようになります。
ファーストフードと手作り料理はそれぞれの長所と短所があります。ファーストフードは速度は速いし、便利です。速い生活リズムの産物として、今の社会要求に敵会するのは当然です。でも、ファーストフードを食べ過ぎると、体の健康に害をあげることになります。マクドナルドなどの西洋ファーストフードを例に取ると、この種類の料理は油っこくて、食品添加物の量が多すぎるので、人の健康特に青年の成長によくないです。だから、できるだけ、ファーストフードを食べないほうがいいと思います。
手作り料理のほうは、時間がかかりますし、味もレストランほどおいしくないかもしれない。でも、手作り料理は中国人の心の中に重要な位置を占めます。それは家族をつながる紐帯の一つです。子供は外で働き、或いは勉強して、ホームシークをする時、よく「母の手作り料理をたべたいなあ」といいます。中国では、食事をするときは、家族がお互いに近状を聞くとか重要な情報を発表する時間です。ですから、ファーストフードが非常に人気な物になる今日だけど、手作り料理はまだ中国人の胸の中の",81.0,advanced,18.0,326.0,18.11111111111111,0.4631901840490797,23.0,668.0,25.0,29.0,118.0,59.0,2.373,1.976,3.286,3.222,2.503,2.431
15,15,15,CCH59,CHN,中国語,"中国で代表的なファストフードはマクドナルドです。小さい頃にはよく行きました。誕生日のお祝いのときや試験でいい成績を取った褒美に、両親はいつも私たちを連れて行きました。マックではおいしいハンバーガーやフライドポテトやフライドチキンなどを食べられるし、それに面白いおもちゃももらえます。子どもにとって、マックはいい場所なんです。でも、今は健康のためにほとんど行きません。ただ、友達と会うとき、行きます。デザートを食べながら、おしゃべりするので、1.2時間を過ぎやすいです。それに、普通のレストランよりファストフードの値段がもっと安いし、そこの雰囲気でリラックスできるし、若者にも非常に人気があります。ただし、ファストフードは油っこくて、カロリーも高くて、体の健康にあんまりよくないですから、そんなに行かないほうがいいと思います。
手作り料理は安全だし、健康だし、カロリーが低いんです。更に、手作り料理を作りながら家族との感情も深くなれると思います。","中国で代表的なファストフードはマクドナルドです。小さい頃にはよく行きました。誕生日のお祝いのときや試験でいい成績を取った褒美に、両親はいつも私たちを連れて行きました。マックではおいしいハンバーガーやフライドポテトやフライドチキンなどを食べられるし、それに面白いおもちゃももらえます。子どもにとって、マックはいい場所なんです。でも、今は健康のためにほとんど行きません。ただ、友達と会うとき、行きます。デザートを食べながら、おしゃべりするので、1.2時間を過ぎやすいです。それに、普通のレストランよりファストフードの値段がもっと安いし、そこの雰囲気でリラックスできるし、若者にも非常に人気があります。ただし、ファストフードは油っこくて、カロリーも高くて、体の健康にあんまりよくないですから、そんなに行かないほうがいいと思います。
手作り料理は安全だし、健康だし、カロリーが低いんです。更に、手作り料理を作りながら家族との感情も深くなれると思います。",73.0,intermediate,13.0,193.0,14.846153846153848,0.5647668393782384,14.0,422.0,17.0,11.0,82.0,21.0,2.355,1.821,3.395,3.315,2.321,2.181
16,16,16,CCH63,CHN,中国語,"普通の生活には、いろいろ食べ物がある、中華料理とか、日本料理とか、西洋ファーストフードとか、毎日、私たちはさまざまな食べ物を食べています。
現代社会では、ファーストフードがいつでもどこでも溢れています。それにファーストフードを夢中している人が多いです。ファーストフードといえば、作るスピードが速く、持ち方と食べ方が便利です。お腹がすいた時、家庭料理に比べて、ファーストフードの待ち時間が短いです。賞味期限は家庭料理により長いです。季節と気温の制約が少ないです。フードの色と匂いと味が人を引きやすいです。それに、お腹をいっぱいになりたいです。エネルギーが高くて、生活スピードが速い都会人にとって、それはエネルギーを得るために、最も便利なやり方です。
でも、短所がもちろんあります。例えば、ファーストフードの安全問題が深刻していきます、長時間に多く食べると、体が悪くなるかもしれません。しかし、ファーストフードの味は千篇一律ですから、その味を嫌いしやすいです。
家庭料理の方は、作り時間が長いし、手順が複雑し、それだけあって、栄養が豊富で、料理の材料は安全して心配することはまったく必要がない、それに、家庭料理は家の味があるでしょう。
飲食生活は人によって違います。自分に対して、最もふさわしい飲食習慣をお選ぶ方がいいと思います。","普通の生活には、いろいろ食べ物がある、中華料理とか、日本料理とか、西洋ファーストフードとか、毎日、私たちはさまざまな食べ物を食べています。
現代社会では、ファーストフードがいつでもどこでも溢れています。それにファーストフードを夢中している人が多いです。ファーストフードといえば、作るスピードが速く、持ち方と食べ方が便利です。お腹がすいた時、家庭料理に比べて、ファーストフードの待ち時間が短いです。賞味期限は家庭料理により長いです。季節と気温の制約が少ないです。フードの色と匂いと味が人を引きやすいです。それに、お腹をいっぱいになりたいです。エネルギーが高くて、生活スピードが速い都会人にとって、それはエネルギーを得るために、最も便利なやり方です。
でも、短所がもちろんあります。例えば、ファーストフードの安全問題が深刻していきます、長時間に多く食べると、体が悪くなるかもしれません。しかし、ファーストフードの味は千篇一律ですから、その味を嫌いしやすいです。
家庭料理の方は、作り時間が長いし、手順が複雑し、それだけあって、栄養が豊富で、料理の材料は安全して心配することはまったく必要がない、それに、家庭料理は家の味があるでしょう。
飲食生活は人によって違います。自分に対して、最もふさわしい飲食習慣をお選ぶ方がいいと思います。",70.0,intermediate,16.0,270.0,16.875,0.4666666666666667,19.0,563.0,34.0,18.0,115.0,58.0,2.691,2.215,3.705,3.568,2.666,2.582
17,17,17,CCM01,CHN,中国語,"普段、私達よくファーストフード店やファミレスなどの店に行く。それらの店の料理はどんな区別があるか、それは誰でもわかっているのだろう。それはファーストフードと家庭料理である。
私達は違う状況で、違う店に行って、違う料理を食べる。例えば、会社で働いている日の昼ごはんは会社の食堂、あるいはファーストフード店である。家族、もしくは同級生たちと一緒に外食は多分ファミレスだろう。ファーストフードは「速い」、「便利」という特徴がある。あまり時間がない場合、それは一番いい選択だと思う。またはファーストフードおいしいと思う人は少なくない。ファーストフードは若いものの中でも大人気である。しかし、ファーストフードは栄養が足りなくて、体に良くないという説もある。いつも食べないほうがいい。家庭料理のほうは自由度が高くて、何でもある。よく家で作るのはそういうものだ。家庭料理は栄養、美味しさ、見た目にもよく考えて作った料理である。しかし、作るのは面倒で、とても時間がかかる。だから、自分で料理を作る人はだんだん少なくなっている。皿を洗うのが嫌いとか理由で、ファミレスに行く人もいる。
それぞれの優劣があって、人は自由に選ぶ。私的には家庭料理のほうが好きだ。でも面倒なことも嫌いで、たまにはファーストフード店に行くこともある。ハンバーガーやポテトなど割にきらいではない。","普段、私達よくファーストフード店やファミレスなどの店に行く。それらの店の料理はどんな区別があるか、それは誰でもわかっているのだろう。それはファーストフードと家庭料理である。
私達は違う状況で、違う店に行って、違う料理を食べる。例えば、会社で働いている日の昼ごはんは会社の食堂、あるいはファーストフード店である。家族、もしくは同級生たちと一緒に外食は多分ファミレスだろう。ファーストフードは「速い」、「便利」という特徴がある。あまり時間がない場合、それは一番いい選択だと思う。またはファーストフードおいしいと思う人は少なくない。ファーストフードは若いものの中でも大人気である。しかし、ファーストフードは栄養が足りなくて、体に良くないという説もある。いつも食べないほうがいい。家庭料理のほうは自由度が高くて、何でもある。よく家で作るのはそういうものだ。家庭料理は栄養、美味しさ、見た目にもよく考えて作った料理である。しかし、作るのは面倒で、とても時間がかかる。だから、自分で料理を作る人はだんだん少なくなっている。皿を洗うのが嫌いとか理由で、ファミレスに行く人もいる。
それぞれの優劣があって、人は自由に選ぶ。私的には家庭料理のほうが好きだ。でも面倒なことも嫌いで、たまにはファーストフード店に行くこともある。ハンバーガーやポテトなど割にきらいではない。",81.0,advanced,22.0,282.0,12.818181818181818,0.4078014184397163,15.0,575.0,16.0,15.0,126.0,44.0,2.456,1.968,3.35,3.23,2.42,2.324
18,18,18,CCM03,CHN,中国語,"２１世紀になってから、私達の食生活がいろいろ変わってきました。今、私達の食べ物もいろんな種類があります。私達にとっては、主な食べ物の種類は家庭料理とファーストフードです。
家庭料理は古代から続いた料理です。家族全体は家にいて、テープルを囲んで、一緒に食べる料理です。母か父が手作り料理はだれでも食べたことがあるでしょう。家庭料理はいつも私達に暖かい思いを伝えています。たとえおいしくないとしても、それを嫌う人はきっといませんでしょう。昼は子供が勉強、親が仕事、夜になったら、一緒に家庭料理を食べるのは一日中一番楽しいときだと思います。ですから、私は家庭料理がどっちか悪いか分かりません。
それに対して、ファーストフードは今、プームになりました。マクドナルドとか、ケンタッキーとか、いろんなファーストフードがあります。ファーストフードの一番良い点はやはり早いというところです。味はそんなまずいではありませんし、値段もまあまあから、特に若い人の生活で欠かせない一部分です。でも、ファーストフードの中ではほとんどごみ食品です。子供のころからファーストフードを食べ慣れてしまって、おいしいものといえば脂肪分と糖分、という舌になってしまった子供は大人になってからもそれしかおいしいと感じられなくなる可能性が大きい、大人になってからも癖になる味だといわれています。
私は個人的にやはり家庭料理のほうが好きです。健康で栄養価値も高い、ファーストフードは不健康の代表です。自分の体のためにもファーストフードに離れたほうがいいと思います。","２１世紀になってから、私達の食生活がいろいろ変わってきました。今、私達の食べ物もいろんな種類があります。私達にとっては、主な食べ物の種類は家庭料理とファーストフードです。
家庭料理は古代から続いた料理です。家族全体は家にいて、テープルを囲んで、一緒に食べる料理です。母か父が手作り料理はだれでも食べたことがあるでしょう。家庭料理はいつも私達に暖かい思いを伝えています。たとえおいしくないとしても、それを嫌う人はきっといませんでしょう。昼は子供が勉強、親が仕事、夜になったら、一緒に家庭料理を食べるのは一日中一番楽しいときだと思います。ですから、私は家庭料理がどっちか悪いか分かりません。
それに対して、ファーストフードは今、プームになりました。マクドナルドとか、ケンタッキーとか、いろんなファーストフードがあります。ファーストフードの一番良い点はやはり早いというところです。味はそんなまずいではありませんし、値段もまあまあから、特に若い人の生活で欠かせない一部分です。でも、ファーストフードの中ではほとんどごみ食品です。子供のころからファーストフードを食べ慣れてしまって、おいしいものといえば脂肪分と糖分、という舌になってしまった子供は大人になってからもそれしかおいしいと感じられなくなる可能性が大きい、大人になってからも癖になる味だといわれています。
私は個人的にやはり家庭料理のほうが好きです。健",78.0,intermediate,19.0,339.0,17.842105263157894,0.4188790560471976,21.0,660.0,31.0,18.0,132.0,47.0,2.637,2.149,3.464,3.427,2.643,2.47
19,19,19,CCM10,CHN,中国語,"「食」というのは私たちの生活には不可欠です。私たちはよくファーストフードや家庭料理が食べられます。ある人はファーストフードが好きですが、ある人は家庭料理が好きです。簡単にどちらがいいと言うことができません。今はこの二つにちょっと比較します。
ファーストフードというのは簡単に言えば、早く食べられる食品と言うものです。それは人間の生活に便利ですが、本当に健康にいい物ではありません。よくファーストフードを食べていれば、健康によくありません。今のサラリーマンは速めに食事ができるためによくファーストフードを食べます。こうして、胃によくなくて、時々胃が痛むこととか、胃の病気を患うことがよく見られます。ファーストフードは便利ですが、毎月に二回か三回だけで結構です。よく食べたら胃には無理です。
家庭料理は本当に素敵な食品です。衛生に心配する必要もないし、栄養も豊かです。しかし、家庭料理は時間が掛かります。サラリーマンにとってはちょっと無理です。時間もないし、一日も疲れて作りたいこともよく見られます。それでも、私は家庭料理が最高だと思っています。朝早く起きたら、料理を作る時間があります。一日の料理を作ったら弁当箱に入れて会社に行きます。それから、ランチの時に電子レンジで加熱してから、食べられます。ちょっとめんどくさいですが、体にいいです。
ファーストフードと家庭料理とはどちらも不足があります。時間は大切です。その同時に健康も大事です。どれが重要なのか、自分で選んでください。","「食」というのは私たちの生活には不可欠です。私たちはよくファーストフードや家庭料理が食べられます。ある人はファーストフードが好きですが、ある人は家庭料理が好きです。簡単にどちらがいいと言うことができません。今はこの二つにちょっと比較します。
ファーストフードというのは簡単に言えば、早く食べられる食品と言うものです。それは人間の生活に便利ですが、本当に健康にいい物ではありません。よくファーストフードを食べていれば、健康によくありません。今のサラリーマンは速めに食事ができるためによくファーストフードを食べます。こうして、胃によくなくて、時々胃が痛むこととか、胃の病気を患うことがよく見られます。ファーストフードは便利ですが、毎月に二回か三回だけで結構です。よく食べたら胃には無理です。
家庭料理は本当に素敵な食品です。衛生に心配する必要もないし、栄養も豊かです。しかし、家庭料理は時間が掛かります。サラリーマンにとってはちょっと無理です。時間もないし、一日も疲れて作りたいこともよく見られます。それでも、私は家庭料理が最高だと思っています。朝早く起きたら、料理を作る時間があります。一日の料理を作ったら弁当箱に入れて会社に行きます。それから、ランチの時に電子レンジで加熱してから、食べられます。ちょっとめんどくさいですが、体にいいです。
ファーストフードと家庭料理とはどちらも不足があります。時間は",76.0,intermediate,26.0,326.0,12.538461538461538,0.3711656441717791,20.0,638.0,37.0,11.0,124.0,64.0,2.539,2.06,3.194,3.065,2.444,2.34
20,20,20,CCM17,CHN,中国語,"経済の発展について、人々生活のリズムが速くなりました。
そして、道に同じレイアウトの食堂や持ち帰り弁当などのチェーンてんの進出が目立っています。これらは「外食産業」と呼ばれています。注文とほぼ同時に出てくるので、とでも便利だと思います。ですから、大変人気があります。
一方、注文すると早く出てくるのは、お腹が空いた時、待つ時間がほとんどいりません、すぐ食べ物を食べられますので、とても便利だと思われます。材料を大量に仕入れ、同じ料理を作れるからで、それが安い原因にもなっています。このように家庭の中での「外食」が増えて、「ニューファミリー」が外で食事するファッションを身につけた、女性のパートタイマーが増え、家事も軽くなりました。
だけど、一方、夫は残業、妻はパート、子供は学校にいて、家庭ともバラバラに食べ、一緒にいる場がますます少なくなっています。家族の団欒か少なくなって、栄養のバランスが崩れてしまうかもしれないし、病気になる子供もいます。これは、ファーストフードの悪い面だと思います。","経済の発展について、人々生活のリズムが速くなりました。
そして、道に同じレイアウトの食堂や持ち帰り弁当などのチェーンてんの進出が目立っています。これらは「外食産業」と呼ばれています。注文とほぼ同時に出てくるので、とでも便利だと思います。ですから、大変人気があります。
一方、注文すると早く出てくるのは、お腹が空いた時、待つ時間がほとんどいりません、すぐ食べ物を食べられますので、とても便利だと思われます。材料を大量に仕入れ、同じ料理を作れるからで、それが安い原因にもなっています。このように家庭の中での「外食」が増えて、「ニューファミリー」が外で食事するファッションを身につけた、女性のパートタイマーが増え、家事も軽くなりました。
だけど、一方、夫は残業、妻はパート、子供は学校にいて、家庭ともバラバラに食べ、一緒にいる場がますます少なくなっています。家族の団欒か少なくなって、栄養のバランスが崩れてしまうかもしれないし、病気になる子供もいます。これは、ファーストフードの悪い面だと思います。",68.0,intermediate,11.0,224.0,20.363636363636363,0.5401785714285714,21.0,446.0,20.0,17.0,106.0,35.0,2.899,2.454,3.842,3.774,2.942,2.86
21,21,21,CCM22,CHN,中国語,"現代化の進展につれ、今では、どの街でもいろとりどりの飲食店が見られる。その中に、ファストフードが大人気になったことは言うまでもない。その一方、逆に手料理にこだわる人もたくさんいるという。
ファストフード、その名前通り、速さが長所だと思われている。家庭では何時間もかかって作りあげられた料理は、コンビニでお弁当に変身、いつでも買えるようになった。チンして暖めれば、数分しかかからない。その他、ファストフードは種類が多いのも、一つの取り柄である。和食から、中華料理、洋食まで、様々な美味があり、人を厭きさせない。そういうものの、ファストフードには、食材の安全性、新鮮度などの点は保障できない。ほかにも、味が濃いので、不健康という欠点も上げられている。
それに比べ、手料理はよりヘルシーである。自分で購入した食材を自分で調理し、味をつける。全ては自分でコンロトールできることは人を安心させるであろう。もちろん、料理を作る過程を堪能する人もたくさんいる。自分で作るという楽しみはファストフードを食べる時では味わえないであろう。とは言えども、手料理を作るには下準備が避けては通れない。その下準備はとても手間暇をかける作業である。忙しい人には向いてないと思われる。
どうであれ、自分自身に最も合う食生活を選べば、最適だと私は考えている。","現代化の進展につれ、今では、どの街でもいろとりどりの飲食店が見られる。その中に、ファストフードが大人気になったことは言うまでもない。その一方、逆に手料理にこだわる人もたくさんいるという。
ファストフード、その名前通り、速さが長所だと思われている。家庭では何時間もかかって作りあげられた料理は、コンビニでお弁当に変身、いつでも買えるようになった。チンして暖めれば、数分しかかからない。その他、ファストフードは種類が多いのも、一つの取り柄である。和食から、中華料理、洋食まで、様々な美味があり、人を厭きさせない。そういうものの、ファストフードには、食材の安全性、新鮮度などの点は保障できない。ほかにも、味が濃いので、不健康という欠点も上げられている。
それに比べ、手料理はよりヘルシーである。自分で購入した食材を自分で調理し、味をつける。全ては自分でコンロトールできることは人を安心させるであろう。もちろん、料理を作る過程を堪能する人もたくさんいる。自分で作るという楽しみはファストフードを食べる時では味わえないであろう。とは言えども、手料理を作るには下準備が避けては通れない。その下準備はとても手間暇をかける作業である。忙しい人には向いてないと思われる。
どうであれ、自分自身に最も合う食生活を選べば、最適だと私は考えている。",85.0,advanced,19.0,284.0,14.947368421052632,0.5105633802816901,33.0,562.0,24.0,29.0,125.0,50.0,2.743,2.196,3.368,3.307,2.825,2.696
22,22,22,CCM27,CHN,中国語,"どんどん豊かになりつづある国民生活の有力的な証拠のひとつは、我々の日常飲食生活と考えられると思わないでしょうか。例えば、KFC、中華料理、タイ料理、いろいろなおいしい料理を手軽に食べることができるようになりました。
ところで、違う料理は、我々の体あるいは健康などにどんな影響をもたらしていますか。私の目で見れば、まず、思い出せるのは、ファーストフードと一般家庭料理との戦いなのです。
なぜ戦いというと、この二種類料理の区別は、一番顕著と思いますから。
まずは、家庭料理は、みんな知ってのとおり、食材の選択から、最後テーブルの上に運んで食べるまで、段取りが、たくさんありますので、かなり時間や精力を傾けなければいけないということなのです。家庭主婦なら、大丈夫かもしれませんが、独身のサラリーマンとか、OLとか、なかなか無理でしょう。でも、逆に言えば、すべで自らやるからこそ、料理の味わいや安全衛生への心配は要らないといういいところもあるのではないでしょうか。
一方、ファーストフードというと、はやいというイメージが、浮かんでくるでしょう。KFCに入ると、すぐ、いただきますといえるほどはやくて、これは、タイムを追う人たちにとって、とてもたすかりになるでしょう。でも、こんなはやいですから、この速さの裏に何か、あるじゃないかという不安も出てきます。それは、食べ物の栄養や賞味期限の問題です。こういう面からいうと、ファーストフードも、あまりよくないところもあります。
いつも言っているように、どんな物事にしても、いいところがあれば、わるいところもあります。ファーストフードも家庭手作り料理も、同じです。でも、自分で手作り料理の好きな私は、家庭料理のほうがいいです。","どんどん豊かになりつづある国民生活の有力的な証拠のひとつは、我々の日常飲食生活と考えられると思わないでしょうか。例えば、KFC、中華料理、タイ料理、いろいろなおいしい料理を手軽に食べることができるようになりました。
ところで、違う料理は、我々の体あるいは健康などにどんな影響をもたらしていますか。私の目で見れば、まず、思い出せるのは、ファーストフードと一般家庭料理との戦いなのです。
なぜ戦いというと、この二種類料理の区別は、一番顕著と思いますから。
まずは、家庭料理は、みんな知ってのとおり、食材の選択から、最後テーブルの上に運んで食べるまで、段取りが、たくさんありますので、かなり時間や精力を傾けなければいけないということなのです。家庭主婦なら、大丈夫かもしれませんが、独身のサラリーマンとか、OLとか、なかなか無理でしょう。でも、逆に言えば、すべで自らやるからこそ、料理の味わいや安全衛生への心配は要らないといういいところもあるのではないでしょうか。
一方、ファーストフードというと、はやいというイメージが、浮かんでくるでしょう。KFCに入ると、すぐ、いただきますといえるほどはやくて、これは、タイムを追う人たちにとって、とてもたすかりになるでしょう。でも、こんなはやいですから、この速さの裏に何か、あるじゃないかという不安も出てきます。それは、食べ物の栄養や賞味期限の問題です。こういう面から",76.0,intermediate,16.0,347.0,21.6875,0.4812680115273775,30.0,729.0,27.0,28.0,139.0,54.0,2.901,2.466,3.952,3.826,2.936,2.778
23,23,23,CCM30,CHN,中国語,"中国では「人は食を中心に生きる」という諺がある。そして、街で友人と出会ったり、校内で友達と出会ったりする時、「食事したのか」という言葉を挨拶として私たち中国人が使っている。つまり、食生活は私たちの生活の一環として、不可欠だけでなく、重要な部分である。
私たち中国人はほとんど米と小麦粉を主食としている。そして、大量な野菜と多様な肉とともに、食生活のテーマをはっきりしている。中華料理一つ変わらない特徴は味の変化が目まぐるしいことである。調理方法と調理時間によって、味を調整するということである。私が野菜を炒める時は、ちゃんと家族の好みで、塩や砂糖などの入れるのを見計らう癖がある。それは私たち伝統的な食生活の一面である。そして、家で自分が作った料理は清潔で安心で食べられる。
改革開放の風潮につれて、私たち毎日離れない食生活にも目立った変化がでてきた。なぜかというと、仕事と勉強のため、私たちは前のように丁寧に自分が料理を作る暇がなくなってきた。一方、街に同じレイアウトのレストランやチェーン店が目白押しになって、ファストフードの速さ、ファミリーレストランの便利さは疾風迅雷な不可抗力のごとく、思わず引き込まれた。
そして、いろんな問題も生じた。速さと便利さを引き換えに、清潔さと多様さを失っていく。多様さはともかく、外食なので、店の人がどういう供給源から材料を手に入れたのか、そしてどういうふうに調理したのか、お客さんが知っていることは限られている。外食安全についてさまざまな記事が新聞とテレビに出てくるのである。そして、材料を共同で大量に仕入れるため、被害者が大勢でてくるのも珍しくない。食生活に関する問題が私たちにとって、一つ直面しているピンチといえるであろう。
私たちはその変化を慣れなければならないというのは事実だ。そして、大切なのは対策だ、つまり、選ぶことだ。外界の変化がどんなに激しいとしても、清潔で自分に似合う食べ物を摂取し、健康と栄養のバランスを保つ努力をしなければならないと私はいつもそう考えている。","中国では「人は食を中心に生きる」という諺がある。そして、街で友人と出会ったり、校内で友達と出会ったりする時、「食事したのか」という言葉を挨拶として私たち中国人が使っている。つまり、食生活は私たちの生活の一環として、不可欠だけでなく、重要な部分である。
私たち中国人はほとんど米と小麦粉を主食としている。そして、大量な野菜と多様な肉とともに、食生活のテーマをはっきりしている。中華料理一つ変わらない特徴は味の変化が目まぐるしいことである。調理方法と調理時間によって、味を調整するということである。私が野菜を炒める時は、ちゃんと家族の好みで、塩や砂糖などの入れるのを見計らう癖がある。それは私たち伝統的な食生活の一面である。そして、家で自分が作った料理は清潔で安心で食べられる。
改革開放の風潮につれて、私たち毎日離れない食生活にも目立った変化がでてきた。なぜかというと、仕事と勉強のため、私たちは前のように丁寧に自分が料理を作る暇がなくなってきた。一方、街に同じレイアウトのレストランやチェーン店が目白押しになって、ファストフードの速さ、ファミリーレストランの便利さは疾風迅雷な不可抗力のごとく、思わず引き込まれた。
そして、いろんな問題も生じた。速さと便利さを引き換えに、清潔さと多様さを失っていく。多様さはともかく、外食なので、店の人がどういう供給源から材料を手に入れたのか、そしてどういうふうに調",83.0,advanced,22.0,451.0,20.5,0.4279379157427938,36.0,860.0,33.0,47.0,205.0,86.0,2.839,2.325,3.757,3.622,2.787,2.674
24,24,24,CCM35,CHN,中国語,"中国で「中秋節」という祝日がある。中秋節になると、家族全員が揃って一緒に食事をするという仕来りがある。そういう時、家族の愛情をこめった手料理のおいしさをしみじみに認識させることが数多くある。しかし、現在、丁寧に手料理を作り上げても、食べる時間がない人もどこでも見かける。したがって、ファーストフードがだんだん流行ってきた。
ここで、ファーストフードを一概に悪いとは言えない。日本で、「立ちそば」という店もある。文字通り、立ってそばを食べる店だ。普通ではサラリーマンのお昼の休暇時間は一時間精々だが、よりによって、もっと少ないかもしれない。だから、そういう店のペースが速いし、値段も適当だし、サラリーマンにとってのメリットが数えきれないほどあるともいえるだろう。実に便利な店だ。ところが、一人で食事を食べるということを見てなんだか寂しさを感じせずにはいられない。
これに対して、家庭料理は家族がそばにいるという暖かさを実感することができる。千篇一律なファーストフードに比べて、手料理の方が口に合うのではないだろうか。しかし、現代人にとって、仕事にもう精一杯だから、そんな手間をかかる余裕があるものかという人もいるだろう。確かに、便利さの方面でファーストフードの方がずっと増した。それにしても、家族団らんのうれしさも掛け替えのない宝物だろう。
ここで一応我々の食生活を分析させていただきました。どっちを選ぶのは人それぞれだ。","中国で「中秋節」という祝日がある。中秋節になると、家族全員が揃って一緒に食事をするという仕来りがある。そういう時、家族の愛情をこめった手料理のおいしさをしみじみに認識させることが数多くある。しかし、現在、丁寧に手料理を作り上げても、食べる時間がない人もどこでも見かける。したがって、ファーストフードがだんだん流行ってきた。
ここで、ファーストフードを一概に悪いとは言えない。日本で、「立ちそば」という店もある。文字通り、立ってそばを食べる店だ。普通ではサラリーマンのお昼の休暇時間は一時間精々だが、よりによって、もっと少ないかもしれない。だから、そういう店のペースが速いし、値段も適当だし、サラリーマンにとってのメリットが数えきれないほどあるともいえるだろう。実に便利な店だ。ところが、一人で食事を食べるということを見てなんだか寂しさを感じせずにはいられない。
これに対して、家庭料理は家族がそばにいるという暖かさを実感することができる。千篇一律なファーストフードに比べて、手料理の方が口に合うのではないだろうか。しかし、現代人にとって、仕事にもう精一杯だから、そんな手間をかかる余裕があるものかという人もいるだろう。確かに、便利さの方面でファーストフードの方がずっと増した。それにしても、家族団らんのうれしさも掛け替えのない宝物だろう。
ここで一応我々の食生活を分析させていただきました。どっちを選",83.0,advanced,19.0,295.0,15.526315789473683,0.4779661016949152,27.0,610.0,24.0,17.0,128.0,38.0,2.741,2.292,3.762,3.655,2.803,2.692
25,25,25,CCM39,CHN,中国語,"スーパーやコンビニのお総菜やお弁当、ファーストフードやレストランなどは、忙しいときや一人暮らしの人にとって強い味方です。
でも、いつも外食に頼るのは、体にとってあまり良くありません。
なぜなら、どうしても油ものや炭水化物が多くなり、野菜の量が不足するからです。何度も繰り返しているうちに、体に脂肪が蓄積され、肥満になってしまいます。
栄養が偏らないよう、メニューには気をつかっているから大丈夫、という人もいるでしょう。でも、それでもやはり問題があります。
食品の栄養は、調理の仕方や時間によって、どんどん失われてしまうのです。
作りたての新鮮なサラダと、効率を考えて大量に作り置きしたサラダでは、栄養には大きな差があります。やはり、栄養バランスを考えた出来たてのものを食べるのが理想的です。","スーパーやコンビニのお総菜やお弁当、ファーストフードやレストランなどは、忙しいときや一人暮らしの人にとって強い味方です。
でも、いつも外食に頼るのは、体にとってあまり良くありません。
なぜなら、どうしても油ものや炭水化物が多くなり、野菜の量が不足するからです。何度も繰り返しているうちに、体に脂肪が蓄積され、肥満になってしまいます。
栄養が偏らないよう、メニューには気をつかっているから大丈夫、という人もいるでしょう。でも、それでもやはり問題があります。
食品の栄養は、調理の仕方や時間によって、どんどん失われてしまうのです。
作りたての新鮮なサラダと、効率を考えて大量に作り置きしたサラダでは、栄養には大きな差があります。やはり、栄養バランスを考えた出来たてのものを食べるのが理想的です。",59.0,intermediate,9.0,166.0,18.444444444444443,0.5843373493975904,14.0,345.0,11.0,26.0,71.0,30.0,1.904,1.493,2.592,2.584,2.163,2.139
26,26,26,CCM40,CHN,中国語,"今の若者はたいていファーストフードが好きです。それはなぜかというと、やはりファーストフードが便利だからです。もちろん、それだけでなく、ファーストフード店のよい環境も利点です。それに対して、悪い点もあります。例えば、健康によくないという点です。ある研究によると、ファーストフードを食べ過ぎると、ガンになる可能性が高くなるそうです。現今の肥満状況になっているのは、ファーストフードの悪い影響と言ってもよいかもしれません。そのほか、ファーストフードというのは、作るスピードだけでなく、食べるスピードも速く、速すぎると言ってもよいから、お腹がいっぱいでも、すぐすくになるのです。
私にとっては、手作りの料理は一番よいのです。家で、自分の手で料理を作って食べることは、達成感もあるし、健康にもよいです。これは以後の家庭生活の練習にもなれます。そして、家族のみんなで一緒に食べられ、今日何があったのか、仕事は順調に進んでいるのか、などがお互いにしゃべられるので、感情的にも満足します。しかし、家で料理を作るのは本当に面倒なことです。材料の準備、作り方の調べなど、非常に時間がかかります。
その二つの料理はどちらがよいかというなら、人によって違うのでしょう。生活習慣が違うからです。なんといっても、この二つのどちらも私たちの飲食生活のかけがえのない存在です。","今の若者はたいていファーストフードが好きです。それはなぜかというと、やはりファーストフードが便利だからです。もちろん、それだけでなく、ファーストフード店のよい環境も利点です。それに対して、悪い点もあります。例えば、健康によくないという点です。ある研究によると、ファーストフードを食べ過ぎると、ガンになる可能性が高くなるそうです。現今の肥満状況になっているのは、ファーストフードの悪い影響と言ってもよいかもしれません。そのほか、ファーストフードというのは、作るスピードだけでなく、食べるスピードも速く、速すぎると言ってもよいから、お腹がいっぱいでも、すぐすくになるのです。
私にとっては、手作りの料理は一番よいのです。家で、自分の手で料理を作って食べることは、達成感もあるし、健康にもよいです。これは以後の家庭生活の練習にもなれます。そして、家族のみんなで一緒に食べられ、今日何があったのか、仕事は順調に進んでいるのか、などがお互いにしゃべられるので、感情的にも満足します。しかし、家で料理を作るのは本当に面倒なことです。材料の準備、作り方の調べなど、非常に時間がかかります。
その二つの料理はどちらがよいかというなら、人によって違うのでしょう。生活習慣が違うからです。なんといっても、この二つのどちらも私たちの飲食生活のかけがえのない存在です。",83.0,advanced,17.0,289.0,17.0,0.4498269896193771,21.0,572.0,19.0,21.0,113.0,43.0,2.546,2.05,3.322,3.278,2.408,2.32
27,27,27,CCM41,CHN,中国語,"社会の発展にともなり、食事の種類が徐々に増えてきました。主にファストフードと手作り料理に分かれています。どちらも人気があります。
時間に追われている人にとって、ファストフードのほうが便利です。ファストフードが普通コンビニエンスストアなどに多く置いてあるので、昼飯の時間になり、仕事に忙しい人は近くの店でファストフードを食べることができます。そして、ファストフードを温めれば、二、三分だけかかります。電子レンジで「チン」してすぐ食べられます。しかし、ファストフードの欠点を無視しなければいけません。油や塩の量が多すぎるので、体によくありません。ファストフードばかり食べると、栄養のバランスがとれません。その結果、様々な病気になる可能性が高いです。ファストフードはその点に手作り料理に負けたのかもしれません。
手作り料理は材料は多く使われます。そして、調味料の量を適当に料理の中に入れ、十分に調理します。そのため、ファストフードより手作り料理のほうがずっと美味しいと思われています。しかし、美味しい手作り料理を食べたかったら、かなり長い時間を待つのかもしれません。
要するに、手作り料理であろうとファストフードであろうと、私たちの生活に役に立つということは変わりません。","社会の発展にともなり、食事の種類が徐々に増えてきました。主にファストフードと手作り料理に分かれています。どちらも人気があります。
時間に追われている人にとって、ファストフードのほうが便利です。ファストフードが普通コンビニエンスストアなどに多く置いてあるので、昼飯の時間になり、仕事に忙しい人は近くの店でファストフードを食べることができます。そして、ファストフードを温めれば、二、三分だけかかります。電子レンジで「チン」してすぐ食べられます。しかし、ファストフードの欠点を無視しなければいけません。油や塩の量が多すぎるので、体によくありません。ファストフードばかり食べると、栄養のバランスがとれません。その結果、様々な病気になる可能性が高いです。ファストフードはその点に手作り料理に負けたのかもしれません。
手作り料理は材料は多く使われます。そして、調味料の量を適当に料理の中に入れ、十分に調理します。そのため、ファストフードより手作り料理のほうがずっと美味しいと思われています。しかし、美味しい手作り料理を食べたかったら、かなり長い時間を待つのかもしれません。
要するに、手作り料理であろうとファストフードであろうと、私たちの生活に役に立つということは変わりません。",74.0,intermediate,17.0,252.0,14.823529411764708,0.4761904761904761,26.0,533.0,20.0,21.0,111.0,39.0,2.167,1.747,3.052,2.922,2.173,2.061
28,28,28,CCM42,CHN,中国語,"人にとって食は何より重要です。そして飲食生活は私達が関心を持つことに値する。
私たちの日常生活の中で、よくレストランでファストフードを買って食べたり、部屋で手作り料理をゆっくり味わったりする。それでは、ファストフードと手作り料理はどちらでもよく食べるほうが良いですか。
ファストフードはファストが一番である。生活のリズムがますます加速にしたがって、ファストフードは多いほどの人、特にサラリーマンが大好きのようになっている。でも、いつも外食に頼るのは、体にとってあまり良くない。なぜなら、どうしても油ものや炭水化物が多くなり、野菜の量が不足するからだ。何度も繰り返しているうちに、体に脂肪が蓄積され、肥満になっている。栄養が偏らないよう、メニューには気をつかっているから大丈夫、という人もいるでしょう。それでもやはり問題がある。
それに対して、家族の料理を作り時、多くの時間がかかる。サラリーマンにとって、これは大変である。そして、おいしい料理を作るように、材料を買うだの料理を作るだのいろいろ準備をして面倒である。しかし家族の料理は母親が料理の栄誉バランスを重視するために、体に非常に有益である。部屋で家族がみんな一緒にご飯を食べて自分と他人のことさまざまな問題を話し合う。家族の感情を促進できる。
ファストフードと家族の食事は利点も弊点があるが、自分自身の様子によって選んだほうがいい。","人にとって食は何より重要です。そして飲食生活は私達が関心を持つことに値する。
私たちの日常生活の中で、よくレストランでファストフードを買って食べたり、部屋で手作り料理をゆっくり味わったりする。それでは、ファストフードと手作り料理はどちらでもよく食べるほうが良いですか。
ファストフードはファストが一番である。生活のリズムがますます加速にしたがって、ファストフードは多いほどの人、特にサラリーマンが大好きのようになっている。でも、いつも外食に頼るのは、体にとってあまり良くない。なぜなら、どうしても油ものや炭水化物が多くなり、野菜の量が不足するからだ。何度も繰り返しているうちに、体に脂肪が蓄積され、肥満になっている。栄養が偏らないよう、メニューには気をつかっているから大丈夫、という人もいるでしょう。それでもやはり問題がある。
それに対して、家族の料理を作り時、多くの時間がかかる。サラリーマンにとって、これは大変である。そして、おいしい料理を作るように、材料を買うだの料理を作るだのいろいろ準備をして面倒である。しかし家族の料理は母親が料理の栄誉バランスを重視するために、体に非常に有益である。部屋で家族がみんな一緒にご飯を食べて自分と他人のことさまざまな問題を話し合う。家族の感情を促進できる。
ファストフードと家族の食事は利点も弊点があるが、自分自身の様子によって選んだほうがいい。",65.0,intermediate,18.0,285.0,15.833333333333334,0.4947368421052631,20.0,594.0,18.0,30.0,116.0,59.0,2.714,2.205,3.67,3.569,2.683,2.633
29,29,29,CCM50,CHN,中国語,"現在の若者は、ほとんど料理を作ることができず、外でファーストフートでも一食を済ませる。家庭料理の味が失われつつある時代にいる以上、それぞれのメリットやデメリットを見てよう。
効率や便利さの観点から考えれば、ファーストフートは家庭料理よりいいと言うまでもない。店を見つけて、注文してすぐ出てくるので、仕事のために時間を省ける。手料理を作るには、だいぶ時間がかかる。スーパーにいったり、価格を比較したり、蒸したり炒めたりして、最後には食器を洗わなければならない。誰が皿を洗おうのかも、時々夫婦関係の破綻の原因となっている。
しかし、栄養面からみれば、ファーストフート業界は人々の健康を害しているとも言える。米国ミネソタ大学公衆衛生学科の研究によると、週に二回以上ファーストフードを食べる人は糖尿病と心臓病の罹患率が高いことが明らかだ。それに、ファーストフードの手軽さゆえに肥満のもとにもなりかねないと思われる。たとえばハンバーガー、フライドポテト、コーラのようなセットの場合、なんと4000キロカロリーぐらい（およそ一日の必要なエネルギー半分）を摂ることになってしまう。そのほか、脂肪と塩分の量が多いが、ビタミンやミネラルは不足し、栄養のバランスが悪い。
家庭料理と外食の優劣をつけるには、「家族団欒の雰囲気」という要素を見逃してはいけない。家族そろって食卓を囲んで食事をとりながら楽しい会話をするのは、昔からの理想の家庭像ではないか。人と人との繋がりが希薄な現代、生存の基本といわれる「食事」をもっと重視しなければならないだろうか。","現在の若者は、ほとんど料理を作ることができず、外でファーストフートでも一食を済ませる。家庭料理の味が失われつつある時代にいる以上、それぞれのメリットやデメリットを見てよう。
効率や便利さの観点から考えれば、ファーストフートは家庭料理よりいいと言うまでもない。店を見つけて、注文してすぐ出てくるので、仕事のために時間を省ける。手料理を作るには、だいぶ時間がかかる。スーパーにいったり、価格を比較したり、蒸したり炒めたりして、最後には食器を洗わなければならない。誰が皿を洗おうのかも、時々夫婦関係の破綻の原因となっている。
しかし、栄養面からみれば、ファーストフート業界は人々の健康を害しているとも言える。米国ミネソタ大学公衆衛生学科の研究によると、週に二回以上ファーストフードを食べる人は糖尿病と心臓病の罹患率が高いことが明らかだ。それに、ファーストフードの手軽さゆえに肥満のもとにもなりかねないと思われる。たとえばハンバーガー、フライドポテト、コーラのようなセットの場合、なんと4000キロカロリーぐらい（およそ一日の必要なエネルギー半分）を摂ることになってしまう。そのほか、脂肪と塩分の量が多いが、ビタミンやミネラルは不足し、栄養のバランスが悪い。
家庭料理と外食の優劣をつけるには、「家族団欒の雰囲気」という要素を見逃してはいけない。家族そろって食卓を囲んで食事をとりながら楽しい会話をするのは、",84.0,advanced,15.0,335.0,22.33333333333333,0.5402985074626866,37.0,665.0,33.0,36.0,122.0,69.0,2.319,1.904,3.107,3.039,2.222,2.161
30,30,30,CCM54,CHN,中国語,"社会経済の発展と生活水準の向上につれて、私たちの食生活も豊かになりました。その一つの特徴は外食産業の発達です。昔はずっと家で手料理を食べるのに対して、今はよくファーストフードを食べるようになってきました。手料理とファーストフードはそれぞれに優劣があると私はそう思います。
まず、手料理はもちろん、ファーストフードより体にいいと思います。食材や調味料などは全部自分で買い、その品質は確保できます。油や塩などの量も控えできますから、余分な栄養を摂取するのも避けられます。また、家で家族と一緒にゆっくりご飯を食べるのも、ストレスが高い現代人にとって、一つの解消方法かもしれません。一家団欒の雰囲気は何よりも人の心を癒されるということです。しかし、手料理を作るのは時間がかかりますから、あまり現代人、特に仕事が忙しい若者たちの生活スピートに合わないのも問題です。また、一般人が作られる料理の種類には限りがありますが、ファーストフードは何でもあるという時代になってきました。
ファーストフードはとても便利だったり、種類も多かったり、そして値段もあまり高くなかったりして、今は、特に若者の中に大変な人気があります。しかし、食材や調理方法が不透明な場合も多ければ、カロリーが高くて肥満な状況を起こすこともあります。ファーストフードの消費量が多い欧米国を見ればすぐ分かるんでしょう。
要するに、手料理とファーストフードはそれぞれ優劣があるとしても、私はできるだけファーストフードを食べないようにするほうがいいと思います。","社会経済の発展と生活水準の向上につれて、私たちの食生活も豊かになりました。その一つの特徴は外食産業の発達です。昔はずっと家で手料理を食べるのに対して、今はよくファーストフードを食べるようになってきました。手料理とファーストフードはそれぞれに優劣があると私はそう思います。
まず、手料理はもちろん、ファーストフードより体にいいと思います。食材や調味料などは全部自分で買い、その品質は確保できます。油や塩などの量も控えできますから、余分な栄養を摂取するのも避けられます。また、家で家族と一緒にゆっくりご飯を食べるのも、ストレスが高い現代人にとって、一つの解消方法かもしれません。一家団欒の雰囲気は何よりも人の心を癒されるということです。しかし、手料理を作るのは時間がかかりますから、あまり現代人、特に仕事が忙しい若者たちの生活スピートに合わないのも問題です。また、一般人が作られる料理の種類には限りがありますが、ファーストフードは何でもあるという時代になってきました。
ファーストフードはとても便利だったり、種類も多かったり、そして値段もあまり高くなかったりして、今は、特に若者の中に大変な人気があります。しかし、食材や調理方法が不透明な場合も多ければ、カロリーが高くて肥満な状況を起こすこともあります。ファーストフードの消費量が多い欧米国を見ればすぐ分かるんでしょう。
要するに、手料理とファーストフー",83.0,advanced,15.0,327.0,21.8,0.4464831804281345,20.0,652.0,26.0,35.0,129.0,57.0,2.467,1.856,3.096,3.05,2.272,2.167
31,31,31,CCS09,CHN,中国語,"現代人の生活ペースはますます速くなっているようです。みんなが毎日忙しそうで、ゆっくり食事をする時間さえもありません。それで、時間を最大限に生かすために、ファストフードにする人は増えていますが。家へ帰って、家族と一緒に食卓の前でお母さんや奥さんの作った料理を食べる場面はますます減っているようです。
ファストフードのメリットについては、二つだと思います。一つはかかる時間が短いことです。二つは選択肢が多くて、さまざまなものが食べられることです。それに対しては、手作り料理は作るのが面倒くさくて、時間があまりないサラリーマンにとっては一番いい選択ではないかもしれません。しかし、もしファストフードを長く食べて続けたら、健康的にも経済的にも負担になるのでしょう。それと比べると、手作り料理はコストも低いし、自分で食材を用意して作った料理なので、体にもいいです。
私としては、手作り料理のほうが、現代人に一番いいものだと思います。たとえ食事する時間がなくても、自分の体のためにも、経済的面から見ても、なるべく自分で料理を作るほうがいいと思います。","現代人の生活ペースはますます速くなっているようです。みんなが毎日忙しそうで、ゆっくり食事をする時間さえもありません。それで、時間を最大限に生かすために、ファストフードにする人は増えていますが。家へ帰って、家族と一緒に食卓の前でお母さんや奥さんの作った料理を食べる場面はますます減っているようです。
ファストフードのメリットについては、二つだと思います。一つはかかる時間が短いことです。二つは選択肢が多くて、さまざまなものが食べられることです。それに対しては、手作り料理は作るのが面倒くさくて、時間があまりないサラリーマンにとっては一番いい選択ではないかもしれません。しかし、もしファストフードを長く食べて続けたら、健康的にも経済的にも負担になるのでしょう。それと比べると、手作り料理はコストも低いし、自分で食材を用意して作った料理なので、体にもいいです。
私としては、手作り料理のほうが、現代人に一番いいものだと思います。たとえ食事する時間がなくても、自分の体のためにも、経済的面から見ても、なるべく自分で料理を作るほうがいいと思います。",83.0,advanced,12.0,239.0,19.916666666666668,0.4435146443514644,16.0,469.0,12.0,15.0,108.0,38.0,2.273,1.841,3.332,3.214,2.121,2.08
32,32,32,CCS13,CHN,中国語,"あなたは「外食派」あるいは「自炊派」ですか？
「食事」というのは私たちの日常生活に欠けないことです。時々は外で一食を済ませています。また、家で料理を作っています。それぞれによって、利点と欠点があります。
外食は私たち学生あるいはサラリーマンにとって、一番便利な食事方法だとされています。そして、料理を作る時間を省けますし、選択もいっぱいありますので、毎日違う料理を味わうことができます。しかし、いつも外食すると、健康によくない。外食の料理は油が多すぎて、太りやすいです。また、栄養不均衡の恐れもあります。
一方、自家で料理を作るのは少し手間をかかるんですが、もっと健康的に食べられます。そして、普段、あまり料理を作っていない人に対しても、自分で料理を作るのは一つのチャレンジだと思っています。自分で料理を作るのを通じて、成就感を達成するほか、そのおもむきも楽しめます。しかし、一人暮らしの人に対して、一人分のものは買いにくいで、自炊はちょっと不便だと思います。
私は勉強するため寮に住んでいます。私はよく外食で食べていますし、ファーストフードも好きなのでときどきも食べています。しかし私のようによく外食を食べると、体重は抑えられないでしょう。最近も自分で料理を作り始めようと思います。
だが、バランスをよく取れて、外食でも自炊のように健康的に食べられます。外食にしろ自炊にしろ、私たちの食事生活をもっと楽しめたいと思っています。","あなたは「外食派」あるいは「自炊派」ですか？
「食事」というのは私たちの日常生活に欠けないことです。時々は外で一食を済ませています。また、家で料理を作っています。それぞれによって、利点と欠点があります。
外食は私たち学生あるいはサラリーマンにとって、一番便利な食事方法だとされています。そして、料理を作る時間を省けますし、選択もいっぱいありますので、毎日違う料理を味わうことができます。しかし、いつも外食すると、健康によくない。外食の料理は油が多すぎて、太りやすいです。また、栄養不均衡の恐れもあります。
一方、自家で料理を作るのは少し手間をかかるんですが、もっと健康的に食べられます。そして、普段、あまり料理を作っていない人に対しても、自分で料理を作るのは一つのチャレンジだと思っています。自分で料理を作るのを通じて、成就感を達成するほか、そのおもむきも楽しめます。しかし、一人暮らしの人に対して、一人分のものは買いにくいで、自炊はちょっと不便だと思います。
私は勉強するため寮に住んでいます。私はよく外食で食べていますし、ファーストフードも好きなのでときどきも食べています。しかし私のようによく外食を食べると、体重は抑えられないでしょう。最近も自分で料理を作り始めようと思います。
だが、バランスをよく取れて、外食でも自炊のように健康的に食べられます。外食にしろ自炊にしろ、私たちの食事生活をもっ",75.0,intermediate,20.0,316.0,15.8,0.3987341772151899,24.0,614.0,25.0,21.0,132.0,60.0,2.695,2.076,3.438,3.307,2.523,2.424
33,33,33,CCS21,CHN,中国語,"現在、私たちの生活のペースの変えにつれて、飲食の生活も昔とちょっと違うと思う。
ファストフードは早くて、安くて、そして便利なものです。ファストフードの一番の代表といえば、ハンバーガーであるが、高カロリーで脂肪が多く決して健康的な食べ物とはいえない。ファーストフードにも一応野菜は入っているが殆ど肉とパンが主体である。また、ハンバーガーと一緒にポテトやドリンクなどを注文することが多いのであるが、これらを一緒に食べたり飲んだりしたらますます栄養が偏る。
ハンバーガーだけではなく、簡単にとれる食事といえばコンビニ弁当もある。コンビニ弁当も肉や加工食品が中心のため、これも決して健康的な食べ物といえるものではない。
さらに、美味しくするために味付けも濃く、これらを食べ慣れていると薄味が物足りなくなってくるものである。
それに対して、自炊がいいと思う。
自分が食材を選択できると思う。例えば、大豆である。大豆には、タンパク質、脂質をはじめ、ビタミン、ミネラル、食物繊維など栄養機能性が高く、女性ホルモンであるエストロゲンと同様の働きをする大豆イソフラボン、脂肪の吸収を抑える大豆サポニンなども含まれている。
煮豆、豆腐、納豆、油揚げ、味噌、醤油など、どれも基本的な和食メニューに使われています。決して健康食とはいえないファーストフードよりも、生活習慣病の予防のためにも積極的にこれらの食材を取り入れるといいでしょう。","現在、私たちの生活のペースの変えにつれて、飲食の生活も昔とちょっと違うと思う。
ファストフードは早くて、安くて、そして便利なものです。ファストフードの一番の代表といえば、ハンバーガーであるが、高カロリーで脂肪が多く決して健康的な食べ物とはいえない。ファーストフードにも一応野菜は入っているが殆ど肉とパンが主体である。また、ハンバーガーと一緒にポテトやドリンクなどを注文することが多いのであるが、これらを一緒に食べたり飲んだりしたらますます栄養が偏る。
ハンバーガーだけではなく、簡単にとれる食事といえばコンビニ弁当もある。コンビニ弁当も肉や加工食品が中心のため、これも決して健康的な食べ物といえるものではない。
さらに、美味しくするために味付けも濃く、これらを食べ慣れていると薄味が物足りなくなってくるものである。
それに対して、自炊がいいと思う。
自分が食材を選択できると思う。例えば、大豆である。大豆には、タンパク質、脂質をはじめ、ビタミン、ミネラル、食物繊維など栄養機能性が高く、女性ホルモンであるエストロゲンと同様の働きをする大豆イソフラボン、脂肪の吸収を抑える大豆サポニンなども含まれている。
煮豆、豆腐、納豆、油揚げ、味噌、醤油など、どれも基本的な和食メニューに使われています。決して健康食とはいえないファーストフードよりも、生活習慣病の予防のためにも積極的にこれらの食材を取り入れるとい",55.0,beginner,14.0,291.0,20.785714285714285,0.4982817869415807,23.0,606.0,22.0,35.0,119.0,55.0,2.076,1.693,2.972,2.886,2.179,2.099
34,34,34,CCS30,CHN,中国語,"食事生活というのは難しい問題だと思う。どうして難しいとは、おいしさ、健康、時間とお金のバランスを取るの大問題だ。
まずはこの2つのいい点と悪い点だ。ファストフードは簡単、便利の特徴で、何もしたくないの人と急いでいる人にのいい選択だ。しかし、健康方面にはよくないの点、みんなもしているはずだ。比べると自分で作るのはより健康だが、時間はかかる。ところで、今の時代に自分で作るのは全部健康とはいえないだろう。新聞もよくあるの残留農薬などの記事で、不健康の食材はどうやら体にいい料理を作られるか。この点については外でも、家でも同じだと思う。（高い有機野菜を買うのもいいだが）
まだ、ファストフードを食べるのも経済的にいい刺激になると思う。食材を買い、店に送るとは物流が必要で、店の掃除などの仕事に人力は不可欠で、いろいろなところから見るどちらも好影響と見られると思う。ここの点には諸金かどうかと同じ問題だと思う。
どう選ぶのは個人自由なので、上のは私的な考え方だけだが、家の母はいつも面倒くさいのものは外で食べると言っている。迷う方なら、この方法もよいではないか。（しかし、家の母上は単なるの揚げ物も面倒くさいと思うだけだ）","食事生活というのは難しい問題だと思う。どうして難しいとは、おいしさ、健康、時間とお金のバランスを取るの大問題だ。
まずはこの2つのいい点と悪い点だ。ファストフードは簡単、便利の特徴で、何もしたくないの人と急いでいる人にのいい選択だ。しかし、健康方面にはよくないの点、みんなもしているはずだ。比べると自分で作るのはより健康だが、時間はかかる。ところで、今の時代に自分で作るのは全部健康とはいえないだろう。新聞もよくあるの残留農薬などの記事で、不健康の食材はどうやら体にいい料理を作られるか。この点については外でも、家でも同じだと思う。（高い有機野菜を買うのもいいだが）
まだ、ファストフードを食べるのも経済的にいい刺激になると思う。食材を買い、店に送るとは物流が必要で、店の掃除などの仕事に人力は不可欠で、いろいろなところから見るどちらも好影響と見られると思う。ここの点には諸金かどうかと同じ問題だと思う。
どう選ぶのは個人自由なので、上のは私的な考え方だけだが、家の母はいつも面倒くさいのものは外で食べると言っている。迷う方なら、この方法もよいではないか。（しかし、家の母上は単なるの揚げ物も面倒くさいと思うだけだ）",73.0,intermediate,14.0,282.0,20.142857142857142,0.4468085106382978,21.0,508.0,25.0,13.0,116.0,51.0,3.605,3.06,4.445,4.411,3.449,3.384
35,35,35,CCS39,CHN,中国語,"長い間、私は母の手料理を食べてきました。しかし、大学生になって、家を離れてから、毎日外食している生活を行い始めました。多分家を離れて暮らしている人は大体同じような生活を送っているのでしょう。
外食の中で一番便利なのはファーストフードに違いありません。早くて美味しいので、子供たちにも人気があるし、ファーストフードをご褒美として子供にやる親もたくさんいます。友達とどこかでお喋りしたい時、快適でどこにもあるファーストフード店で何かを頼んで楽しい時間を過す人も決して少ないとは言えません。しかし、ファーストフードはこんなに便利で皆に愛されているとしても、人体には悪いです。フレンチフライだのフライドチキンだの、ファーストフード店でよく見かけるこれらは大体大量の油を使った揚げ物なので、あまり食べないほうがいいです。もし食べすぎたら、高血圧や高コレステロール血症患者になる可能性があるので、注意しなければなりません。
一方、手料理は自分で量や作り方を調整できるし、材料を完全に把握できるので、ファーストフードもしや全ての外食より健康だと言えるでしょう。また、自分の好みの味も作れるので、手料理を食べる時は私にとってとても幸せな時間で、できれば外食せず手料理をずっと食べたいです。しかし、手料理を作るのは時間がかかるので、社会人や学生にとって、毎日作るのは大変なんでしょう。
私はどちらかというと手料理派なんですが、時間と場所が限られて毎日外食しなければなりません。恐らく私のような人も多いのでしょう。手料理のほうが健康だと知られていますが、残念ながらこの時間が貴重な世界に生きるのは便利で早いファーストフードを取るのは今の成り行きなのでしょう。","長い間、私は母の手料理を食べてきました。しかし、大学生になって、家を離れてから、毎日外食している生活を行い始めました。多分家を離れて暮らしている人は大体同じような生活を送っているのでしょう。
外食の中で一番便利なのはファーストフードに違いありません。早くて美味しいので、子供たちにも人気があるし、ファーストフードをご褒美として子供にやる親もたくさんいます。友達とどこかでお喋りしたい時、快適でどこにもあるファーストフード店で何かを頼んで楽しい時間を過す人も決して少ないとは言えません。しかし、ファーストフードはこんなに便利で皆に愛されているとしても、人体には悪いです。フレンチフライだのフライドチキンだの、ファーストフード店でよく見かけるこれらは大体大量の油を使った揚げ物なので、あまり食べないほうがいいです。もし食べすぎたら、高血圧や高コレステロール血症患者になる可能性があるので、注意しなければなりません。
一方、手料理は自分で量や作り方を調整できるし、材料を完全に把握できるので、ファーストフードもしや全ての外食より健康だと言えるでしょう。また、自分の好みの味も作れるので、手料理を食べる時は私にとってとても幸せな時間で、できれば外食せず手料理をずっと食べたいです。しかし、手料理を作るのは時間がかかるので、社会人や学生にとって、毎日作るのは大変なんでしょう。
私はどちらかというと手料理派なん",86.0,advanced,15.0,378.0,25.2,0.4126984126984127,29.0,719.0,22.0,31.0,144.0,55.0,2.362,1.909,3.097,3.112,2.363,2.236
36,36,36,CCS40,CHN,中国語,"台湾では、「外食族」と呼ばれる人が非常に多い。特に一人暮らしの人は殆ど料理を作らない。日本の友達に聞いてみたところ、日本人は節約のために自分で料理を作るそうだ。私の知っている限り、節約のために毎日自分で料理を作る台湾人はなかなかいない。
手作り料理より、ファーストフードやインスタント食品のような食べ物のほうが便利だ。それに、台湾はお弁当屋や夜市がたくさんあって、値段も安い。仕事帰りにお店に寄って、好きな食べ物を選んでお金を払って、これで飯を済ませる。仕事が忙しくて自分で料理を作る時間がない、もしくは家族に晩ご飯用意できない人はたくさんいる。そういった人のために、ファーストフードなどの外食は流行っている。しかし、外食ばかりだと栄養のバランスを考えた食事を摂ることが難しい。栄養不良に陥る可能性が高い。最近、許可のない食品添加物を添加した食品についてのニュースが相次いでいる。外食は便利だが、食品の中に一体何が入っているか、消費者は把握できない。毎日食べると体を壊す可能性がある。
一方、手作り料理は時間がかかるが、市場へ行って新鮮な野菜や肉を選んで、自分にとって栄養バランスのよい料理を作ることができるので、安心で食べられる。新しい料理にチャレンジするのも楽しいことだと思う。なにより、愛情を込めて作られた料理に勝てるものはない。忙しくて料理を作る余裕が無い人は多いと思うが、毎日外食ばかり食べるより、せめて週に２、３回ぐらいしっかり栄養バランスを考えて料理を作ったほうが、体に良いと思う。","台湾では、「外食族」と呼ばれる人が非常に多い。特に一人暮らしの人は殆ど料理を作らない。日本の友達に聞いてみたところ、日本人は節約のために自分で料理を作るそうだ。私の知っている限り、節約のために毎日自分で料理を作る台湾人はなかなかいない。
手作り料理より、ファーストフードやインスタント食品のような食べ物のほうが便利だ。それに、台湾はお弁当屋や夜市がたくさんあって、値段も安い。仕事帰りにお店に寄って、好きな食べ物を選んでお金を払って、これで飯を済ませる。仕事が忙しくて自分で料理を作る時間がない、もしくは家族に晩ご飯用意できない人はたくさんいる。そういった人のために、ファーストフードなどの外食は流行っている。しかし、外食ばかりだと栄養のバランスを考えた食事を摂ることが難しい。栄養不良に陥る可能性が高い。最近、許可のない食品添加物を添加した食品についてのニュースが相次いでいる。外食は便利だが、食品の中に一体何が入っているか、消費者は把握できない。毎日食べると体を壊す可能性がある。
一方、手作り料理は時間がかかるが、市場へ行って新鮮な野菜や肉を選んで、自分にとって栄養バランスのよい料理を作ることができるので、安心で食べられる。新しい料理にチャレンジするのも楽しいことだと思う。なにより、愛情を込めて作られた料理に勝てるものはない。忙しくて料理を作る余裕が無い人は多いと思うが、毎日外食ばかり食べ",84.0,advanced,18.0,344.0,19.11111111111111,0.4302325581395348,28.0,648.0,25.0,25.0,146.0,70.0,2.232,1.807,2.793,2.753,2.27,2.152
37,37,37,CCS41,CHN,中国語,"一日一番楽しいときはごはんを食べる時間だ。いつも今日何を食べるかと思って、ついに腹も減った。毎日お母さんの料理を期待している。現代の社会はどんどん豊かになって、食生活も昔よりもっと選択があるそうだ。自炊より、外食をする人も大幅増となっていた。いろいろな異国料理も増えてきた。その中に、現代人の生活習慣が変えてきて、食事の習慣も大きな変化が現れた。忙しい生活に応じるのはファストフードだ。時間が迫られる人に対して一番便利だと思う。
ある雑誌の調査によると、95％以上の人は暇がないときや料理したくない日ファストフードを選んだことがある。ファストフードはとても便利だと思う。自分の好みによって好きなセットを選んで、何分を待つだけでハンバーガーやチキンを食べられる。ただし、一般的にいうと、ファストフードはカロリが高いし、健康に対する不健康だと言われた。
最近食の安全性が問わられる事件が何件起こったので、外食より、多くの人も自分で自炊することを始めたということがある。自宅で料理するをことは、費用が安いし、外食と比べると、衛生的に安心だ。でも、やっぱり不便だ。そして、キッチンの片付けも面倒くさいだ。
私もよく時間がない場合はファストフードに食べる。でもできるだけ、家の料理を食べる。自分の気分によって、好きな料理を食べることもいいじゃないだろう。食事は人生の中に一番欠かせない一環だと思う。実は何でもいい、ちゃんとご飯を食べたら、明日もう一歩を踏む力がある。","一日一番楽しいときはごはんを食べる時間だ。いつも今日何を食べるかと思って、ついに腹も減った。毎日お母さんの料理を期待している。現代の社会はどんどん豊かになって、食生活も昔よりもっと選択があるそうだ。自炊より、外食をする人も大幅増となっていた。いろいろな異国料理も増えてきた。その中に、現代人の生活習慣が変えてきて、食事の習慣も大きな変化が現れた。忙しい生活に応じるのはファストフードだ。時間が迫られる人に対して一番便利だと思う。
ある雑誌の調査によると、95％以上の人は暇がないときや料理したくない日ファストフードを選んだことがある。ファストフードはとても便利だと思う。自分の好みによって好きなセットを選んで、何分を待つだけでハンバーガーやチキンを食べられる。ただし、一般的にいうと、ファストフードはカロリが高いし、健康に対する不健康だと言われた。
最近食の安全性が問わられる事件が何件起こったので、外食より、多くの人も自分で自炊することを始めたということがある。自宅で料理するをことは、費用が安いし、外食と比べると、衛生的に安心だ。でも、やっぱり不便だ。そして、キッチンの片付けも面倒くさいだ。
私もよく時間がない場合はファストフードに食べる。でもできるだけ、家の料理を食べる。自分の気分によって、好きな料理を食べることもいいじゃないだろう。食事は人生の中に一番欠かせない一環だと思う。実は何でもい",70.0,intermediate,22.0,326.0,14.818181818181818,0.4631901840490797,28.0,628.0,29.0,26.0,144.0,63.0,2.902,2.382,3.714,3.648,2.884,2.761
38,38,38,CCS49,CHN,中国語,"現代社会は昔より生活のスペースはもっと速いです。一秒でも無駄になりたくない社会だと言って過言ではありません。ですから、ゆっくりとする手作り料理と比べ、現代人はより速いファーストフードが好きです。しかし、それは本当にいいだろうかと私は考えています。私はファーストフードより、手作り料理のほうが好きです。健康に非常にいいですから。
今、台湾では「外食族」という言葉はもう珍しくないです。外食族とは家ではなく、よく外での食べ物を買って食べた人です。特にはファーストフードなど栄養のないものを食べた人です。栄養と健康を捨て、ただ速さと便利さを求めているのはあまりよくないと思います。
それに、ある調査によると、ファーストフードにはたくさん健康に悪い物質があるそうです。多くの人はいつもファーストフードを食べ、体調は悪くなります。そして、その人たちはある有名なファーストフード業者に訴え、勝利を手にいりました。しかし、たとえ勝ちでも、もう元の体調に戻りません。
そのような窮地に陥らないため、今から自分で料理を作ったほうがいいと思います。時間をかかりますが、せめて健康にいいことです。それに自分で食材を選び、調味料を入れるのは面白いことではないでしょうか。","現代社会は昔より生活のスペースはもっと速いです。一秒でも無駄になりたくない社会だと言って過言ではありません。ですから、ゆっくりとする手作り料理と比べ、現代人はより速いファーストフードが好きです。しかし、それは本当にいいだろうかと私は考えています。私はファーストフードより、手作り料理のほうが好きです。健康に非常にいいですから。
今、台湾では「外食族」という言葉はもう珍しくないです。外食族とは家ではなく、よく外での食べ物を買って食べた人です。特にはファーストフードなど栄養のないものを食べた人です。栄養と健康を捨て、ただ速さと便利さを求めているのはあまりよくないと思います。
それに、ある調査によると、ファーストフードにはたくさん健康に悪い物質があるそうです。多くの人はいつもファーストフードを食べ、体調は悪くなります。そして、その人たちはある有名なファーストフード業者に訴え、勝利を手にいりました。しかし、たとえ勝ちでも、もう元の体調に戻りません。
そのような窮地に陥らないため、今から自分で料理を作ったほうがいいと思います。時間をかかりますが、せめて健康にいいことです。それに自分で食材を選び、調味料を入れるのは面白いことではないでしょうか。",78.0,intermediate,17.0,274.0,16.11764705882353,0.4343065693430657,21.0,523.0,22.0,20.0,129.0,35.0,2.667,2.145,3.411,3.374,2.551,2.467
39,39,39,CCS52,CHN,中国語,"台湾では、両親とも仕事している家庭が多くの幅をしめている。仕事から帰ったあとすぐ晩ご飯の支度をしなければならないのはさすがに疲れるため、家で料理を作らなくなる家庭も多くなっている。
この学期、学校でマクドナルドの新しい店が開いていたばかりの時、「学校でファストフードなど健康に悪いものを販売できるの、私は絶対買わない！」と言った。しかし、別の店の長い列を見て、早く昼ごはんを買って教室に行こうという考え方が心をそそられ、ついにマクドナルドを買ってしまうことがよくある。
ファストフードは健康によいものがひとつもないと知っているが、時間に余裕のない人にとっては、速やかに手に入れ、食事も短い時間内で済める。本当に便利だ。ただし、いくら便利だとしても健康に悪いのは変わらない事実だ。そのため、ファストフードを食べる回数をなるべく抑えるべきだ。
大学の二年生から三年生までの間、通学時間を減るために学校の寮に住んでいた。二週間に一回実家に帰ったとき、母はいつもおいしくて健康にいい料理を沢山作ってくれた。そのとき、母の手料理は世界一番おいしいものだと思った。
家で料理を作るのは時間と精神がかかるし、後始末も面倒くさい。効率を考えば外で食事する方が便利で、健康とバランスに配慮すればそれなりの店もある。しかし、家族への愛情や思いやりは家でしか作らないものだ。したがって、家で料理するのは替えれないものだ。","台湾では、両親とも仕事している家庭が多くの幅をしめている。仕事から帰ったあとすぐ晩ご飯の支度をしなければならないのはさすがに疲れるため、家で料理を作らなくなる家庭も多くなっている。
この学期、学校でマクドナルドの新しい店が開いていたばかりの時、「学校でファストフードなど健康に悪いものを販売できるの、私は絶対買わない！」と言った。しかし、別の店の長い列を見て、早く昼ごはんを買って教室に行こうという考え方が心をそそられ、ついにマクドナルドを買ってしまうことがよくある。
ファストフードは健康によいものがひとつもないと知っているが、時間に余裕のない人にとっては、速やかに手に入れ、食事も短い時間内で済める。本当に便利だ。ただし、いくら便利だとしても健康に悪いのは変わらない事実だ。そのため、ファストフードを食べる回数をなるべく抑えるべきだ。
大学の二年生から三年生までの間、通学時間を減るために学校の寮に住んでいた。二週間に一回実家に帰ったとき、母はいつもおいしくて健康にいい料理を沢山作ってくれた。そのとき、母の手料理は世界一番おいしいものだと思った。
家で料理を作るのは時間と精神がかかるし、後始末も面倒くさい。効率を考えば外で食事する方が便利で、健康とバランスに配慮すればそれなりの店もある。しかし、家族への愛情や思いやりは家でしか作らないものだ。したがって、家で料理するのは替えれないものだ。",83.0,advanced,16.0,321.0,20.0625,0.4735202492211838,30.0,599.0,24.0,17.0,141.0,58.0,2.778,2.248,3.338,3.267,2.677,2.528
40,40,40,CCS53,CHN,中国語,"生活が忙しくなった現代、自炊より、外食する人がどんどん増えてきた。
外食は便利だ。レストランや、ファストフード店など、町中のどこでも見られる。和食から、中華料理や、洋食まで、種類もたくさんある。お腹が空いたら、好きな店に行って、食べたいものを注文してお金を払うと、すぐにおいしい料理が出される。でも、自炊より、外食の方は油分も塩分も糖分もカロリーも高いので、気をつけなければ、過剰摂取になってしまう。それに、自ら作った料理でない限り、どんな食材、調味料が入っているのかは知る由もない。もし悪いものを食べてしまったら、健康に悪影響を与えるかもしれない。
一方、自炊は自分で食材を選べる上に、調味料も自分次第で調節可能なので、料理のクオリティーを自分でコントロールすることができる。外食よりずっと健康的だ。とは言え、自分で料理することは現代人にとって、決して便利とは言えない。食材の購入、下処理から、食事後の食器洗いまで、どの手順も面倒で時間がかかる。
外食より、自炊のほうが好きだ。でも、完全自炊は難しい。だんだん忙しくなる私たちの生活に外食はもう避けられなくなった。そんな私たちに出来るのは、外食料理の選び方を学ぶことだ。経験を積んで、体に悪い料理を見極めて避けることだ。そして、時間的な余裕を持てば、出来るだけ自炊することだ。外食と自炊のバランスとうまく取れば、健康的な飲食生活も夢ではないだろう。","生活が忙しくなった現代、自炊より、外食する人がどんどん増えてきた。
外食は便利だ。レストランや、ファストフード店など、町中のどこでも見られる。和食から、中華料理や、洋食まで、種類もたくさんある。お腹が空いたら、好きな店に行って、食べたいものを注文してお金を払うと、すぐにおいしい料理が出される。でも、自炊より、外食の方は油分も塩分も糖分もカロリーも高いので、気をつけなければ、過剰摂取になってしまう。それに、自ら作った料理でない限り、どんな食材、調味料が入っているのかは知る由もない。もし悪いものを食べてしまったら、健康に悪影響を与えるかもしれない。
一方、自炊は自分で食材を選べる上に、調味料も自分次第で調節可能なので、料理のクオリティーを自分でコントロールすることができる。外食よりずっと健康的だ。とは言え、自分で料理することは現代人にとって、決して便利とは言えない。食材の購入、下処理から、食事後の食器洗いまで、どの手順も面倒で時間がかかる。
外食より、自炊のほうが好きだ。でも、完全自炊は難しい。だんだん忙しくなる私たちの生活に外食はもう避けられなくなった。そんな私たちに出来るのは、外食料理の選び方を学ぶことだ。経験を積んで、体に悪い料理を見極めて避けることだ。そして、時間的な余裕を持てば、出来るだけ自炊することだ。外食と自炊のバランスとうまく取れば、健康的な飲食生活も夢ではないだろう。",84.0,advanced,19.0,306.0,16.105263157894736,0.4705882352941176,32.0,600.0,30.0,38.0,127.0,71.0,2.342,1.778,2.923,2.86,2.236,2.118
41,41,41,CCS54,CHN,中国語,"人間の生活は、この百年の内に大きな変化してきた。科学の進歩によって、情報の伝達・交換する速さは飛躍的に向上している。それとともに、現代人の生活のペースも早くなっていく。特に食生活はそんなペースに合えるように、新しい食文化を生み出された。それは「ファストフード」だ。
世界各地にはそれぞれ速やかにできる料理があるが、一般的にファストフードというのは、アメリカ式のファストフードだ。マクドナルドをはじめとして、ファストフード産業は世界中に広まっている。今頃、どこまでもそれらの店舗が見られる。そもそもよく外食する人にとっては便利で、最近２４時間営業する店舗が増えてきて、夜食したい人にも優しい。それに、おいしいもので、子供も大人も大人気だ。
と言っても、ファストフードはあくまでも健康には悪い食べ物ばかりだ。そして、速さを求めるだけで、食事をとる時の楽しさは、手料理と比べれば、全くないではないか。自分で作った料理を食べて、味わうことは十分達成感があると思われる。家族と一緒に食事する場合において、親が作った手料理を食べる瞬間に、家族との繋がりも感じられる。
自分はこのような新しい食文化を完全に否定するわけではないが、食事することは人間にとっては大事なことだから、慎重に考えなければならないと思う。将来、より健康的な、新しいファストフードの調理法が出てくるかもしれない。私はその日を楽しんでいる。","人間の生活は、この百年の内に大きな変化してきた。科学の進歩によって、情報の伝達・交換する速さは飛躍的に向上している。それとともに、現代人の生活のペースも早くなっていく。特に食生活はそんなペースに合えるように、新しい食文化を生み出された。それは「ファストフード」だ。
世界各地にはそれぞれ速やかにできる料理があるが、一般的にファストフードというのは、アメリカ式のファストフードだ。マクドナルドをはじめとして、ファストフード産業は世界中に広まっている。今頃、どこまでもそれらの店舗が見られる。そもそもよく外食する人にとっては便利で、最近２４時間営業する店舗が増えてきて、夜食したい人にも優しい。それに、おいしいもので、子供も大人も大人気だ。
と言っても、ファストフードはあくまでも健康には悪い食べ物ばかりだ。そして、速さを求めるだけで、食事をとる時の楽しさは、手料理と比べれば、全くないではないか。自分で作った料理を食べて、味わうことは十分達成感があると思われる。家族と一緒に食事する場合において、親が作った手料理を食べる瞬間に、家族との繋がりも感じられる。
自分はこのような新しい食文化を完全に否定するわけではないが、食事することは人間にとっては大事なことだから、慎重に考えなければならないと思う。将来、より健康的な、新しいファストフードの調理法が出てくるかもしれない。私はその日を楽しんでいる。",78.0,intermediate,17.0,299.0,17.58823529411765,0.4983277591973244,27.0,597.0,22.0,30.0,123.0,57.0,2.573,2.138,3.351,3.351,2.414,2.341
42,42,42,CCS55,CHN,中国語,"街中で増殖つつけているMのマーク、それがいまや普及しているファーストフード文化のシンポルの一つである。注文して五分も待たずに出来上がる、ファーストフードは待ち時間の短さと食べやすさを利点として、短時間で食事を済ませたい人にとっては便利でしょう。しかしその二点を達成するよう、取り入れられる食材も勿論限られていることになる。栄養のバリエーションは少なく、さらに揚げ物も多いということで、「ファーストフード」イコール「早い」しかし「健康によくない」のが一般的な印象だ。
一方、家庭料理はといえど、いわゆる「お袋の味」が思い出される。家庭の大人が台所に立って、子供のために腕を振る。この絵図は子どもにとって「愛されている」と実感する記憶の一つだ。そんな温かい料理を食べて、お腹と心が満たされる。全部自分の手で作ったので、栄養成分も食材の安全もコントロールできる。しかしそれでも家のキッチンも使われる頻度が落ちているのは、手作りで必ずともいえるその手間が省略できないからだ。時間との戦いに生きているような現代人にとって、面倒くさがる気持ちもよくわかる。
しかし食事というのは、長い人類の歴史の中においては摂食だけが目的であることではない。人と人が食卓で向き合って、その時間を大切にするのが目的とも言えるでしょう。料理を一口一口よく噛み砕いて、旨さとともにそのひと時を噛みしめる、それこそ食事の本当の意味だ。今や忙しい生活の中で、そんな時間はもっとも削られている時間となりつつあるが、どんどんスピードが上がっている生活で、「いい食事をする」という任務に軽い気持ちで挑戦してみるのはどうでしょうか。","街中で増殖つつけているMのマーク、それがいまや普及しているファーストフード文化のシンポルの一つである。注文して五分も待たずに出来上がる、ファーストフードは待ち時間の短さと食べやすさを利点として、短時間で食事を済ませたい人にとっては便利でしょう。しかしその二点を達成するよう、取り入れられる食材も勿論限られていることになる。栄養のバリエーションは少なく、さらに揚げ物も多いということで、「ファーストフード」イコール「早い」しかし「健康によくない」のが一般的な印象だ。
一方、家庭料理はといえど、いわゆる「お袋の味」が思い出される。家庭の大人が台所に立って、子供のために腕を振る。この絵図は子どもにとって「愛されている」と実感する記憶の一つだ。そんな温かい料理を食べて、お腹と心が満たされる。全部自分の手で作ったので、栄養成分も食材の安全もコントロールできる。しかしそれでも家のキッチンも使われる頻度が落ちているのは、手作りで必ずともいえるその手間が省略できないからだ。時間との戦いに生きているような現代人にとって、面倒くさがる気持ちもよくわかる。
しかし食事というのは、長い人類の歴史の中においては摂食だけが目的であることではない。人と人が食卓で向き合って、その時間を大切にするのが目的とも言えるでしょう。料理を一口一口よく噛み砕いて、旨さとともにそのひと時を噛みしめる、それこそ食事の本当の意味だ。今",86.0,advanced,15.0,352.0,23.466666666666665,0.5,35.0,693.0,21.0,31.0,149.0,57.0,2.835,2.339,3.676,3.648,2.91,2.81
43,43,43,CCS56,CHN,中国語,"21世紀の現在、マクドナルド、KFCやモスバーガーなど、いわゆるファーストフードが世界に進出している。台湾にもこのような現象がある。何かめでたいことがあったら、マクドナルドでも食べようというのは、数十年前の台湾の田舎。今だったら、ねえねえ、今日マクドナルド食べに行かない？というのはすでに常態。
私は18歳の時、実家の彰化市を離れ、台北の大学に行った。一人暮らしで、住んでいるところにも台所がないので、外で食事を済まなければならない。とは言え、栄養バランスの取れた食事をするために、ファーストレストランに行くのはあまり多くないのである。ファーストフードを食べるのは本当に時間がない時と、それを間食としてしか食べていない。たぶんファーストフードのメリットこの便利さとおいしさだと言えるだろう。
うちの母は自分の料理に自慢なので、そのおかげで、私は大学に行く前に、毎日家に帰ると、栄養でおいしい料理が食べられる。大学に行った後、いつも母の作った料理を食べたくて食べたくてしょうがないのである。幸いなのは、自分はあまり偏食する人ではないから、外食でも無事に三年余り経った。私にとって、外食で一番苦しいのは、あれはあんまり食べたくないのに、ほかの選択肢もないし、栄養バランスのため、食べるしかないんだということである。家でならば何も考える必要がない、ただ食べるだけでおいしさと栄養、両方がもらえる。
大学に行った後、母の作った料理をより一層大切にするようになった。ファーストフードよりやはり母の作った料理のほうがいい。もちろん、ファーストフードは存在しなくてもいいというわけではない。お腹が空いていないのに、何らかが食べたいとき、ファーストフードがあってよかったと何回も経験したことがる。とにかく今の時代は、食事の選択がいっぱいあって、私たちは本当に幸せだと思う。","21世紀の現在、マクドナルド、KFCやモスバーガーなど、いわゆるファーストフードが世界に進出している。台湾にもこのような現象がある。何かめでたいことがあったら、マクドナルドでも食べようというのは、数十年前の台湾の田舎。今だったら、ねえねえ、今日マクドナルド食べに行かない？というのはすでに常態。
私は18歳の時、実家の彰化市を離れ、台北の大学に行った。一人暮らしで、住んでいるところにも台所がないので、外で食事を済まなければならない。とは言え、栄養バランスの取れた食事をするために、ファーストレストランに行くのはあまり多くないのである。ファーストフードを食べるのは本当に時間がない時と、それを間食としてしか食べていない。たぶんファーストフードのメリットこの便利さとおいしさだと言えるだろう。
うちの母は自分の料理に自慢なので、そのおかげで、私は大学に行く前に、毎日家に帰ると、栄養でおいしい料理が食べられる。大学に行った後、いつも母の作った料理を食べたくて食べたくてしょうがないのである。幸いなのは、自分はあまり偏食する人ではないから、外食でも無事に三年余り経った。私にとって、外食で一番苦しいのは、あれはあんまり食べたくないのに、ほかの選択肢もないし、栄養バランスのため、食べるしかないんだということである。家でならば何も考える必要がない、ただ食べるだけでおいしさと栄養、両方がもらえる。
大学に行",78.0,intermediate,20.0,401.0,20.05,0.3865336658354115,20.0,778.0,28.0,23.0,178.0,55.0,2.776,2.314,3.719,3.607,2.711,2.563
44,44,44,CCS57,CHN,中国語,"グローバル化のおかげで、人々の交流が国際化するようになった。そして、飲食の選択も多様化になった。特にアメリカの影響で、ファストフードレストランがどこへ行っても、見られるのだ。ライフスタイルが変わるとともに、飲食文化も少しずつ変わった。
どこ国にでも、手料理は伝統的な料理だと思う。家庭主婦・母親は地元の野菜や食材を使い、昔からの調理方法で料理を作る。そして、体のための調理料や調理方法も考えられるのだ。それは、自分の具合にふさわしい料理である。手料理は、料理人特に母親が心をこめて作った物なので、世界中で、一番幸せな料理だと思う。だが、手料理には、食材の準備がめんどうし、料理を作る時間もかかる。現代人は時間や仕事に追われ、時間を有効に使うために、便利性な物事が好きなのである。
手料理の反面、ファストフードのほうは時間や手間をあまりにも費やす必要がないのだ。今では、一番便利な飲食方法だと思う。現代の人々は便利性を求め、料理を作る手間を省いて出前やファストフードにする。そして、フライドチキンやフライドポテトの匂いがよく、子供たちが一番好きだ。しかし、健康の立場に見ると、ファストフード大変不健康な飲食だと思われる。ほとんどの食事は揚げ物であり、野菜やサラダもあるが、一日必要な量が足りないのだ。それから、毎日急いで食べるのは、胃腸に悪い。健康の立場に見ると、いいことがないそうだ。
手料理とファストフードとも、善し悪しがある。人の生活や習慣により、どちらを選ぶのがいいのか、決まってないが、ちゃんと栄養のバランスが取れた食事をしたら、適当だと思われる。が、私にとっては、やはり家族と一緒に母親の暖かい手料理を食べるほうがよりよいと思う。","グローバル化のおかげで、人々の交流が国際化するようになった。そして、飲食の選択も多様化になった。特にアメリカの影響で、ファストフードレストランがどこへ行っても、見られるのだ。ライフスタイルが変わるとともに、飲食文化も少しずつ変わった。
どこ国にでも、手料理は伝統的な料理だと思う。家庭主婦・母親は地元の野菜や食材を使い、昔からの調理方法で料理を作る。そして、体のための調理料や調理方法も考えられるのだ。それは、自分の具合にふさわしい料理である。手料理は、料理人特に母親が心をこめて作った物なので、世界中で、一番幸せな料理だと思う。だが、手料理には、食材の準備がめんどうし、料理を作る時間もかかる。現代人は時間や仕事に追われ、時間を有効に使うために、便利性な物事が好きなのである。
手料理の反面、ファストフードのほうは時間や手間をあまりにも費やす必要がないのだ。今では、一番便利な飲食方法だと思う。現代の人々は便利性を求め、料理を作る手間を省いて出前やファストフードにする。そして、フライドチキンやフライドポテトの匂いがよく、子供たちが一番好きだ。しかし、健康の立場に見ると、ファストフード大変不健康な飲食だと思われる。ほとんどの食事は揚げ物であり、野菜やサラダもあるが、一日必要な量が足りないのだ。それから、毎日急いで食べるのは、胃腸に悪い。健康の立場に見ると、いいことがないそうだ。
手料理とファス",77.0,intermediate,22.0,365.0,16.59090909090909,0.4164383561643835,25.0,720.0,39.0,44.0,157.0,71.0,2.62,2.2,3.332,3.255,2.516,2.405
45,45,45,CCS60,CHN,中国語,"食事の時、ファストフードと家庭料理をどっちを選ぶのが悩んでいることは皆殆どある。
健康から考えると家庭料理のほうがいいが、たまには手軽なファストフードだけが食べたいこともある。
ファストフードと言えば、「高コレステロール」、「高カロリー」、そして「営養なし」というイメージが出来る。近年の研究により、肥満や子供の多動性障害などの健康問題の1つ原因になると報告されている。それでもファストフードを食べたくてたまらない理由は何であろう。「短時間で調理」、「手軽に食べられる」という特徴は仕事でゆっくり食事できない人々に受け入れられていった。ただ高カロリーのおいしさに引き寄せられる人たちもしばらく健康の影響を忘れてしまう。
一方、ファストフードより家庭料理は清潔感のイメージが強いである。食材や調味料は全部分かれ安心できる。毎日何の料理を支度するのことを考え、自分の料理時間を楽しむのは趣味の一種にもなれる、忙しい生活を緩和することである。しかし、長い時間で食料品の買い物や調理は誰でもできることではない。料理や食材の考えも主婦たちの悩みになるかもしれない。
飲食生活とはただ生きるのエネルギーを提供するではないである。人間として飲食を味わえ、様々な料理を作り、おいしいご馳走を食べると幸福感ばかり感じられるはずである。これも人生における大きな喜びだと思う。
いずれもファストフードや家庭料理、健康維持や飲食のバランスに基づき、短い人生に好きな料理をよく楽しむのは一番大事なことだと思う。","食事の時、ファストフードと家庭料理をどっちを選ぶのが悩んでいることは皆殆どある。
健康から考えると家庭料理のほうがいいが、たまには手軽なファストフードだけが食べたいこともある。
ファストフードと言えば、「高コレステロール」、「高カロリー」、そして「営養なし」というイメージが出来る。近年の研究により、肥満や子供の多動性障害などの健康問題の1つ原因になると報告されている。それでもファストフードを食べたくてたまらない理由は何であろう。「短時間で調理」、「手軽に食べられる」という特徴は仕事でゆっくり食事できない人々に受け入れられていった。ただ高カロリーのおいしさに引き寄せられる人たちもしばらく健康の影響を忘れてしまう。
一方、ファストフードより家庭料理は清潔感のイメージが強いである。食材や調味料は全部分かれ安心できる。毎日何の料理を支度するのことを考え、自分の料理時間を楽しむのは趣味の一種にもなれる、忙しい生活を緩和することである。しかし、長い時間で食料品の買い物や調理は誰でもできることではない。料理や食材の考えも主婦たちの悩みになるかもしれない。
飲食生活とはただ生きるのエネルギーを提供するではないである。人間として飲食を味わえ、様々な料理を作り、おいしいご馳走を食べると幸福感ばかり感じられるはずである。これも人生における大きな喜びだと思う。
いずれもファストフードや家庭料理、健康維持や",71.0,intermediate,16.0,313.0,19.5625,0.4856230031948881,27.0,642.0,25.0,45.0,132.0,69.0,3.101,2.479,3.674,3.606,2.947,2.831
46,46,46,CCT02,CHN,中国語,"現代の人は忙しくて、製作が速く手軽に食べられるファストフードは消費量が多い傾向にある。
ファストフードは短時間で調理することができ、注文してからすぐ食べられる食事です。
しかし、ファストフードはカロリー、脂肪と塩分が高い食品だから、肥満のリスクが高い、さまざまな病気を引き起こるから控えめにすべきだとしている。
大人でだけでなく、こどもさえも肥満な体型に困っている。
手料理のいい点はおいしくて栄養バランスがいいので健康にもいい、野菜をたっぷりたべられて肉を控える。
だが、若い世代の人々にとって、毎日自炊することは本当に無理です。
現代は欧米型の食生活になり、脂肪の摂取が多く、野菜やビタミンが不足、栄養バランスの悪いのは特徴です。
英語は「You are what you eat.」ということわざがある。
「あなたは、あなたが食べているもので決まる」と言うくらいの意味で、食べる食事に人間性が表れており、しかもその食べたもので､その人自身が構成されている。」
世に中のいろいろな食品添加物があり、健康への悪影響も進んでいる。
家庭で料理をつくれば食品添加物を避けられる。
体の健康のために、皆も気をつけよう。","現代の人は忙しくて、製作が速く手軽に食べられるファストフードは消費量が多い傾向にある。
ファストフードは短時間で調理することができ、注文してからすぐ食べられる食事です。
しかし、ファストフードはカロリー、脂肪と塩分が高い食品だから、肥満のリスクが高い、さまざまな病気を引き起こるから控えめにすべきだとしている。
大人でだけでなく、こどもさえも肥満な体型に困っている。
手料理のいい点はおいしくて栄養バランスがいいので健康にもいい、野菜をたっぷりたべられて肉を控える。
だが、若い世代の人々にとって、毎日自炊することは本当に無理です。
現代は欧米型の食生活になり、脂肪の摂取が多く、野菜やビタミンが不足、栄養バランスの悪いのは特徴です。
英語は「You are what you eat.」ということわざがある。
「あなたは、あなたが食べているもので決まる」と言うくらいの意味で、食べる食事に人間性が表れており、しかもその食べたもので､その人自身が構成されている。」
世に中のいろいろな食品添加物があり、健康への悪影響も進んでいる。
家庭で料理をつくれば食品添加物を避けられる。
体の健康のために、皆も気をつけよう。",80.0,intermediate,13.0,248.0,19.07692307692308,0.5362903225806451,21.0,507.0,23.0,34.0,110.0,52.0,2.785,2.288,3.545,3.435,2.673,2.603
47,47,47,CCT07,CHN,中国語,"現代生活の中で、いろいろな食べ物が見られます。その中で、大体「ファストフード」と「家の手つくり料理」に分けられています。
まず、ファストフードについて、話しましょう。普通、外で売っているファストフードの店は、「速い」、「熱い」、「美味しい」、この三つの点を大事にしています。友達と一緒に店でファーストフードを食べながら、喋ったり、笑ったりするのはいい思い出になるかもしれません。しかし、その代償は、金はもちろん、高カロリー、調味料も多く使っていて、中に何か入っているか、全然分からなくて、体に心配です。
そして、家の手作り料理は、「ヘルシー」、「好きな食材を選ぶ」、「自分を研き、料理を上手に」など、料理をいっぱい楽しむことができます。でも、そのかわりに、食材を買って、切って、手間がかかります。料理失敗したら。落ち込むこともあります。
私自身は、ファストフードが大好きで、毎日食べるくらい好きです。友達と一緒に食べながら、喋るのも楽しみです。カロリーなどはどうでもいいが、金に拘っている。かならず、サービス価格の時しか買わない。最近、外食の値上がりが速いので、気をつけないと財布が痩せてしまいます。
家の手作り料理は、家族が作ってくれたら、愛情こめているので、なるべく食べきります。自分で作るのは数少なくて、時間も随分かかりますが、いつも楽しんでいます。","現代生活の中で、いろいろな食べ物が見られます。その中で、大体「ファストフード」と「家の手つくり料理」に分けられています。
まず、ファストフードについて、話しましょう。普通、外で売っているファストフードの店は、「速い」、「熱い」、「美味しい」、この三つの点を大事にしています。友達と一緒に店でファーストフードを食べながら、喋ったり、笑ったりするのはいい思い出になるかもしれません。しかし、その代償は、金はもちろん、高カロリー、調味料も多く使っていて、中に何か入っているか、全然分からなくて、体に心配です。
そして、家の手作り料理は、「ヘルシー」、「好きな食材を選ぶ」、「自分を研き、料理を上手に」など、料理をいっぱい楽しむことができます。でも、そのかわりに、食材を買って、切って、手間がかかります。料理失敗したら。落ち込むこともあります。
私自身は、ファストフードが大好きで、毎日食べるくらい好きです。友達と一緒に食べながら、喋るのも楽しみです。カロリーなどはどうでもいいが、金に拘っている。かならず、サービス価格の時しか買わない。最近、外食の値上がりが速いので、気をつけないと財布が痩せてしまいます。
家の手作り料理は、家族が作ってくれたら、愛情こめているので、なるべく食べきります。自分で作るのは数少なくて、時間も随分かかりますが、いつも楽しんでいます。",83.0,advanced,17.0,268.0,15.764705882352942,0.4962686567164179,33.0,578.0,21.0,12.0,124.0,41.0,2.543,2.082,3.532,3.498,2.427,2.349
48,48,48,CCT13,CHN,中国語,"人にとって欠かせない食べ物はいろいろな選択肢があります。ファーストフードと手作り料理とどちらを取るのかいつも悩んでいたりしませんか。各面を考えなければありませんから悩むのです。
ファーストフードは便利なものです。店がたくさんあるから、どこでも軽く手に入ることができます。お金さえあってちょっとした時間を待てばすぐに食べられます。こういう考えを持つ人は少なくないでしょう。何しろ人は怠りやすいものなのです。ファーストフードに丸ごと頼ってしまう人もいるのでしょう。しかし、ものはプラス点があればあるほど、その反面にマイナス点もひどくなります。バランスが崩れましたからです。便利さと速さを引き換え、健康面と銭との失いが多いです。ファーストフードが体によくないことは誰でも知っているが、気を緩んだらすぐ引かれてしまう魔力のファーストフードで困ります。
時間と努力が必要の手作り料理はお金を節約する最善策です。きちんと料理を学んで自分自身にいい料理もできますし、味付けもアレンジできます。何よりメニューは自分の考えるものだから、皇帝様みたいに選び放題です。科学者により、料理をする人は様々な材料や調味料を考えたり覚えたり頭の中でシミュレーションをし、アレンジするので頭がよくなるそうです。しかし一番面倒なのは時間です。料理の勉強や材料の仕入れはかなり時間がかかります。毎日忙しい現代では、時間を料理だけに多く割けるのはさぞかし骨が折れるでしょう。
ファーストフードと手作り料理、どちらも違う人にとって欠かせない選択肢です。この二つの中でバランスを取っていればいいと思っています。今自分にとって大切なの何か、慎重に考えてみてください。お金か、健康か、それとも時間でしょうか。それを考えた上で今日の食事はファーストフードにするか手作り料理をするかを選んでいようではないでしょうか。","人にとって欠かせない食べ物はいろいろな選択肢があります。ファーストフードと手作り料理とどちらを取るのかいつも悩んでいたりしませんか。各面を考えなければありませんから悩むのです。
ファーストフードは便利なものです。店がたくさんあるから、どこでも軽く手に入ることができます。お金さえあってちょっとした時間を待てばすぐに食べられます。こういう考えを持つ人は少なくないでしょう。何しろ人は怠りやすいものなのです。ファーストフードに丸ごと頼ってしまう人もいるのでしょう。しかし、ものはプラス点があればあるほど、その反面にマイナス点もひどくなります。バランスが崩れましたからです。便利さと速さを引き換え、健康面と銭との失いが多いです。ファーストフードが体によくないことは誰でも知っているが、気を緩んだらすぐ引かれてしまう魔力のファーストフードで困ります。
時間と努力が必要の手作り料理はお金を節約する最善策です。きちんと料理を学んで自分自身にいい料理もできますし、味付けもアレンジできます。何よりメニューは自分の考えるものだから、皇帝様みたいに選び放題です。科学者により、料理をする人は様々な材料や調味料を考えたり覚えたり頭の中でシミュレーションをし、アレンジするので頭がよくなるそうです。しかし一番面倒なのは時間です。料理の勉強や材料の仕入れはかなり時間がかかります。毎日忙しい現代では、時間を料理だけに多く割",86.0,advanced,25.0,401.0,16.04,0.4064837905236907,36.0,783.0,27.0,31.0,172.0,55.0,2.952,2.453,4.013,3.978,2.79,2.708
49,49,49,CCT14,CHN,中国語,"食生活といえば、最近台湾で起きた数々の食安全の問題を思いつくでしょう。それら恐いニュースを考えてみると思わず、われわれも外食のことを改めて見直してきました。しかし、事実は本当にそうですか。
私たちは自分で作ったものが安心して食べられるものだと思っています。それは、自分の目を通して選んだ食材で手の元で作った食べ物ですから。インスタントフードより信頼できるのだと思いつつあります。実際に大勢の人々もそのように思って食べてきました。
しかし、インスタントフードには体にいいものもあります。それは自分の目で確かめて選び出した店のことです。ニュースで出た信頼しがたい輸入食材を使わず、地元の農民が栽培した野菜や果物を使用する店はきっと数少なくはないと思います。そのほかに、もう一ついい見分ける方法があります。それはオーナーも自分の店で出たものを食べるような店のことです。
これらの考えからから見れば、私たちが学ばなければならないのは外食かどうかの問題ではないと思います。自分が選んだ食材は本当に健康的なものかどうかだと思います。それはわれわれには本を通して身に付けるものです。ですから、大切な時間をそれら悪質な企業家を批判するのにかかるよりも、それを健康にいい飲食法を勉強するのにかかったほうが良いと思います。","食生活といえば、最近台湾で起きた数々の食安全の問題を思いつくでしょう。それら恐いニュースを考えてみると思わず、われわれも外食のことを改めて見直してきました。しかし、事実は本当にそうですか。
私たちは自分で作ったものが安心して食べられるものだと思っています。それは、自分の目を通して選んだ食材で手の元で作った食べ物ですから。インスタントフードより信頼できるのだと思いつつあります。実際に大勢の人々もそのように思って食べてきました。
しかし、インスタントフードには体にいいものもあります。それは自分の目で確かめて選び出した店のことです。ニュースで出た信頼しがたい輸入食材を使わず、地元の農民が栽培した野菜や果物を使用する店はきっと数少なくはないと思います。そのほかに、もう一ついい見分ける方法があります。それはオーナーも自分の店で出たものを食べるような店のことです。
これらの考えからから見れば、私たちが学ばなければならないのは外食かどうかの問題ではないと思います。自分が選んだ食材は本当に健康的なものかどうかだと思います。それはわれわれには本を通して身に付けるものです。ですから、大切な時間をそれら悪質な企業家を批判するのにかかるよりも、それを健康にいい飲食法を勉強するのにかかったほうが良いと思います。",84.0,advanced,16.0,303.0,18.9375,0.4059405940594059,26.0,551.0,19.0,22.0,125.0,41.0,3.199,2.503,3.847,3.796,2.908,2.81
50,50,50,CCT15,CHN,中国語,"ずっと回しているコマのような忙しい毎日を送る都会人にとって、たとえどんなに忙しいと言っても、日常生活には食事が絶対欠かさない重要な存在である。ハイテク時代に入るにつれ、便利性を追求している人々がますます増えてくる上で、食事は外で済む事が多くなる。その方式と自分で家に料理を作るのは、何の差別があるだろう。
時間の無駄が嫌な方に対しては、便利でおいしい外食が最もいい選択ですが、衛生や健康などの事を考えると、それは家庭料理よりずっと悪い。もちろん外食というのは、ファストフードの他に、レストランや屋台料理、たくさんの種類があるが、どちらにしても、食の品質への保証と食材の生産地はただ業者の方から堂々と証明してくれて、何の証拠でもないのは大変良くないと思った一方で、業者が最初の原則を打破して、品質を維持できない事も少なくないので、それらの事はちゃんと銘記するべきだ。
家庭料理の場合だったら、衛生が最も確保できる飲食スタイルで、家族との一緒に食事する温かい雰囲気がよく感じられるし、手作りの体験もできる。しかし、多くの時間をかからなければならない。食材の購入から、食器の洗いまで、全部しなくてはいけない。時々仕事やほかの事に忙しくなると、家にゆっくりと手作り料理を味わう時がなく、食べ物のおいしさも多分楽しめないので、外食を選んだほうが楽である。
外食と家庭料理は、それぞれの良い点と悪い点がある。都会人の我々はそれぞれの差別をよくわかるべきで、適切な時間帯に適切な飲食スタイルを選び、いい飲食生活を過ごせよう。","ずっと回しているコマのような忙しい毎日を送る都会人にとって、たとえどんなに忙しいと言っても、日常生活には食事が絶対欠かさない重要な存在である。ハイテク時代に入るにつれ、便利性を追求している人々がますます増えてくる上で、食事は外で済む事が多くなる。その方式と自分で家に料理を作るのは、何の差別があるだろう。
時間の無駄が嫌な方に対しては、便利でおいしい外食が最もいい選択ですが、衛生や健康などの事を考えると、それは家庭料理よりずっと悪い。もちろん外食というのは、ファストフードの他に、レストランや屋台料理、たくさんの種類があるが、どちらにしても、食の品質への保証と食材の生産地はただ業者の方から堂々と証明してくれて、何の証拠でもないのは大変良くないと思った一方で、業者が最初の原則を打破して、品質を維持できない事も少なくないので、それらの事はちゃんと銘記するべきだ。
家庭料理の場合だったら、衛生が最も確保できる飲食スタイルで、家族との一緒に食事する温かい雰囲気がよく感じられるし、手作りの体験もできる。しかし、多くの時間をかからなければならない。食材の購入から、食器の洗いまで、全部しなくてはいけない。時々仕事やほかの事に忙しくなると、家にゆっくりと手作り料理を味わう時がなく、食べ物のおいしさも多分楽しめないので、外食を選んだほうが楽である。
外食と家庭料理は、それぞれの良い点と悪い点がある。都会",80.0,intermediate,11.0,349.0,31.727272727272727,0.4641833810888252,26.0,655.0,36.0,43.0,145.0,88.0,2.967,2.46,3.815,3.721,2.87,2.766
51,51,51,CCT19,CHN,中国語,"皆様、今日の夕食は何を食べようか？外でファストフードを食べるか、それとも家で自炊するか。では、この2つの選択は、どちらが良いのであろうか？正直に言って、どちらも良い。それは、人々がそれぞれのタイプがあって、人によって必要なところは違う。
さて、現代人を2つのグループに分けてみよう。まず、一つ目は健康主義であまりお金をかかりたくないタイプである。こんなタイプだったら、明らかに家庭料理に傾くのであろう。家庭料理のメリットは、栄養でコストも安いことである。その上、自分にふさわしい味に調理することも出来ます。しかし、その欠点は時間がかかることと失敗するおそれがあることであろう。
「時間は金なり」と思う人も、きっと多いと思う。このような人は、2つ目のタイプである。仕事が忙しくて、家で料理をする暇がないので、ファストフードを選ぶ場合がより多くであろう。ファストフードのいい点は注文した後、すぐ料理をもらえる早さと、家庭料理のような失敗する可能性はない点である。ただし、家庭料理と比べて、より高くて、栄養のない部分も事実であろう。
物事は全部両面がある。メリットがあれば、絶対デメリットもある。食事も人によって、場合によって違う選択肢が出るかもしれない。さて、ファストフードと家庭料理、今夜、ご注文はどっち？","皆様、今日の夕食は何を食べようか？外でファストフードを食べるか、それとも家で自炊するか。では、この2つの選択は、どちらが良いのであろうか？正直に言って、どちらも良い。それは、人々がそれぞれのタイプがあって、人によって必要なところは違う。
さて、現代人を2つのグループに分けてみよう。まず、一つ目は健康主義であまりお金をかかりたくないタイプである。こんなタイプだったら、明らかに家庭料理に傾くのであろう。家庭料理のメリットは、栄養でコストも安いことである。その上、自分にふさわしい味に調理することも出来ます。しかし、その欠点は時間がかかることと失敗するおそれがあることであろう。
「時間は金なり」と思う人も、きっと多いと思う。このような人は、2つ目のタイプである。仕事が忙しくて、家で料理をする暇がないので、ファストフードを選ぶ場合がより多くであろう。ファストフードのいい点は注文した後、すぐ料理をもらえる早さと、家庭料理のような失敗する可能性はない点である。ただし、家庭料理と比べて、より高くて、栄養のない部分も事実であろう。
物事は全部両面がある。メリットがあれば、絶対デメリットもある。食事も人によって、場合によって違う選択肢が出るかもしれない。さて、ファストフードと家庭料理、今夜、ご注文はどっち？",79.0,intermediate,20.0,282.0,14.1,0.4361702127659574,16.0,552.0,34.0,24.0,135.0,47.0,2.541,2.067,3.334,3.142,2.488,2.402
52,52,52,CCT23,CHN,中国語,"私は今、大学四年生で家族と一緒に住んでいる。したがって、よく両親の手料理を食べている。大学一年生の時は寮、二年生の時は部屋を借りて一人暮らしだった。その頃は学校の近くにあるお店しか選択肢がなかった。学校のすぐ前にある夜市「一中街」は多くの人の選択だが、近くにあるマクドナルドも負けないぐらい人気である。
私自身も小さい頃から好きで、大学に入ったらよく行っていた。なぜなら、小さい頃は、両親に「マックは体によくないんだから、食べさせるわけないよ！」と。食べたいが、食べられなかった。今、大きくなり、自由になり、食べたいなら思う存分、食べられるが、やはり自分も両親の言うことを思い出し、できるだけ食べたい意欲を抑える。もう一つの理由は太りやすいから、遠慮する。夜市の食べ物も弁当屋も油濃いから、体によくないとずっと思っている。
今は家に住んでいて、両親の手料理が食べられ、幸せだと思う。確かに以前はずっと外で食べたかったが、今は母の手料理が一番美味しいと思っている。健康、安全、そして安心できる。
そう、安心である。今は食安問題がたくさん出てきて、人々に不安を抱えさせた。私もその一人である。今は確かに家に住んでいるが、授業のある日やアルバイトのある日は外で食事をしなければならない。栄養のバランスには気をつけるが、食材の來源や調味料の作り方法などを知ることができなく、不安を抱えている。
したがって、私が思っているのは、例え一人暮らしとしても、できるだけ自分で簡単な料理を作るのもいいのではないか。もちろんファストフードなどは便利で美味しいが、よく食べると体に負担がかかるので、気をつけたほうがいいと思う。逆に、手料理は確かに手間がかかるが、自分で自分の好きな味が作れるし、安心できるので、いいと思う。","私は今、大学四年生で家族と一緒に住んでいる。したがって、よく両親の手料理を食べている。大学一年生の時は寮、二年生の時は部屋を借りて一人暮らしだった。その頃は学校の近くにあるお店しか選択肢がなかった。学校のすぐ前にある夜市「一中街」は多くの人の選択だが、近くにあるマクドナルドも負けないぐらい人気である。
私自身も小さい頃から好きで、大学に入ったらよく行っていた。なぜなら、小さい頃は、両親に「マックは体によくないんだから、食べさせるわけないよ！」と。食べたいが、食べられなかった。今、大きくなり、自由になり、食べたいなら思う存分、食べられるが、やはり自分も両親の言うことを思い出し、できるだけ食べたい意欲を抑える。もう一つの理由は太りやすいから、遠慮する。夜市の食べ物も弁当屋も油濃いから、体によくないとずっと思っている。
今は家に住んでいて、両親の手料理が食べられ、幸せだと思う。確かに以前はずっと外で食べたかったが、今は母の手料理が一番美味しいと思っている。健康、安全、そして安心できる。
そう、安心である。今は食安問題がたくさん出てきて、人々に不安を抱えさせた。私もその一人である。今は確かに家に住んでいるが、授業のある日やアルバイトのある日は外で食事をしなければならない。栄養のバランスには気をつけるが、食材の來源や調味料の作り方法などを知ることができなく、不安を抱えている。
したがって、私",82.0,advanced,23.0,404.0,17.565217391304348,0.3886138613861386,27.0,750.0,39.0,24.0,182.0,65.0,2.661,2.194,3.239,3.181,2.693,2.561
53,53,53,CCT31,CHN,中国語,"自分の好みで調整できる手料理と手間がかからなくて、便利なファーストフード、皆さんはどちらがよく食べるだろう。
手料理は材料の準備や作る時間が必要だが、好きのようにできて、外食よりもずっと安くて健康で、自分でレシピを考えるのも一つの楽しみだと思う。もちろん失敗した時は落ち込むけど、意外とおいしい料理ができたら、喜ぶだろう。それに、食べる人の表情を見て、感想を聞いて、今度もっと頑張ろうと、とても達成感がある。
それに対して、ファーストフードは油っぽくて、味付けが決まっていて、しょっぱすぎる場合が多い。野菜も明らかに足りない。時々食べるのはいいけど、主食にしたら、体によくないと思う。では、どんな時にファストフードを食べてもいいの？たとえば、友たちと何かを祝おうとする時は、ファストフードにしたら悪くないではないか。どうしてというと、やはりファストフードのほうが早いからと思う。忙しい時は出前でも頼んで、食事を簡単に済ませるのは本当に助かる。
実はどちらでもいいところがあって、悪いこともある。外食が飽きたら家で自分で作って、逆に、時間がほしいなら店で買うことができる。均衡さえ取れればよいと私は思っている。特に都会の人は生活のペースが速いから、よく食事に困っているかもしれない。そんな時はよけに自分のベースに合わせて、自分にとって一番いい食生活を取るべきではないか。","自分の好みで調整できる手料理と手間がかからなくて、便利なファーストフード、皆さんはどちらがよく食べるだろう。
手料理は材料の準備や作る時間が必要だが、好きのようにできて、外食よりもずっと安くて健康で、自分でレシピを考えるのも一つの楽しみだと思う。もちろん失敗した時は落ち込むけど、意外とおいしい料理ができたら、喜ぶだろう。それに、食べる人の表情を見て、感想を聞いて、今度もっと頑張ろうと、とても達成感がある。
それに対して、ファーストフードは油っぽくて、味付けが決まっていて、しょっぱすぎる場合が多い。野菜も明らかに足りない。時々食べるのはいいけど、主食にしたら、体によくないと思う。では、どんな時にファストフードを食べてもいいの？たとえば、友たちと何かを祝おうとする時は、ファストフードにしたら悪くないではないか。どうしてというと、やはりファストフードのほうが早いからと思う。忙しい時は出前でも頼んで、食事を簡単に済ませるのは本当に助かる。
実はどちらでもいいところがあって、悪いこともある。外食が飽きたら家で自分で作って、逆に、時間がほしいなら店で買うことができる。均衡さえ取れればよいと私は思っている。特に都会の人は生活のペースが速いから、よく食事に困っているかもしれない。そんな時はよけに自分のベースに合わせて、自分にとって一番いい食生活を取るべきではないか。",86.0,advanced,16.0,298.0,18.625,0.4765100671140939,29.0,584.0,24.0,21.0,146.0,37.0,2.654,2.228,3.574,3.491,2.667,2.547
54,54,54,CCT35,CHN,中国語,"２１世紀に入って、人々の食文化が変わっていくことは明らかにしました。お母さんや奥さんが作った料理を家で食べる人はどんどん減っていきます。では、現在、ブームになっている食文化は何だと思うんですか。それはインスタントフードだと思います。
インスタントフードは三つのポイントを強調しています。便利、早い、おいしい。まず、便利さについて、多分皆さんも体験していたことがあります。いつでもどこでも食べられるのが一番いいところです。もっと詳しく言うと、例えば、夜中にお腹が非常に空いた時、お母さんや奥さんを無理やりに起こして何かを作らせてくれるわけがないでしょう。こういう時はインスタントフードの出番です。このような便利さは誰もが好きだと思います。そして、待ち時間が短いのもなかなか魅力があるポイントです。インスタントと呼ばれていますから、料理を遅く出すなんかあり得ないでしょう。それから、食べたことがある人は必ずあのうまさに引かれてしまうでしょう。でも、インスタントフードは実は健康にとても悪いものです。カロリーと油脂が高い点で人の体に大きな負担がかかります。高血圧になりやすいし、太くなる可能性も大きいです。
インスタントフードに対して家庭料理の方が便利ではないし、待ち時間も状況によって遅い場合もありますが、愛された気持ちを深く感じられるのは一番感動することだと思います。それに、最もいいところは外の食べ物より健康ということです。今の人々もますます均衡の飲食を重要視しています。
私はインスタントフードが好きですが、あまり多く食べてはいけないことが分かっています。全然食べてはいけないとはちょっときついですが、自分の体調により、どれぐらい取れるかを知ってからその分だけを取ることがいいと思います。両方もいい点と悪い点があります。どう選ぶのは自分で考えましょう。","２１世紀に入って、人々の食文化が変わっていくことは明らかにしました。お母さんや奥さんが作った料理を家で食べる人はどんどん減っていきます。では、現在、ブームになっている食文化は何だと思うんですか。それはインスタントフードだと思います。
インスタントフードは三つのポイントを強調しています。便利、早い、おいしい。まず、便利さについて、多分皆さんも体験していたことがあります。いつでもどこでも食べられるのが一番いいところです。もっと詳しく言うと、例えば、夜中にお腹が非常に空いた時、お母さんや奥さんを無理やりに起こして何かを作らせてくれるわけがないでしょう。こういう時はインスタントフードの出番です。このような便利さは誰もが好きだと思います。そして、待ち時間が短いのもなかなか魅力があるポイントです。インスタントと呼ばれていますから、料理を遅く出すなんかあり得ないでしょう。それから、食べたことがある人は必ずあのうまさに引かれてしまうでしょう。でも、インスタントフードは実は健康にとても悪いものです。カロリーと油脂が高い点で人の体に大きな負担がかかります。高血圧になりやすいし、太くなる可能性も大きいです。
インスタントフードに対して家庭料理の方が便利ではないし、待ち時間も状況によって遅い場合もありますが、愛された気持ちを深く感じられるのは一番感動することだと思います。それに、最もいいところは外の食べ物",79.0,intermediate,24.0,397.0,16.541666666666668,0.4307304785894206,33.0,777.0,32.0,28.0,179.0,45.0,2.88,2.267,3.564,3.485,2.566,2.462
55,55,55,CCT41,CHN,中国語,"飲食は私たちの生活と密接な関係にあります。例えば、私が小さいときの社会は家庭料理を主としていましたが、現在はファーストフードなどの外食が一番普通な食事です。これはなぜでしょうか。社会の価値観とか重視しているものが変わったのではないですか。しかし、その変わりは正しいですか。
昔が主な手料理は欠点がありますけど、いいところもあります。それは衛生、健やかさとおふくろの味です。家庭料理は料理を作る環境や自分が何を料理に入れるのが控えられ、外食のような問題がありません。衛生だけではなく、手料理はいつも、いっぱいな野菜とかフルーツとかが食べられ、とても健康で、体にもいいです。それに、手作り料理はだいたい、母がつくり、機器の味ではなく、おふくろの味が味わわれます。
それに対して、今がはやっている外食も、いくつかのメリットがあります。例えば、スピードや料理の多様性です。「時は金なり」と考えている現代社会はスピードは非常に重要な課題です。例えば、朝寝坊をした時、自分が料理を作るのが大変だし、作る余裕もないし、こういう時ファーストフードなどの外食が最も良い選択です。また、自分が作れる料理はただ普通のおかずですが、外食のほうは食べ物の選択肢が多くて、自分が好きなものや珍しいおかずも食べられます。
家庭料理と外食がそれぞれメリットとディメリットがあるのがわかります。それに、社会の発展につれて、人の考えが変わって、食事の選択は手料理からファーストフードへの移りが理解できますけど、健康という課題を重視すればするほどの現代社会には、その家庭料理と外食のバランスがどうやって取ればいいですか。私の考えでは、一般的な時は家庭でおかずを食べて、時々は外食すると健康も気持ちもよくできて、最もいい方法です。皆さんはどう思いますか。","飲食は私たちの生活と密接な関係にあります。例えば、私が小さいときの社会は家庭料理を主としていましたが、現在はファーストフードなどの外食が一番普通な食事です。これはなぜでしょうか。社会の価値観とか重視しているものが変わったのではないですか。しかし、その変わりは正しいですか。
昔が主な手料理は欠点がありますけど、いいところもあります。それは衛生、健やかさとおふくろの味です。家庭料理は料理を作る環境や自分が何を料理に入れるのが控えられ、外食のような問題がありません。衛生だけではなく、手料理はいつも、いっぱいな野菜とかフルーツとかが食べられ、とても健康で、体にもいいです。それに、手作り料理はだいたい、母がつくり、機器の味ではなく、おふくろの味が味わわれます。
それに対して、今がはやっている外食も、いくつかのメリットがあります。例えば、スピードや料理の多様性です。「時は金なり」と考えている現代社会はスピードは非常に重要な課題です。例えば、朝寝坊をした時、自分が料理を作るのが大変だし、作る余裕もないし、こういう時ファーストフードなどの外食が最も良い選択です。また、自分が作れる料理はただ普通のおかずですが、外食のほうは食べ物の選択肢が多くて、自分が好きなものや珍しいおかずも食べられます。
家庭料理と外食がそれぞれメリットとディメリットがあるのがわかります。それに、社会の発展につれて、人の考えが変",80.0,intermediate,19.0,396.0,20.842105263157897,0.3838383838383838,20.0,757.0,44.0,35.0,164.0,77.0,2.8,2.229,3.595,3.475,2.701,2.549
56,56,56,CCT45,CHN,中国語,"人間にとって、基本的な生理欲求の達成は大切なことです。その中、食事は最も重要なものだと思います。家で家庭料理を作って食べる人だけではなく、外食する人も大勢いるようです。でも、どちらの方がいいですか。みなさん一緒に考えましょう。
自分で料理を作る時間があまりない人や料理することが苦手の人は、たぶん外のラストランでごはんを食べます。特に忙しいサラリーマンにとって、外食の一番いい選択はファストフードです。
ファストフードはいいものですか。ファストフードは多くの油を入れて揚げて、高いカロリーが含まる食べ物です。頻繁的にファストフードを食べるなら、すぐに太くなります。それに、過多の油を摂取することも健康に危害します。でも、家庭料理を用意する時間より、ファストフードを待つ時間は短いです。それはファストフードの最大なメリットです。
逆に、家庭料理を作るために時間がかかります。多くの人は、自分でスーパーへ食材を買いし、家でいろいろな料理の準備は煩わしいと思います。しかし、外の料理に比べて、自分で作った料理がもっと安心できるし、食品の衛生も心配しないと思います。
現代の人々は生活を過ごすために、最大限度で食事の支出を減らします。家庭料理とかファストフードとかお金がかかります。私の場合は、家庭料理の方がいいと思います。ファストフードは美味しいけど、家庭料理はもっと健康的な選択です。いつもファストフードを食べる人々がファストフードを食べることが減らした方がいいと思います。そうすると、だんだん栄養の摂取が平衡します。","人間にとって、基本的な生理欲求の達成は大切なことです。その中、食事は最も重要なものだと思います。家で家庭料理を作って食べる人だけではなく、外食する人も大勢いるようです。でも、どちらの方がいいですか。みなさん一緒に考えましょう。
自分で料理を作る時間があまりない人や料理することが苦手の人は、たぶん外のラストランでごはんを食べます。特に忙しいサラリーマンにとって、外食の一番いい選択はファストフードです。
ファストフードはいいものですか。ファストフードは多くの油を入れて揚げて、高いカロリーが含まる食べ物です。頻繁的にファストフードを食べるなら、すぐに太くなります。それに、過多の油を摂取することも健康に危害します。でも、家庭料理を用意する時間より、ファストフードを待つ時間は短いです。それはファストフードの最大なメリットです。
逆に、家庭料理を作るために時間がかかります。多くの人は、自分でスーパーへ食材を買いし、家でいろいろな料理の準備は煩わしいと思います。しかし、外の料理に比べて、自分で作った料理がもっと安心できるし、食品の衛生も心配しないと思います。
現代の人々は生活を過ごすために、最大限度で食事の支出を減らします。家庭料理とかファストフードとかお金がかかります。私の場合は、家庭料理の方がいいと思います。ファストフードは美味しいけど、家庭料理はもっと健康的な選択です。いつもファストフード",66.0,intermediate,22.0,320.0,14.545454545454543,0.396875,17.0,657.0,32.0,22.0,123.0,69.0,2.521,1.969,3.29,3.132,2.426,2.372
57,57,57,CCT46,CHN,中国語,"「民は食をもって天となす。」私たち人間は食に頼って生きるから、食を最も大切なものとするものである。元々人間は家でゆっくり、のんびりと手作り料理で食事を済ませるべきだが、一分一秒を争う忙しい現代人にとって、そのような余暇はもう手に入れたくても入れられないようになった。代わりに、手軽な食事として重宝するのは、ファーストフードという調理時間を大幅に短縮できる食品である。
確かにファーストフードはとても便利で、日常生活の利便性を求める方々にとって掛け替えのない存在だと言える。しかし、ファーストフードを美味しくするため、中には主に高カロリー、高脂肪の成分が含まれるのが普遍である。また、メーカーは食物を腐らさないよう長期間保存するため、防腐剤として数えきれない化学物質を使うこともしょっちゅうある。要するに、ファーストフードはごく不健康な食品とも言える。
一方、自分で作る料理は食材の新鮮さから調味料の加減まで、全てが把握できる。それに、どのような料理が食べたいか、その作り方、分量やお味など、どちらも自分で決められる。故に、手作り料理は健康に配慮できるだけでなく、自分の好みによって出来上がった食事も思う存分堪能できるのである。
以上のように、無論私たちは一生ファーストフードを避けることができないが、その回避回数は自分次第なのである。したがって、食に頼って生きる人間は、どのように安心な食事をとるのか、それは生活する上でいつも困っており、考えなければならない課題である。","「民は食をもって天となす。」私たち人間は食に頼って生きるから、食を最も大切なものとするものである。元々人間は家でゆっくり、のんびりと手作り料理で食事を済ませるべきだが、一分一秒を争う忙しい現代人にとって、そのような余暇はもう手に入れたくても入れられないようになった。代わりに、手軽な食事として重宝するのは、ファーストフードという調理時間を大幅に短縮できる食品である。
確かにファーストフードはとても便利で、日常生活の利便性を求める方々にとって掛け替えのない存在だと言える。しかし、ファーストフードを美味しくするため、中には主に高カロリー、高脂肪の成分が含まれるのが普遍である。また、メーカーは食物を腐らさないよう長期間保存するため、防腐剤として数えきれない化学物質を使うこともしょっちゅうある。要するに、ファーストフードはごく不健康な食品とも言える。
一方、自分で作る料理は食材の新鮮さから調味料の加減まで、全てが把握できる。それに、どのような料理が食べたいか、その作り方、分量やお味など、どちらも自分で決められる。故に、手作り料理は健康に配慮できるだけでなく、自分の好みによって出来上がった食事も思う存分堪能できるのである。
以上のように、無論私たちは一生ファーストフードを避けることができないが、その回避回数は自分次第なのである。したがって、食に頼って生きる人間は、どのように安心な食事をとるのか",83.0,advanced,13.0,318.0,24.46153846153846,0.5,29.0,635.0,25.0,38.0,127.0,70.0,2.537,2.083,3.2,3.161,2.487,2.386
58,58,58,EAU08,ENG,英語,"最近、ファスト・フードはとても人気になった。ファスト・フードは便利でおいしく、安いだ。でもファスト・フードはだめだ。まず、早く料理するために、食べ物はたくさんオイルで稚魚し、防腐剤および塩を含有する。すぎに、多い人がいれば、すぐに高いに成る。
他方、家庭料理はバルク購入がある。その方が、多い人がいればなのに、安いだ。その他に、自分で食べ物を作れば、絶対の材料を選べ、食事量の制限も出来る。その上、アレルギーがあれば、全部の材料が決めるし、消化不良がないし、たくさんの他の健康上の利益がある。でも家庭料理は準備をかかる、ほとんどの人々はそんあ時間がない。
すぎに、どこでもファスト・フードが買える。しかし、いつもファスト・フードを食べるはだめだ。一人暮しとか家族と住む、料理は必要なスキルだ。みなが「私のお母さんの料理は一番」と思う。親に成ったら、ぜひ家族のために、料理しなければいけない。
ファスト・フードを食べたら、生活の影響が見える。ファスト・フードがよく食べ場合、ぜひ太いになることが保証されている。ヘルシーな食べ物が食べ場合、鼓腸がないし、元気な感じがあるし、たくさんエネルギーがある。
ついに、家庭料理の一番利点は味だ。自分で作るとか特別な人が作るくれたっら、食べ物は１００％以上に味がおいしいと思う。","最近、ファスト・フードはとても人気になった。ファスト・フードは便利でおいしく、安いだ。でもファスト・フードはだめだ。まず、早く料理するために、食べ物はたくさんオイルで稚魚し、防腐剤および塩を含有する。すぎに、多い人がいれば、すぐに高いに成る。
他方、家庭料理はバルク購入がある。その方が、多い人がいればなのに、安いだ。その他に、自分で食べ物を作れば、絶対の材料を選べ、食事量の制限も出来る。その上、アレルギーがあれば、全部の材料が決めるし、消化不良がないし、たくさんの他の健康上の利益がある。でも家庭料理は準備をかかる、ほとんどの人々はそんあ時間がない。
すぎに、どこでもファスト・フードが買える。しかし、いつもファスト・フードを食べるはだめだ。一人暮しとか家族と住む、料理は必要なスキルだ。みなが「私のお母さんの料理は一番」と思う。親に成ったら、ぜひ家族のために、料理しなければいけない。
ファスト・フードを食べたら、生活の影響が見える。ファスト・フードがよく食べ場合、ぜひ太いになることが保証されている。ヘルシーな食べ物が食べ場合、鼓腸がないし、元気な感じがあるし、たくさんエネルギーがある。
ついに、家庭料理の一番利点は味だ。自分で作るとか特別な人が作るくれたっら、食べ物は１００％以上に味がおいしいと思う。",57.0,intermediate,20.0,264.0,13.2,0.4659090909090909,20.0,557.0,25.0,16.0,111.0,50.0,3.062,2.681,4.076,3.998,3.092,2.955
59,59,59,EAU16,ENG,英語,"伝統的、みなさんはいつも家で作る食べ物を食べました。でも、今人々はよく忙しくて、ちょっとだらけてからますますファーストフードを食べそうです。手料理やファーストフードも一長一短があります。そして、今、せつめいしています。
まず、てりょうりは伝統的な生活の食べ方です。手料理はよく生の材料を使いますから手料理はふつうけんこうにいいだと思います。それから、手料理を作るとき、自分の好き物を使えてからふつう食べ物が好きです。その上に、自分のご飯を作ることはとても楽しいと思います。そして、料理が上手になるのは便利です。
そのはんめんに、てりょうりはときどきよくじかんがかかります。よく働く人やよく勉強する学生はちょっと時間がないから手料理のために忙しすぎます。そして、時々家で作る食べ物は高くなります。だから、多い時間がかかったり、多いお金をかかったりしてから、ちょっと難しいだと思います。
それから、ファーストフードについて書いています。ファーストフードはべんりで、安いですから手料理のよりにやさしいでしょう。その上、ファーストフードはよくとてもおいしいです。
おり悪く、よくファーストフードはあまりけんこうが悪いです。ファーストフードにはたくさんさとうやしおに入ります。さとうが入りすぎて、歯に悪いです。しおが入りすぎて、じんぞうに悪いです。最後によくファーストフードを食べる人はかじゅうになって、たいてい早くからなくなります。大変です。
手料理とファーストフードはともにいいものと悪いものがあります。けんこうによいためにたいてい手料理を食べたほうがいいと思います。けれども、時々ファーストフードを食べることは大丈夫です。","伝統的、みなさんはいつも家で作る食べ物を食べました。でも、今人々はよく忙しくて、ちょっとだらけてからますますファーストフードを食べそうです。手料理やファーストフードも一長一短があります。そして、今、せつめいしています。
まず、てりょうりは伝統的な生活の食べ方です。手料理はよく生の材料を使いますから手料理はふつうけんこうにいいだと思います。それから、手料理を作るとき、自分の好き物を使えてからふつう食べ物が好きです。その上に、自分のご飯を作ることはとても楽しいと思います。そして、料理が上手になるのは便利です。
そのはんめんに、てりょうりはときどきよくじかんがかかります。よく働く人やよく勉強する学生はちょっと時間がないから手料理のために忙しすぎます。そして、時々家で作る食べ物は高くなります。だから、多い時間がかかったり、多いお金をかかったりしてから、ちょっと難しいだと思います。
それから、ファーストフードについて書いています。ファーストフードはべんりで、安いですから手料理のよりにやさしいでしょう。その上、ファーストフードはよくとてもおいしいです。
おり悪く、よくファーストフードはあまりけんこうが悪いです。ファーストフードにはたくさんさとうやしおに入ります。さとうが入りすぎて、歯に悪いです。しおが入りすぎて、じんぞうに悪いです。最後によくファーストフードを食べる人はかじゅうになって、たいて",54.0,beginner,25.0,312.0,12.48,0.3974358974358974,22.0,709.0,11.0,13.0,123.0,22.0,2.726,2.313,3.77,3.697,2.905,2.762
60,60,60,EAU20,ENG,英語,"人間は一日中に半分以上の時間は食べ物と過ごしている。食べ物を準備しているや食べているや考えているや色々な形態で「食べ物」という名詞は我々の生活と結構繋がっている。しかし、テクノロジーの発展のため、人間は食べ物を作る時間は大変に減ったそうだ。速く作られた食べ物はファストフードと呼んでいる。しかし、ファストフードは健康に対して悪さがあるそうだ。便利のため、健康を捨てはだめではないだろう。
百年以前と比べ、仕事が徐々に忙しくなり、リラックス時間があまりない都市人は増えたようだ。そして、ファストフードと言えば、「便利、安い、速い」、この三つの点と思う。それは、忙しい人の一番好きな三つの点である。食べ物を準備する時間が省けるし、仕事をしながら食べられるしファストフードは都市人の味方じゃないだろうか。しかし、科学者によると、便利の他に、ファストフードはよい点が全然ないと聞いた。ファストフードを作る過程に油を多く作らなければならない。多くの油があるのでファストフードは美味しいが体は糖尿病や高血圧などの病気が起こる可能性がはるかにふえるようだ。
その代わりに、自分で食を作れば油の量を支配できるし、何を食べたらいいを決められるし、食費も多く貯められる。新聞に従い、食を準備する過程でストレスが緩まれるので料理コースは大人気である。
速いファストフードを食べすぎる都市生活より伝統的な割烹生活の方は長期に人間にいい影響があると思う。多くの場合で、便利と健康は一線の隔たりだ。","人間は一日中に半分以上の時間は食べ物と過ごしている。食べ物を準備しているや食べているや考えているや色々な形態で「食べ物」という名詞は我々の生活と結構繋がっている。しかし、テクノロジーの発展のため、人間は食べ物を作る時間は大変に減ったそうだ。速く作られた食べ物はファストフードと呼んでいる。しかし、ファストフードは健康に対して悪さがあるそうだ。便利のため、健康を捨てはだめではないだろう。
百年以前と比べ、仕事が徐々に忙しくなり、リラックス時間があまりない都市人は増えたようだ。そして、ファストフードと言えば、「便利、安い、速い」、この三つの点と思う。それは、忙しい人の一番好きな三つの点である。食べ物を準備する時間が省けるし、仕事をしながら食べられるしファストフードは都市人の味方じゃないだろうか。しかし、科学者によると、便利の他に、ファストフードはよい点が全然ないと聞いた。ファストフードを作る過程に油を多く作らなければならない。多くの油があるのでファストフードは美味しいが体は糖尿病や高血圧などの病気が起こる可能性がはるかにふえるようだ。
その代わりに、自分で食を作れば油の量を支配できるし、何を食べたらいいを決められるし、食費も多く貯められる。新聞に従い、食を準備する過程でストレスが緩まれるので料理コースは大人気である。
速いファストフードを食べすぎる都市生活より伝統的な割烹生活の方は長期に",69.0,intermediate,17.0,326.0,19.176470588235293,0.4417177914110429,28.0,635.0,36.0,26.0,151.0,64.0,2.904,2.345,3.762,3.631,2.753,2.626
61,61,61,ENZ02,ENG,英語,"ファーストフードの成立だから、人々の生活は変えてきました。私たちはファーストフードをたべるかどうか、自家製の食べ物をたべるかどうかを選ばなくてはいけません。理由はいずれもが利点と不利があるということです。
多いの人は一日中働いた後で、遅く家に帰って、晩ご飯を作りたがらないです。料理しなくてもいいだけではなく、早く食べ物をもらえるために、人はよくファーストフードを買います。ファーストフードはおいしくて、店からの誰かに早く作られます。一方でファーストフードが高くて、不健康だから、ほとんどの人は毎日買いません。ファーストフードを食べ過ぎると、貧しくなり、太り出すかもしれません。だから、自家製の食べ物よりファーストフードのほうが便利なのに、人はまだ自家製の食べ物を買います。
最も自家製の食べ物のほうがとても健康で、安いです。そして、異類がたくさんあります。その上で、好きな食材を選べるから、おいしいご飯を料理できます。それでも、自家製のご飯を作るために、準備して料理する時間だけではなく、食材を買う時間も必要です。でも、女の人も働き出して以来、あまり料理する時間がある誰もいません。だから、両親は多いの時間がある子供に料理のし方を教えたほうがいいと思います。
ファーストフードは便利なのに、不健康で、高過ぎるから、自家製の食べ物ほど人が食べべきのことはありません。しかし、それをするために、人は料理する時間を見つけなくてはいけません。","ファーストフードの成立だから、人々の生活は変えてきました。私たちはファーストフードをたべるかどうか、自家製の食べ物をたべるかどうかを選ばなくてはいけません。理由はいずれもが利点と不利があるということです。
多いの人は一日中働いた後で、遅く家に帰って、晩ご飯を作りたがらないです。料理しなくてもいいだけではなく、早く食べ物をもらえるために、人はよくファーストフードを買います。ファーストフードはおいしくて、店からの誰かに早く作られます。一方でファーストフードが高くて、不健康だから、ほとんどの人は毎日買いません。ファーストフードを食べ過ぎると、貧しくなり、太り出すかもしれません。だから、自家製の食べ物よりファーストフードのほうが便利なのに、人はまだ自家製の食べ物を買います。
最も自家製の食べ物のほうがとても健康で、安いです。そして、異類がたくさんあります。その上で、好きな食材を選べるから、おいしいご飯を料理できます。それでも、自家製のご飯を作るために、準備して料理する時間だけではなく、食材を買う時間も必要です。でも、女の人も働き出して以来、あまり料理する時間がある誰もいません。だから、両親は多いの時間がある子供に料理のし方を教えたほうがいいと思います。
ファーストフードは便利なのに、不健康で、高過ぎるから、自家製の食べ物ほど人が食べべきのことはありません。しかし、それをするために、人は料理",48.0,beginner,17.0,315.0,18.529411764705884,0.3777777777777777,26.0,618.0,15.0,15.0,131.0,39.0,2.401,2.123,3.629,3.596,2.428,2.352
62,62,62,ENZ14,ENG,英語,"どんな食べ物を食べるについて選択肢がたくさんあります.ファストフードと家庭料理は二つの選択肢です.
ファストフードはマクドナルドの食べ物やケーエフシーの食べ物です.その食べ物は便利です.例えば、一日中働いている人は、仕事の後で、多分疲れると思います.だから、その人は料理したくなかたからファストフードを買います.大学生は同じと思います.しかし、ファストフードを料理するのことは油がたくさんあるから、ファストフードはじようぶつじゃないと思います.また、忙しい人はファストフードをよく食べるがファストフードをよく食べたら、そのことは高くなると思います.
家庭料理はじようぶつです.理由は家庭料理でたくさん赤身やたくさん野菜を使えます.また、でんとうてきな食べ物を料理できます.例えば、ニュージーランドでクロアチアのファストフードがありません.だから、家でクロアチアの食べ物をよく料理します.また、料理するのは大切なスキルと思います.でも、じゅんびの時間は長いです.だから、忙しい人は家庭料理をいつも料理できません.もっと、食材は高いかも知れません.
ファストフードは悪い食べ物じゃないと思います.ファストフードを食べすぎたら不健康なことです.また、時々、家庭料理はじようぶつじゃありません.例えば、毎日パスタを.料理します.だから、どんな食べ物を食べるについて程合いは一番大切と思います.全部食べ物は美味しいですから食べてみが程合いしてください！","どんな食べ物を食べるについて選択肢がたくさんあります.ファストフードと家庭料理は二つの選択肢です.
ファストフードはマクドナルドの食べ物やケーエフシーの食べ物です.その食べ物は便利です.例えば、一日中働いている人は、仕事の後で、多分疲れると思います.だから、その人は料理したくなかたからファストフードを買います.大学生は同じと思います.しかし、ファストフードを料理するのことは油がたくさんあるから、ファストフードはじようぶつじゃないと思います.また、忙しい人はファストフードをよく食べるがファストフードをよく食べたら、そのことは高くなると思います.
家庭料理はじようぶつです.理由は家庭料理でたくさん赤身やたくさん野菜を使えます.また、でんとうてきな食べ物を料理できます.例えば、ニュージーランドでクロアチアのファストフードがありません.だから、家でクロアチアの食べ物をよく料理します.また、料理するのは大切なスキルと思います.でも、じゅんびの時間は長いです.だから、忙しい人は家庭料理をいつも料理できません.もっと、食材は高いかも知れません.
ファストフードは悪い食べ物じゃないと思います.ファストフードを食べすぎたら不健康なことです.また、時々、家庭料理はじようぶつじゃありません.例えば、毎日パスタを.料理します.だから、どんな食べ物を食べるについて程合いは一番大切と思います.全部食べ物は美味",50.0,beginner,25.0,298.0,11.92,0.3288590604026846,17.0,621.0,13.0,8.0,117.0,36.0,2.582,2.201,3.574,3.367,2.626,2.492
63,63,63,ENZ23,ENG,英語,"ファーストフードというのはマクドナルドやバーガーキングやモスバーガーのようなところだ。それにも日本の牛丼とかそばのみせもファーストフードだ。反対に家庭料理は家で料理する食べ物だ。
ファーストフードのいい点は便利でやすい。ファーストフードの店の中からいい匂いが来る。あまり時間がかからないので、早く入ると食べられる。色々な国からの食べ物を食べてみる。店の中、家、近くの公園にも食べに行ける。バッグとかクップとかあるから、簡単に持ってる。食べた後、ゴミがリサイクルできる。
ファーストフードの悪い点はたいてい体によくない。いつもファーストフードを食べすぎると太るになるかもしれない。たいていたくさん塩が入ってる、いい味でも体によくないことだ。
家庭料理のいい点はクックの愛が入ってる。言うまでもなく、家族の一員が料理した食べ物は最高だ。そしても自分で料理して、何が入ってるのをコントロールできる。多くの野菜とか、果物を入れる。
家庭料理の悪い点は時間がかかること。たいていファーストフードより高い。料理するのは上手じゃなければ、美味しい物を食べられない。最後に外国のおもしろい食べ物を、たぶん外国人のように料理できない。
ファーストフードと家庭料理はいい点と悪い点がある。ファーストフードは便利だから、会社員とか時間があまりない人にいいことと思う。時間があれば、家庭料理はいいと思う。家庭料理のほうが体にいいだから、もっと自分で料理すればいい。ときどきファーストフードを食べるのはいいと思う。","ファーストフードというのはマクドナルドやバーガーキングやモスバーガーのようなところだ。それにも日本の牛丼とかそばのみせもファーストフードだ。反対に家庭料理は家で料理する食べ物だ。
ファーストフードのいい点は便利でやすい。ファーストフードの店の中からいい匂いが来る。あまり時間がかからないので、早く入ると食べられる。色々な国からの食べ物を食べてみる。店の中、家、近くの公園にも食べに行ける。バッグとかクップとかあるから、簡単に持ってる。食べた後、ゴミがリサイクルできる。
ファーストフードの悪い点はたいてい体によくない。いつもファーストフードを食べすぎると太るになるかもしれない。たいていたくさん塩が入ってる、いい味でも体によくないことだ。
家庭料理のいい点はクックの愛が入ってる。言うまでもなく、家族の一員が料理した食べ物は最高だ。そしても自分で料理して、何が入ってるのをコントロールできる。多くの野菜とか、果物を入れる。
家庭料理の悪い点は時間がかかること。たいていファーストフードより高い。料理するのは上手じゃなければ、美味しい物を食べられない。最後に外国のおもしろい食べ物を、たぶん外国人のように料理できない。
ファーストフードと家庭料理はいい点と悪い点がある。ファーストフードは便利だから、会社員とか時間があまりない人にいいことと思う。時間があれば、家庭料理はいいと思う。家庭料理のほうが体に",70.0,intermediate,26.0,311.0,11.961538461538462,0.3697749196141479,19.0,644.0,22.0,9.0,115.0,54.0,2.47,2.099,3.425,3.29,2.509,2.437
64,64,64,ENZ27,ENG,英語,"世界の中で、食べ物は大切です。人間は食べ物が絶対要ります。そして、色々な食べ物があります。食べ物の中で、二つの主要な種類はファストフードと手作りです。これらのタイプを調べして、賛否両論を見付けます。
最初は、ファストフードです。ファストフードは世界中とても人気があります。ファストフードには、利益がたくさんあります。例えば、とても便利です。都合が悪くてお腹が空いた時、ファストフードを食べるのは簡単です。そして、他の食べ物より、ファストフードはよく安くて美味しいです。けれども、他の食べ物より、ファーストフードは元気ではありません。実はファストフードをいつも食べたら、病気になります。本当に、ファストフードは賛否両論がたくさんあります。
次は、手作りの食べ物です。全ての文化は独自の手作りの食べ物があります。たとえば、日本では照り焼きや豚カツがあります。本当に、手作りはファストフードより美味しいです。色々な手作りがあって、ファストフードがすくないあります。そして、ファストフードより、とても元気です。けれども、手作りの食べ物の料理時間は長いです。だから、賛否両論がたくさんあります。
結論には、ファストフードより手作りの食べ物のほうがいいです。美味しくて色々な種類があるからです。これらの主要な種類は本当に違いました。","世界の中で、食べ物は大切です。人間は食べ物が絶対要ります。そして、色々な食べ物があります。食べ物の中で、二つの主要な種類はファストフードと手作りです。これらのタイプを調べして、賛否両論を見付けます。
最初は、ファストフードです。ファストフードは世界中とても人気があります。ファストフードには、利益がたくさんあります。例えば、とても便利です。都合が悪くてお腹が空いた時、ファストフードを食べるのは簡単です。そして、他の食べ物より、ファストフードはよく安くて美味しいです。けれども、他の食べ物より、ファーストフードは元気ではありません。実はファストフードをいつも食べたら、病気になります。本当に、ファストフードは賛否両論がたくさんあります。
次は、手作りの食べ物です。全ての文化は独自の手作りの食べ物があります。たとえば、日本では照り焼きや豚カツがあります。本当に、手作りはファストフードより美味しいです。色々な手作りがあって、ファストフードがすくないあります。そして、ファストフードより、とても元気です。けれども、手作りの食べ物の料理時間は長いです。だから、賛否両論がたくさんあります。
結論には、ファストフードより手作りの食べ物のほうがいいです。美味しくて色々な種類があるからです。これらの主要な種類は本当に違いました。",48.0,beginner,25.0,236.0,9.44,0.3601694915254237,9.0,560.0,23.0,13.0,108.0,27.0,1.963,1.669,3.007,2.923,1.973,1.899
65,65,65,ENZ31,ENG,英語,"私が小学生だったころ、母が毎日弁当を作ってくれたのだけど、私は学校の店から昼ご飯を買いたいとよく言った。しかし、今は大学生になり、母が弁当を作ってくれないのでよく外食することになった。そんな私にとっては、母の料理ほどおいしいものはないと感じることになった。
料理が下手な私にとって、母のように上手になるのが夢なのだ。なぜなら自分の手で何かを作り出すことによって、とてもいい気分になれるからだ。自分のために作っても、愛する人のために作っても、かならずいい気分になれると思う。日本語にある「いただきます」と「ごちそうさま」と言うフレーズはこの気持ちを表す、と私は思う。
外食する時にもいい気分になれるけれど、ほとんどの場合では後から代価を払うことになるだろう。人気のあるファスト・フードなどには栄養バランスがないし、自分でご飯を作るより高いことがよくある。しかしそれでも、とにかく食べたくなる時があるだろう。または時間がない時や疲れている時には、ファスト・フードの存在が助かる。誰にでもそのような気持ちがあるので、ファスト・フードは100％悪いと思わない。食べ過ぎしないようにすれば、問題はないだろう。
母が作ってくれるお弁当やご飯には、栄養もあるし、愛もたっぷり入っている。だから母の料理は、ファスト・フードなどよりもありがたく食べるのだ。ファスト・フードをおいしく食べても、手料理の魅力は忘れない。","私が小学生だったころ、母が毎日弁当を作ってくれたのだけど、私は学校の店から昼ご飯を買いたいとよく言った。しかし、今は大学生になり、母が弁当を作ってくれないのでよく外食することになった。そんな私にとっては、母の料理ほどおいしいものはないと感じることになった。
料理が下手な私にとって、母のように上手になるのが夢なのだ。なぜなら自分の手で何かを作り出すことによって、とてもいい気分になれるからだ。自分のために作っても、愛する人のために作っても、かならずいい気分になれると思う。日本語にある「いただきます」と「ごちそうさま」と言うフレーズはこの気持ちを表す、と私は思う。
外食する時にもいい気分になれるけれど、ほとんどの場合では後から代価を払うことになるだろう。人気のあるファスト・フードなどには栄養バランスがないし、自分でご飯を作るより高いことがよくある。しかしそれでも、とにかく食べたくなる時があるだろう。または時間がない時や疲れている時には、ファスト・フードの存在が助かる。誰にでもそのような気持ちがあるので、ファスト・フードは100％悪いと思わない。食べ過ぎしないようにすれば、問題はないだろう。
母が作ってくれるお弁当やご飯には、栄養もあるし、愛もたっぷり入っている。だから母の料理は、ファスト・フードなどよりもありがたく食べるのだ。ファスト・フードをおいしく食べても、手料理の魅力は忘れない。",79.0,intermediate,16.0,306.0,19.125,0.3856209150326797,22.0,599.0,16.0,9.0,147.0,29.0,2.667,2.149,3.328,3.25,2.511,2.36
66,66,66,ENZ38,ENG,英語,"私はと言う大学二年生で食べるのが大好きだ。言うまでもなく、健康に良い食べ物と悪い食べ物がある。それだけではなくて、何を食べるのは脳の効果もある。だから、私たちは気をつけなさい。私は健康食品とファーストフードのいい点と悪いについて書きたいと思う。
まず、分かってきったのは健康食品が健康になるのに家で料理を作るのは長い時間がかかるだろう。だから、暇がないと多い人はファーストフードを食べてしてしまうことがある。なぜなら、便利し、あじがおいしいし、食べた後でそうじをしなくてもいい。しかし、悪い点は外食するのがお金を使わなければないし、安くないし、健康に良くないし。私はファーストフードが好きですが食べすぎると、おなかが気持ちが悪くなることがある。なぜなら、ハンバーガーなどオイリーし野菜があまりないし。
それどころか、健康のため、肉など野菜を食べるのは必要だ。でも肉を食べすぎるのは悪いと思う。そして、野菜は高くてあまりおいしくないから、たくさんの人は食べたくない。でも長い時間野菜を食べなかったら、便秘になるだろう。そして、便秘になれば医者に訪問してくすりを買ってしまうの可能性があるだろう。だから、野菜を食べるのほうがいいだと思う。料理をしたら、気をつけてしなさい。
ようやくすると、分かってきたのはいい健康になるため、生活をバランスしなければならない。ファーストフードを食べることができるが毎日食べるのはだめ。","私はと言う大学二年生で食べるのが大好きだ。言うまでもなく、健康に良い食べ物と悪い食べ物がある。それだけではなくて、何を食べるのは脳の効果もある。だから、私たちは気をつけなさい。私は健康食品とファーストフードのいい点と悪いについて書きたいと思う。
まず、分かってきったのは健康食品が健康になるのに家で料理を作るのは長い時間がかかるだろう。だから、暇がないと多い人はファーストフードを食べてしてしまうことがある。なぜなら、便利し、あじがおいしいし、食べた後でそうじをしなくてもいい。しかし、悪い点は外食するのがお金を使わなければないし、安くないし、健康に良くないし。私はファーストフードが好きですが食べすぎると、おなかが気持ちが悪くなることがある。なぜなら、ハンバーガーなどオイリーし野菜があまりないし。
それどころか、健康のため、肉など野菜を食べるのは必要だ。でも肉を食べすぎるのは悪いと思う。そして、野菜は高くてあまりおいしくないから、たくさんの人は食べたくない。でも長い時間野菜を食べなかったら、便秘になるだろう。そして、便秘になれば医者に訪問してくすりを買ってしまうの可能性があるだろう。だから、野菜を食べるのほうがいいだと思う。料理をしたら、気をつけてしなさい。
ようやくすると、分かってきたのはいい健康になるため、生活をバランスしなければならない。ファーストフードを食べることができるが毎日食",45.0,beginner,20.0,311.0,15.55,0.3569131832797427,19.0,607.0,24.0,9.0,149.0,40.0,2.867,2.378,3.866,3.733,2.814,2.721
67,67,67,EUS08,ENG,英語,"ファストフードはとてもおいして、便利です。しかし、もしかして時間があります、料理はファストフードよりおいして、健康です。それから、料理はファストフードよりよいです。
その理由が三つがあります。まず、料理は家族のアクティビティですから、家族の時間がもっとあります。そして、子供がお父さんとお母さんから料理するをべんきょうします、とれんしゅうします。ふたつ、ファストフードは料理ほど健康じゃありません。たとえば、ラメンはとてもおいしいけど、中でやさいやビタミンやありません。私の家族のティピカルな料理はライスとおにくとやさいがあります。それはビタミンと蛋白質といっぱいあります。三つ、料理はファストフードほど高くないです。もし、ファストフードが毎日食べます、それはとても高いです。一食は八ドルぐらいです、それから一週間で、五十六ドルぐらいです。でも、私の家で、一週間の料理の材料は三十ドル以下かもしれんません。
料理はとてもいいですけど、ファストフードはわるくありません。時々、私たちはひじょうにいそがしいですから、料理するの時間がありません。だから、ファストフードをたべます。学校へ行きますの前に、ファストフードはとても便利です。
料理とファストフードと、どちらもいいです。もしファストフードがあまり食べません、それは高くないです。ラメンとハンバーガと安いです、二ドルぐらいです。でも、もし毎日ファストフードが食べます、それはとても安くありません、健康じゃありません。","ファストフードはとてもおいして、便利です。しかし、もしかして時間があります、料理はファストフードよりおいして、健康です。それから、料理はファストフードよりよいです。
その理由が三つがあります。まず、料理は家族のアクティビティですから、家族の時間がもっとあります。そして、子供がお父さんとお母さんから料理するをべんきょうします、とれんしゅうします。ふたつ、ファストフードは料理ほど健康じゃありません。たとえば、ラメンはとてもおいしいけど、中でやさいやビタミンやありません。私の家族のティピカルな料理はライスとおにくとやさいがあります。それはビタミンと蛋白質といっぱいあります。三つ、料理はファストフードほど高くないです。もし、ファストフードが毎日食べます、それはとても高いです。一食は八ドルぐらいです、それから一週間で、五十六ドルぐらいです。でも、私の家で、一週間の料理の材料は三十ドル以下かもしれんません。
料理はとてもいいですけど、ファストフードはわるくありません。時々、私たちはひじょうにいそがしいですから、料理するの時間がありません。だから、ファストフードをたべます。学校へ行きますの前に、ファストフードはとても便利です。
料理とファストフードと、どちらもいいです。もしファストフードがあまり食べません、それは高くないです。ラメンとハンバーガと安いです、二ドルぐらいです。でも、もし毎日ファスト",54.0,beginner,22.0,274.0,12.454545454545457,0.3759124087591241,8.0,633.0,12.0,2.0,124.0,36.0,2.461,2.074,3.438,3.29,2.628,2.398
68,68,68,EUS11,ENG,英語,"私はファストフードを食べることにしていません。マクドナルドの食べ物を食べるときには、病気です。でも父はファストフードが便利だと思って、毎日食べます。父は料理する事が好きじゃありません。マクドナルドは低いと思いますが、本当に低くないです。一人が食べたら、十ドルです。でも、家の台所で料理すると、高くないと思います。
そして、ファストフードは健康に有害です。カロリーが高くて、多いです。母は「ファストフードを食べてはいけませんよ！」と言います。マクドナルドを食べたら、大きくなると言った。
母は料理する事が上手です。健康的な食事して、子供たちは母のカレーライスが大好きです。
時々、ファストフードを食べます。食べた後で、悪い気があります。たばこ中毒は、ファストフード中毒のようです。ファストフードを食べない方が健康にいいと思います。ファストフードはチョイスが多いです。ハンバーガー、サラダ、ピザ、一日中食べられます。日本のラーメンバーガーは一番変な食べ物と思います。日本では、ファストフードが健康的です。ベントやすしは野菜が多い。日本では、早く食べたい人はファストフードはいいと思います。アメリカでは、ファストフードは健康的じゃありません。野菜もありません。アメリカでは手料理はファストフードより健康的と思います。","私はファストフードを食べることにしていません。マクドナルドの食べ物を食べるときには、病気です。でも父はファストフードが便利だと思って、毎日食べます。父は料理する事が好きじゃありません。マクドナルドは低いと思いますが、本当に低くないです。一人が食べたら、十ドルです。でも、家の台所で料理すると、高くないと思います。
そして、ファストフードは健康に有害です。カロリーが高くて、多いです。母は「ファストフードを食べてはいけませんよ！」と言います。マクドナルドを食べたら、大きくなると言った。
母は料理する事が上手です。健康的な食事して、子供たちは母のカレーライスが大好きです。
時々、ファストフードを食べます。食べた後で、悪い気があります。たばこ中毒は、ファストフード中毒のようです。ファストフードを食べない方が健康にいいと思います。ファストフードはチョイスが多いです。ハンバーガー、サラダ、ピザ、一日中食べられます。日本のラーメンバーガーは一番変な食べ物と思います。日本では、ファストフードが健康的です。ベントやすしは野菜が多い。日本では、早く食べたい人はファストフードはいいと思います。アメリカでは、ファストフードは健康的じゃありません。野菜もありません。アメリカでは手料理はファストフードより健康的と思います。",67.0,intermediate,27.0,254.0,9.407407407407408,0.358267716535433,9.0,555.0,13.0,3.0,121.0,30.0,2.542,2.115,3.479,3.402,2.335,2.267
69,69,69,EUS12,ENG,英語,"今時、ますます多くの人々がファストフードを食べると決めているのです。一長一短があります。急いでいる時に、ファストフード店でオーダしてどこでも食べられるのがいいことです。早くて、安くて、易しいです。それどころか、いたって体に悪いです。ファストフードは脂肪と砂糖でいっぱいです。慎まなければ、ファストフードは健康の危険になれます。食べに行き過ぎられるならば、高くなれます。もしも油っぽい食べ物を食べ過ぎられたら、具合が悪くなられます。心臓病とか高血圧が問題になります。
手料理が違います。悪いことが多いです。材料がたくさん必要で、必ずしも安くありません。手料理の作ることはファストフードを買いに行くことより高いです。手料理も時間がかかって、腕前が必要とします。しかし、いいこともあります。家で料理していた食べ物は買った食べ物より美味しいです。付け加えると、手料理も健康にいいです。家で料理していた健康食品を食べられるならば、もっと強くなられて、元気を出されます。丈夫な生活様式を掲げらけます。水をもっと飲んで、運動をはじめられます。
つまるところ、ファストフードより家で料理していた食べ物の方がいいと思っています。ファストフードは早くて、安くて、でも、油っぽくて健康に悪いです。そして結局は安くつきます。もっと時間がかかれますが、もっとうまくて、体にもっといいです。ですから、多くの人々が手料理を作らなければなりません。","今時、ますます多くの人々がファストフードを食べると決めているのです。一長一短があります。急いでいる時に、ファストフード店でオーダしてどこでも食べられるのがいいことです。早くて、安くて、易しいです。それどころか、いたって体に悪いです。ファストフードは脂肪と砂糖でいっぱいです。慎まなければ、ファストフードは健康の危険になれます。食べに行き過ぎられるならば、高くなれます。もしも油っぽい食べ物を食べ過ぎられたら、具合が悪くなられます。心臓病とか高血圧が問題になります。
手料理が違います。悪いことが多いです。材料がたくさん必要で、必ずしも安くありません。手料理の作ることはファストフードを買いに行くことより高いです。手料理も時間がかかって、腕前が必要とします。しかし、いいこともあります。家で料理していた食べ物は買った食べ物より美味しいです。付け加えると、手料理も健康にいいです。家で料理していた健康食品を食べられるならば、もっと強くなられて、元気を出されます。丈夫な生活様式を掲げらけます。水をもっと飲んで、運動をはじめられます。
つまるところ、ファストフードより家で料理していた食べ物の方がいいと思っています。ファストフードは早くて、安くて、でも、油っぽくて健康に悪いです。そして結局は安くつきます。もっと時間がかかれますが、もっとうまくて、体にもっといいです。ですから、多くの人々が手料理を作らなけ",52.0,beginner,26.0,288.0,11.076923076923077,0.3784722222222222,27.0,608.0,17.0,21.0,130.0,34.0,2.506,2.196,3.682,3.523,2.559,2.453
70,70,70,EUS15,ENG,英語,"私のために、ファストフードとうちで料理する食べ物は大体同じです。なぜならばうちで料理する食べ物とファストフードが二つともとても油っこいと思います。そして、私は全然料理をしないで、いつもファストフードを食べますから、私が食べるファストフードはうちで料理する食べ物よりもっとヘルシーとか安いと思います。勿論、何を食べることによります。
私は一人暮らしで、あんまり家にいませんから、ファストフードは安くて、美味しくて、便利です。一日にたぶん１０ドルぐらいを使います。人々がファストフードを考える時、ハンバーガとかフライドポテトを考えるをしていますが、アメリカにファストフードはマクドナルドだけじゃないです。サブウェーもファストフードで、ヘルシーと思います。
うちで料理をする食べ物もヘルシーですが、うちで料理をすることはてましごとです。人は食べ物を買って、料理を準備して、料理をして、皿を洗わなければなりません。それはとてもてましごとです。そして、私は料理をできませんから、料理がとてもとてもとてもまずくなって、ゴミ箱に捨てます。他人はたぶん美味しい食べ物を作ることができますが、私はできません。
だから、私のために、私がファストフードはうちで作る食べ物よりベターだと思います。スーパーで食べ物を買ってはなりません。食べ物を作ってはなりません。皿を洗ってはなりません。レストランに行って、食べ物を買って、うちだけに戻らなければなりません。","私のために、ファストフードとうちで料理する食べ物は大体同じです。なぜならばうちで料理する食べ物とファストフードが二つともとても油っこいと思います。そして、私は全然料理をしないで、いつもファストフードを食べますから、私が食べるファストフードはうちで料理する食べ物よりもっとヘルシーとか安いと思います。勿論、何を食べることによります。
私は一人暮らしで、あんまり家にいませんから、ファストフードは安くて、美味しくて、便利です。一日にたぶん１０ドルぐらいを使います。人々がファストフードを考える時、ハンバーガとかフライドポテトを考えるをしていますが、アメリカにファストフードはマクドナルドだけじゃないです。サブウェーもファストフードで、ヘルシーと思います。
うちで料理をする食べ物もヘルシーですが、うちで料理をすることはてましごとです。人は食べ物を買って、料理を準備して、料理をして、皿を洗わなければなりません。それはとてもてましごとです。そして、私は料理をできませんから、料理がとてもとてもとてもまずくなって、ゴミ箱に捨てます。他人はたぶん美味しい食べ物を作ることができますが、私はできません。
だから、私のために、私がファストフードはうちで作る食べ物よりベターだと思います。スーパーで食べ物を買ってはなりません。食べ物を作ってはなりません。皿を洗ってはなりません。レストランに行って、食べ物を買って、う",60.0,intermediate,18.0,288.0,16.0,0.3125,16.0,616.0,12.0,3.0,129.0,17.0,2.314,1.924,3.393,3.335,2.361,2.251
71,71,71,EUS33,ENG,英語,"現代の人々は、昔よりもっと忙しくなってきました。私たちは、仕事や家族、それから色々な社交義務のせいで、あちらこちらに走ってきたり様々な活動に取り組んだりしています。それに、テクノロジーを生活の中心にしてスマホから目も手も離れない時代の中に住んでいます。このようなペースの速い生活は、いうまでもなく、私たちの食事生活にも大きな影響を与えました。それは、多くの人々は今、家で作った食事をしないでファストフードをそのかわりによく食べるようになったということです。
現代の人々にとっては、ファストフードはさすがに便利なものです。どこでもどんな時でも安くて簡単に食べられる食事なのです。たとえば、時間がなく家でちゃんと朝食が摂れないサラリーマンなどは、職場へ行く途中でファストフードを買って車の中で食べられます。でも、ファストフードはどれほど便利で安くても、健康的ではなく身体に悪いものだそうです。
一方、ファストフードをたくさん食べるより、家で新鮮な材料の入った料理を作ってそれを食べるほうが、最終的に安くて健康的で身体にいいそうです。残念ながら、家でゆっくり食事を一緒にする家族は今珍しいです。自分で家で食事を作るのにもちろん時間がかかりますが、それをする利益はとても価値があります。たとえば、家で家族とみんなで食事をしながら楽しい時間を過ごせたり、健康的なものを食べたり、お金も節約したりすることができます。
ですから、これからは、ファストフードを制限してもっと家で料理を作って食事をするようにがんばりましょう。","現代の人々は、昔よりもっと忙しくなってきました。私たちは、仕事や家族、それから色々な社交義務のせいで、あちらこちらに走ってきたり様々な活動に取り組んだりしています。それに、テクノロジーを生活の中心にしてスマホから目も手も離れない時代の中に住んでいます。このようなペースの速い生活は、いうまでもなく、私たちの食事生活にも大きな影響を与えました。それは、多くの人々は今、家で作った食事をしないでファストフードをそのかわりによく食べるようになったということです。
現代の人々にとっては、ファストフードはさすがに便利なものです。どこでもどんな時でも安くて簡単に食べられる食事なのです。たとえば、時間がなく家でちゃんと朝食が摂れないサラリーマンなどは、職場へ行く途中でファストフードを買って車の中で食べられます。でも、ファストフードはどれほど便利で安くても、健康的ではなく身体に悪いものだそうです。
一方、ファストフードをたくさん食べるより、家で新鮮な材料の入った料理を作ってそれを食べるほうが、最終的に安くて健康的で身体にいいそうです。残念ながら、家でゆっくり食事を一緒にする家族は今珍しいです。自分で家で食事を作るのにもちろん時間がかかりますが、それをする利益はとても価値があります。たとえば、家で家族とみんなで食事をしながら楽しい時間を過ごせたり、健康的なものを食べたり、お金も節約したりすることができま",75.0,intermediate,14.0,337.0,24.071428571428573,0.4094955489614243,22.0,654.0,23.0,20.0,142.0,57.0,2.435,1.933,3.231,3.16,2.235,2.195
72,72,72,EUS36,ENG,英語,"わたしたちははやいりょうりのがすきです。でも、げんきじゃありません。アメリカで毎日たくさん人ははやいりょうりを食べます。かていりょうりをしません。アメリカ人はとてもいそがしいですけど、じかんがありません。日本人もいそがしいです。でも、日本人はアメリカ人よりがかていりょうりを食べます。
はやいたべものははやいです。また、おいしいです。でも、とてもわるいです。はやいりょうりはしぼうをたくさんもってあります。やさいやくだものがありません。かていりょうりはビタミンやがあります。そして、げんきです。それから、かていりょうりははやいたりょうりよりがおいしいです。でも、かいてりょうりははやくないです。人はひまではありませんけど、かていりょうりはとてもむずかしいです。
こどもははやいりょうりが大好きです。とくにマクドナルドが大好きです。こどもははやいりょうりで、ハンバーガーやチケンナッゲとやフレンチフライを食べます。でも、ブロッコリやいろいろなやさいを食べません。また、バナナやりんごやオレンジーも食べません。こどもはかていりょうりがちょっときらいです。でも、かていりょうりはやさいやくだものがあります。でも、かていりょうりはそれには時間がかかります。いそがしい人はかていりょうりがきらいですから、はやいりょうりをたべます。かていりょうりはときどきむずきあしいです。でも、いつもげんきです。はやいりょうりはいつもやさしいです。でも、とてもわるいです。","わたしたちははやいりょうりのがすきです。でも、げんきじゃありません。アメリカで毎日たくさん人ははやいりょうりを食べます。かていりょうりをしません。アメリカ人はとてもいそがしいですけど、じかんがありません。日本人もいそがしいです。でも、日本人はアメリカ人よりがかていりょうりを食べます。
はやいたべものははやいです。また、おいしいです。でも、とてもわるいです。はやいりょうりはしぼうをたくさんもってあります。やさいやくだものがありません。かていりょうりはビタミンやがあります。そして、げんきです。それから、かていりょうりははやいたりょうりよりがおいしいです。でも、かいてりょうりははやくないです。人はひまではありませんけど、かていりょうりはとてもむずかしいです。
こどもははやいりょうりが大好きです。とくにマクドナルドが大好きです。こどもははやいりょうりで、ハンバーガーやチケンナッゲとやフレンチフライを食べます。でも、ブロッコリやいろいろなやさいを食べません。また、バナナやりんごやオレンジーも食べません。こどもはかていりょうりがちょっときらいです。でも、かていりょうりはやさいやくだものがあります。でも、かていりょうりはそれには時間がかかります。いそがしい人はかていりょうりがきらいですから、はやいりょうりをたべます。かていりょうりはときどきむずきあしいです。でも、いつもげんきです。はやいりょうり",38.0,beginner,30.0,225.0,7.5,0.3555555555555555,9.0,623.0,0.0,3.0,87.0,3.0,2.105,1.881,3.379,3.089,2.182,2.084
73,73,73,EUS38,ENG,英語,"ファストフードとかていりょうりとどちらの方が食べますか。ファストフードとかていりょうりとどちらの方がヘルシーですか。どちらの方がおいしいですか。食べものはおいしいですなら、いいですか。
ファストふドは多くのゆしがあります。つれにファストフドを食べるなら、ヘルシーじゃありません。多くのアメリカ人はファストフドを食べます。三十五分の一以上のアメリカ人の大人はデブです。なぜ？ファストフドはべんりです。べんりはいいですでも、いくらですか。あのひようは高いです。じょうじ、ファストフドのふうみはわるいです。あるファストフドはおいしいですでも、このファストフドよりたははの方が高いです。
ファストフドはかていりょうりよいの方がヘルシーですでも、ざいりょうはヘルシーじゃなければなりません。ざいりょうはわるいですなら、かていりょうりはヘルシーじゃありません。けんこうしょくひんはじゅうようです。また、しぞくと食べものを食べます。アメリカのことわざがあります。「しぞくはかいしょくするなら、トゥギャザーがたいざいする。」しぞくの時間はじゅうようです。かていりょうりはしぞくをスポートします。
私のい見はかていりょうりよりファストフドはの方がいいです。ファストフドはかていりょうりのふうみもよりいいです。かていりょうりは時間がかかるでも、私のい見、かていりょうりはあたいします。けんこうしゅくひんを食べませんか？","ファストフードとかていりょうりとどちらの方が食べますか。ファストフードとかていりょうりとどちらの方がヘルシーですか。どちらの方がおいしいですか。食べものはおいしいですなら、いいですか。
ファストふドは多くのゆしがあります。つれにファストフドを食べるなら、ヘルシーじゃありません。多くのアメリカ人はファストフドを食べます。三十五分の一以上のアメリカ人の大人はデブです。なぜ？ファストフドはべんりです。べんりはいいですでも、いくらですか。あのひようは高いです。じょうじ、ファストフドのふうみはわるいです。あるファストフドはおいしいですでも、このファストフドよりたははの方が高いです。
ファストフドはかていりょうりよいの方がヘルシーですでも、ざいりょうはヘルシーじゃなければなりません。ざいりょうはわるいですなら、かていりょうりはヘルシーじゃありません。けんこうしょくひんはじゅうようです。また、しぞくと食べものを食べます。アメリカのことわざがあります。「しぞくはかいしょくするなら、トゥギャザーがたいざいする。」しぞくの時間はじゅうようです。かていりょうりはしぞくをスポートします。
私のい見はかていりょうりよりファストフドはの方がいいです。ファストフドはかていりょうりのふうみもよりいいです。かていりょうりは時間がかかるでも、私のい見、かていりょうりはあたいします。けんこうしゅくひんを食べませんか？",34.0,beginner,26.0,254.0,9.76923076923077,0.3661417322834646,18.0,599.0,15.0,1.0,92.0,11.0,2.666,2.416,3.678,3.536,2.828,2.677
74,74,74,EUS39,ENG,英語,"私は毎日鶏とたくさん野菜を食べました。あまり脂肪の多い食品を食べません。私はファストフードを食べません。その理由はファストフードはうちで作った食べ物よりたかいです。うちで作った食べ物は健康食品。例えば、ファストフードを食べた後で運動したら悪いきもちになります。だから、うちで作った食べ物をたべてばかりです。
旅行することの時、仕方がないから時々ファストフードをたべます。その時の後でもっと運動します。
ファストフードはまずくないし、毎日たべたらちょっと高いし、便利だし、早いです。でも、うちで作った食べ物はおいしいし、健康食品です。うちで作った食べ物はファストフードよりもっと料理をした時間です。
全体的にファストフードは悪くないですが、あまりよくないです。うちで作った食べ物をたべる方がいいです。","私は毎日鶏とたくさん野菜を食べました。あまり脂肪の多い食品を食べません。私はファストフードを食べません。その理由はファストフードはうちで作った食べ物よりたかいです。うちで作った食べ物は健康食品。例えば、ファストフードを食べた後で運動したら悪いきもちになります。だから、うちで作った食べ物をたべてばかりです。
旅行することの時、仕方がないから時々ファストフードをたべます。その時の後でもっと運動します。
ファストフードはまずくないし、毎日たべたらちょっと高いし、便利だし、早いです。でも、うちで作った食べ物はおいしいし、健康食品です。うちで作った食べ物はファストフードよりもっと料理をした時間です。
全体的にファストフードは悪くないですが、あまりよくないです。うちで作った食べ物をたべる方がいいです。",35.0,beginner,14.0,165.0,11.785714285714286,0.4,5.0,349.0,16.0,1.0,81.0,18.0,2.417,2.15,3.202,3.037,2.462,2.385
75,75,75,EUS47,ENG,英語,"宿題の締め切りが来て、犬が散歩に行きたいで、家が汚いです。それより、お腹がすいて、少ない時間があります。どうする？家で料理できるけど、通りの向こう側のマクドナルドが凄く便利です。手料理とファストフードとでは、どちらがいいですか？正しい答えが難しいですけど、どっちでもいい物とわるい物が持っています。
多くの人は手料理の時間がもっていません。ファストフードが凄く便利で、早いですから有名です。手料理より安いで、少ない時間がいります。じゃ、どうして食べたくないですか？
その理由は、ファストフードが手料理ほど気によくないです。あの早い食べ物の中に多くの脂肪や多くの塩があります。それから、多くの分からない物があります。ファストフードは便利ですけどよく気に悪いです。
ファストフードが悪いだったら、手料理の方がいいでしょう？ぜんぶの食べ物を知ってるけど、いいことだけじゃないです。おいしい手料理の作るのはファストフードよりたくさん時間がいります。あの時間がもっていませんなら、もしかし手料理はだめでしょう。時間を作るできないなら、手料理はぜったいにだめです。しかし、ファストフードより凄く気にいいです。
食べ物は大事物だから、毎日、食べるの所を気をつけて。手料理が一番良い食と思いますけど、別の人は別の人生が生きる。","宿題の締め切りが来て、犬が散歩に行きたいで、家が汚いです。それより、お腹がすいて、少ない時間があります。どうする？家で料理できるけど、通りの向こう側のマクドナルドが凄く便利です。手料理とファストフードとでは、どちらがいいですか？正しい答えが難しいですけど、どっちでもいい物とわるい物が持っています。
多くの人は手料理の時間がもっていません。ファストフードが凄く便利で、早いですから有名です。手料理より安いで、少ない時間がいります。じゃ、どうして食べたくないですか？
その理由は、ファストフードが手料理ほど気によくないです。あの早い食べ物の中に多くの脂肪や多くの塩があります。それから、多くの分からない物があります。ファストフードは便利ですけどよく気に悪いです。
ファストフードが悪いだったら、手料理の方がいいでしょう？ぜんぶの食べ物を知ってるけど、いいことだけじゃないです。おいしい手料理の作るのはファストフードよりたくさん時間がいります。あの時間がもっていませんなら、もしかし手料理はだめでしょう。時間を作るできないなら、手料理はぜったいにだめです。しかし、ファストフードより凄く気にいいです。
食べ物は大事物だから、毎日、食べるの所を気をつけて。手料理が一番良い食と思いますけど、別の人は別の人生が生きる。",62.0,intermediate,22.0,266.0,12.090909090909092,0.3947368421052631,17.0,555.0,15.0,21.0,132.0,30.0,2.945,2.5,4.034,3.899,2.91,2.801
76,76,76,FFR22,FRA,フランス語,"現代にファーストフードが世界であります。欧米もアジアもマクドナルドで食べられます。とても便利です。早くて安いので、学生や忙しい人はあまねくファーストフードが好きです。
ファーストフードは働く所のとなりにいつもあります。では、便利だけれど、欠点もたくさんあります。例えば、作った食料品はよく拙いです。
食べすぎるならば、太ってしまって、病気になるかもしれません。ときどきファーストフードで食べろもいいだけど、毎日はちょっとあぶないです。
うちに作った料理は違います。作ることはもっと難しくて長いです。作る時失敗できます。
でも、たいてい料理はとてもおいしいです。おいしい食べ物を作った時とてもほこらしくなります。
よくいい食べ物を食べれば、清祥ができます。両親と祖父母はいつもいい食べ物を作ります。
自分の料理はたくさん料理法ができます。ファーストフードにはサンドイッチトとフライドポテトだけ食べられます。
私にとって、友達と一緒に食べたらファーストフードが完璧で、家族と食べたら自分の料理が完璧です。
私は友達とファーストフードで食べることが好きです。でも母と父の料理がとても大好きです。
私は料理を作ることがちょっと得意で好きです。
多分将来にはとてもいい食べ物を作るファーストフードがあるかもしれません。","現代にファーストフードが世界であります。欧米もアジアもマクドナルドで食べられます。とても便利です。早くて安いので、学生や忙しい人はあまねくファーストフードが好きです。
ファーストフードは働く所のとなりにいつもあります。では、便利だけれど、欠点もたくさんあります。例えば、作った食料品はよく拙いです。
食べすぎるならば、太ってしまって、病気になるかもしれません。ときどきファーストフードで食べろもいいだけど、毎日はちょっとあぶないです。
うちに作った料理は違います。作ることはもっと難しくて長いです。作る時失敗できます。
でも、たいてい料理はとてもおいしいです。おいしい食べ物を作った時とてもほこらしくなります。
よくいい食べ物を食べれば、清祥ができます。両親と祖父母はいつもいい食べ物を作ります。
自分の料理はたくさん料理法ができます。ファーストフードにはサンドイッチトとフライドポテトだけ食べられます。
私にとって、友達と一緒に食べたらファーストフードが完璧で、家族と食べたら自分の料理が完璧です。
私は友達とファーストフードで食べることが好きです。でも母と父の料理がとても大好きです。
私は料理を作ることがちょっと得意で好きです。
多分将来にはとてもいい食べ物を作るファーストフードがあるかもしれません。",61.0,intermediate,23.0,248.0,10.782608695652174,0.3911290322580645,12.0,554.0,8.0,6.0,105.0,31.0,2.712,2.355,3.892,3.809,2.685,2.593
77,77,77,FFR31,FRA,フランス語,"今日では、ファストフードのレストラン[マクドナルドとか]が有名くてたくさんあります。
でも、家庭料理より、ファストフードが本当に良いですか。ところで、ファストフードと家庭料理の悪い側面と働きを見ましょう。
まず、ファストフードの働きは簡単です。ファーストフードで、料理を作ることがとても早いです。実は、マクドナルドで一分間を待ていると、ハンバーガがたべられます。
それで、ファーストフードは毎日開いているので、とても便利です。
又、ファストフードの食事は安いので、学生はよくファストフードに行けます。
それと比べて、家庭料理は色々いい働きがあります。第一に、家庭料理の材料が知るので、健康に心配しません。それに、家庭料理で選択肢がたくさんあります。ファストフードはハンバがとフライドポテトだけですから、健康に悪いです。又、アメリカの研究者は家庭料理の働きについて調べたことがあります。その調査の結果は家庭料理を毎日同じ時間に食べることは体にとても良いです。そして、家族と、友達と、おいしい作って家庭料理を食べることはいい気持ちですから、リラックスができます。
次に、ファストフードの大切な悪い側面は健康に悪いです。ファストフードで食べすぎると太ります。太っている人にはたくさん心臓病があります。ところが、家庭料理の悪い側面はお皿を洗うだけです。
ですから、便利なファストフードより、健康に良い家庭料理が好きです。","今日では、ファストフードのレストラン[マクドナルドとか]が有名くてたくさんあります。
でも、家庭料理より、ファストフードが本当に良いですか。ところで、ファストフードと家庭料理の悪い側面と働きを見ましょう。
まず、ファストフードの働きは簡単です。ファーストフードで、料理を作ることがとても早いです。実は、マクドナルドで一分間を待ていると、ハンバーガがたべられます。
それで、ファーストフードは毎日開いているので、とても便利です。
又、ファストフードの食事は安いので、学生はよくファストフードに行けます。
それと比べて、家庭料理は色々いい働きがあります。第一に、家庭料理の材料が知るので、健康に心配しません。それに、家庭料理で選択肢がたくさんあります。ファストフードはハンバがとフライドポテトだけですから、健康に悪いです。又、アメリカの研究者は家庭料理の働きについて調べたことがあります。その調査の結果は家庭料理を毎日同じ時間に食べることは体にとても良いです。そして、家族と、友達と、おいしい作って家庭料理を食べることはいい気持ちですから、リラックスができます。
次に、ファストフードの大切な悪い側面は健康に悪いです。ファストフードで食べすぎると太ります。太っている人にはたくさん心臓病があります。ところが、家庭料理の悪い側面はお皿を洗うだけです。
ですから、便利なファストフードより、健康に良い家庭料理",51.0,beginner,20.0,266.0,13.3,0.4210526315789473,19.0,606.0,36.0,13.0,109.0,49.0,2.421,1.964,3.326,3.169,2.406,2.307
78,78,78,FFR54,FRA,フランス語,"まず、ファーストフードはとてもやすくておいしい食事ですから、一番学生好きな食事です。でもやすいですから、元気は悪いですよ。それで毎日同じ食事を食べます。
そして家の料理はちょっと高いですけど、とても元気はいいです。色々な飯が食べられます。
「Super Size me」の映画の中に、レポーターは毎一日に三回にファーストフードで食べました。とても発病しました。ちょっとこわいですね。
私はファストフードがあまり好きではありません。いつも食べたあとでもう食べたいです。楽しいではありません。そして悪いがありますよ。
私は学生ですけど、たいてい食べることに時間がありません。だからカフェテリアでやすい食べ物を買います。
そして、私の一番好きな飯は家の料理ですよ。家族と一緒に食べることはとても大切です。いい食べ物を食べて面白い話を聞いて全部は家族ですよ。たとえば、小さいのときに私たちは毎土曜日におじいさんとおばあさんの家に一緒に食べに行きます。気持ちはとてもよかったと思い出します。今ひっこうをしたが、それをできまえん。ちょっと悲しいです。
最後に、ファーストフードはやすい飯ですが、元気が悪いです。家の料理はよくて楽しい時間です。フランスには家の食事はとっても大切ですよ。今から家族と一緒に食べて楽しい時間を経ましょう！","まず、ファーストフードはとてもやすくておいしい食事ですから、一番学生好きな食事です。でもやすいですから、元気は悪いですよ。それで毎日同じ食事を食べます。
そして家の料理はちょっと高いですけど、とても元気はいいです。色々な飯が食べられます。
「Super Size me」の映画の中に、レポーターは毎一日に三回にファーストフードで食べました。とても発病しました。ちょっとこわいですね。
私はファストフードがあまり好きではありません。いつも食べたあとでもう食べたいです。楽しいではありません。そして悪いがありますよ。
私は学生ですけど、たいてい食べることに時間がありません。だからカフェテリアでやすい食べ物を買います。
そして、私の一番好きな飯は家の料理ですよ。家族と一緒に食べることはとても大切です。いい食べ物を食べて面白い話を聞いて全部は家族ですよ。たとえば、小さいのときに私たちは毎土曜日におじいさんとおばあさんの家に一緒に食べに行きます。気持ちはとてもよかったと思い出します。今ひっこうをしたが、それをできまえん。ちょっと悲しいです。
最後に、ファーストフードはやすい飯ですが、元気が悪いです。家の料理はよくて楽しい時間です。フランスには家の食事はとっても大切ですよ。今から家族と一緒に食べて楽しい時間を経ましょう！",54.0,beginner,25.0,272.0,10.88,0.3786764705882353,12.0,560.0,8.0,4.0,104.0,41.0,3.029,2.586,4.197,4.112,2.917,2.829
79,79,79,FFR57,FRA,フランス語,"フランスでは体にいい食べ物をよく食べます。色々な野菜と果物があります。ダイエットをする人はその食べ物をよく食べます。でも今は学生達はだいたいファーストフードを食べてふとります。時間がない時は、サンドイッチやハンバーガーを早く食べます。これは悪いことと思います。体を壊しますから、残念と思います。
でも例えば、もし学生達は料理ができなかったら、母が時間がなかったら、難しいです。
もし学生は友達とファーストフードをだいたい食べったら、スポーツをしったら、それがいいと思います。
料理が上手な学生は、元気になります。そして、料理は多様です。でも、時間が沢山亡くするし買い物をよくするししんどいです。","フランスでは体にいい食べ物をよく食べます。色々な野菜と果物があります。ダイエットをする人はその食べ物をよく食べます。でも今は学生達はだいたいファーストフードを食べてふとります。時間がない時は、サンドイッチやハンバーガーを早く食べます。これは悪いことと思います。体を壊しますから、残念と思います。
でも例えば、もし学生達は料理ができなかったら、母が時間がなかったら、難しいです。
もし学生は友達とファーストフードをだいたい食べったら、スポーツをしったら、それがいいと思います。
料理が上手な学生は、元気になります。そして、料理は多様です。でも、時間が沢山亡くするし買い物をよくするししんどいです。",54.0,beginner,12.0,141.0,11.75,0.4893617021276595,11.0,297.0,3.0,2.0,66.0,18.0,3.061,2.604,4.323,4.217,2.983,2.904
80,80,80,GAT04,DEU,ドイツ語,"最近では、自分で料理を作る代わりにファーストフードを食べる人が増えてきた。特に、たくさん若い人がハンバーガなど好きだそう。理由はいろいろあるんじゃないかなあ。時間がないとか、料理を作る自信がないとか。このごろ、すべてが速くなければならない。食べることも例外ではない。
学校で料理を学んだことがないから、料理を作ってみる自信が欠いている人が多い。たぶん、一度試してみたが、それは失敗してしまった。それで、料理を完全にあきらめた。ファーストフードは便利だことが本当だ。ファーストフード場合は、食材を買ったり、料理を作ったり、その後皿を洗ったりする必要ではない。だから、もっと自由な時間がある。一方で、テレビの料理番組では、今のトレンドである。たくさん人が調理したいが、方法がわらないと思う。未来には、これが変更すべきだろう。もっと人は自分で料理を作って、健康的な食事を食べたほうがいいと思う。
実は、いい食べ物は体のために重要だ。ファーストフードばかり食べた場合、病気になるかもしれない。速く食べることによって貯蓄した時間は、健康を失う場合、無価値だ。だから、食事のための時間を取ったほうがいい。
私は料理を作るが楽しいことだと思う。特に、友達と一緒に調理するのが好き。私は、仲間の学生と一緒にフラットに住んでいる、よく一緒に料理をしたり食べたりしている。
皆さん、まだいなければ、いつか料理を作ってみてください。","最近では、自分で料理を作る代わりにファーストフードを食べる人が増えてきた。特に、たくさん若い人がハンバーガなど好きだそう。理由はいろいろあるんじゃないかなあ。時間がないとか、料理を作る自信がないとか。このごろ、すべてが速くなければならない。食べることも例外ではない。
学校で料理を学んだことがないから、料理を作ってみる自信が欠いている人が多い。たぶん、一度試してみたが、それは失敗してしまった。それで、料理を完全にあきらめた。ファーストフードは便利だことが本当だ。ファーストフード場合は、食材を買ったり、料理を作ったり、その後皿を洗ったりする必要ではない。だから、もっと自由な時間がある。一方で、テレビの料理番組では、今のトレンドである。たくさん人が調理したいが、方法がわらないと思う。未来には、これが変更すべきだろう。もっと人は自分で料理を作って、健康的な食事を食べたほうがいいと思う。
実は、いい食べ物は体のために重要だ。ファーストフードばかり食べた場合、病気になるかもしれない。速く食べることによって貯蓄した時間は、健康を失う場合、無価値だ。だから、食事のための時間を取ったほうがいい。
私は料理を作るが楽しいことだと思う。特に、友達と一緒に調理するのが好き。私は、仲間の学生と一緒にフラットに住んでいる、よく一緒に料理をしたり食べたりしている。
皆さん、まだいなければ、いつか料理を作ってみて",53.0,beginner,24.0,314.0,13.083333333333334,0.3980891719745223,23.0,605.0,23.0,19.0,152.0,50.0,2.67,2.255,3.642,3.464,2.724,2.622
81,81,81,GAT05,DEU,ドイツ語,"毎日、多数の人々は途中で何か料理を食べているようになった。普通は、サンドイッチとかピザとか安くて早く食べられるものだが、どうしてたくさんの人は早く食事したほうが好きだろうか。現代社会にはファストフードがどういう意味であるか。
食物と飲物は生きるために必要だので、その大切さを感謝した方がいい。ところが、たくさん働いている人や勉強している学生などあまり時間はかけられない。それで、短い昼休みに体に良くない食べ物を食べる人は多い。その食品は不健康だけじゃなくて、自分の体を休ませなくてストレスを発散できない。しかし、最近はorganic foodという安全な食品の店が増えてきた。そういう訳で、自分で料理は作らず、健康を保つことできる。私の意見では、時間がなかったら、organic foodのファストフードは一番いい方法だと思う。もちろん、たまにピザなどを食べたら、あまり悪くない。でも、最低は一週間に二回自分で料理を作るようにした方がいいと思う。材料を知って貯金をすること有利である。それに、友達と家族を誘って一緒に食べたら、一番楽しいことだ。食べる時は自分に注意を払うことだから、どのように食べること大切だ。","毎日、多数の人々は途中で何か料理を食べているようになった。普通は、サンドイッチとかピザとか安くて早く食べられるものだが、どうしてたくさんの人は早く食事したほうが好きだろうか。現代社会にはファストフードがどういう意味であるか。
食物と飲物は生きるために必要だので、その大切さを感謝した方がいい。ところが、たくさん働いている人や勉強している学生などあまり時間はかけられない。それで、短い昼休みに体に良くない食べ物を食べる人は多い。その食品は不健康だけじゃなくて、自分の体を休ませなくてストレスを発散できない。しかし、最近はorganic foodという安全な食品の店が増えてきた。そういう訳で、自分で料理は作らず、健康を保つことできる。私の意見では、時間がなかったら、organic foodのファストフードは一番いい方法だと思う。もちろん、たまにピザなどを食べたら、あまり悪くない。でも、最低は一週間に二回自分で料理を作るようにした方がいいと思う。材料を知って貯金をすること有利である。それに、友達と家族を誘って一緒に食べたら、一番楽しいことだ。食べる時は自分に注意を払うことだから、どのように食べること大切だ。",53.0,beginner,15.0,259.0,17.266666666666666,0.4903474903474903,19.0,505.0,28.0,7.0,110.0,48.0,3.042,2.572,3.777,3.714,2.968,2.833
82,82,82,GAT09,DEU,ドイツ語,"最近、人たちは毎日仕事が忙しくて自分料理を作れないそうです。それで、以前と比べてよくファースト・フ－ドを食べている人が増えてきたということです。時間がないし、お腹がすくし、ご飯を作るのが面倒です。
一方で医学者によると、ファースト・フードは体によくないそうです。ファースト・フードを食べすぎで身体が太くなって健康に悪いということです。例を挙げれば、高血圧があったり、糖尿病があったりすることがあります。
マクドナルドやKFCなどのファーストフードのチェーン店は値段が安いらしいですが、実際に、値段と比べると自分が作ったご飯はもっと安いのような気がします。
これは私の個人的な考えですが、健康のために、ファーストフード店へ行くことを忌避するようにしています。インタネットで簡単なレシピを探して、スーパーへ買い物しに行ったほうがいいと思います。また、友達を誘って一緒にご飯を作るも楽しいんじゃないかと思います。でも、私も時々ファーストフード店へ行くことがあります。友達と会ったり夕べに出かけたりする時、たまにマクドナルドへ食べに行きます。
現在に健康はもっと大切になるということです。健康にいい食品が増えて、たぶんファースト・フードも健康的になるかもしれません。野菜や果実などで作ったファースト・フードがいい考えかもしれません。","最近、人たちは毎日仕事が忙しくて自分料理を作れないそうです。それで、以前と比べてよくファースト・フ－ドを食べている人が増えてきたということです。時間がないし、お腹がすくし、ご飯を作るのが面倒です。
一方で医学者によると、ファースト・フードは体によくないそうです。ファースト・フードを食べすぎで身体が太くなって健康に悪いということです。例を挙げれば、高血圧があったり、糖尿病があったりすることがあります。
マクドナルドやKFCなどのファーストフードのチェーン店は値段が安いらしいですが、実際に、値段と比べると自分が作ったご飯はもっと安いのような気がします。
これは私の個人的な考えですが、健康のために、ファーストフード店へ行くことを忌避するようにしています。インタネットで簡単なレシピを探して、スーパーへ買い物しに行ったほうがいいと思います。また、友達を誘って一緒にご飯を作るも楽しいんじゃないかと思います。でも、私も時々ファーストフード店へ行くことがあります。友達と会ったり夕べに出かけたりする時、たまにマクドナルドへ食べに行きます。
現在に健康はもっと大切になるということです。健康にいい食品が増えて、たぶんファースト・フードも健康的になるかもしれません。野菜や果実などで作ったファースト・フードがいい考えかもしれません。",68.0,intermediate,15.0,288.0,19.2,0.4166666666666667,19.0,562.0,20.0,15.0,131.0,30.0,2.609,2.037,3.466,3.372,2.435,2.346
83,83,83,GAT12,DEU,ドイツ語,"マックドナルドやモスバーガーなどのファーストフードチェーンを皆さんはよくご存じだと思います。そこで食べたこともあるでしょう。しかし、ファーストフードの健康に対する悪影響はよく知られているのに、なぜ自分で料理を作るのは減ってきたのでしょうか。
まず、時間の問題。ここ数十年間に仕事の量が世界中で多くなり、超勤労働が前より必要になりました。しかも、不況のせいで、首になる虞が強くなり、残業する従業者は多くいます。それに従い、夜遅く家に帰る時に、既に仕事で疲れているため、自分で料理を作る気分がなかなかありません。そして、ファーストフードレストランかコンビニに行ったり、インスタント料理を電子レンジで温めたりして、自分の苦労なしで何かを食べられます。
しかし、そういった習慣は健康に良くないと気づいた人も最近増えているから、自分で新鮮な料理を作りたいという人が多くなり、料理教室に通う人が増えています。
後、ファーストフード自体についてですが、たいていカロリーが多く、脂肪分や糖分も多くて、よく食べると、すぐ太るという料理ですから、アメリカで見られるように、肥満という社会問題になる可能性も高いです。
要するに、健康か時間かどちらを大事にするかは自分自身の選択なので、健やかに暮らしたければ、健康に気を配らないといけません。ですから、これから自分で料理を作るように頑張りましょう。","マックドナルドやモスバーガーなどのファーストフードチェーンを皆さんはよくご存じだと思います。そこで食べたこともあるでしょう。しかし、ファーストフードの健康に対する悪影響はよく知られているのに、なぜ自分で料理を作るのは減ってきたのでしょうか。
まず、時間の問題。ここ数十年間に仕事の量が世界中で多くなり、超勤労働が前より必要になりました。しかも、不況のせいで、首になる虞が強くなり、残業する従業者は多くいます。それに従い、夜遅く家に帰る時に、既に仕事で疲れているため、自分で料理を作る気分がなかなかありません。そして、ファーストフードレストランかコンビニに行ったり、インスタント料理を電子レンジで温めたりして、自分の苦労なしで何かを食べられます。
しかし、そういった習慣は健康に良くないと気づいた人も最近増えているから、自分で新鮮な料理を作りたいという人が多くなり、料理教室に通う人が増えています。
後、ファーストフード自体についてですが、たいていカロリーが多く、脂肪分や糖分も多くて、よく食べると、すぐ太るという料理ですから、アメリカで見られるように、肥満という社会問題になる可能性も高いです。
要するに、健康か時間かどちらを大事にするかは自分自身の選択なので、健やかに暮らしたければ、健康に気を配らないといけません。ですから、これから自分で料理を作るように頑張りましょう。",84.0,advanced,12.0,286.0,23.83333333333333,0.4965034965034965,25.0,587.0,27.0,17.0,121.0,51.0,2.565,2.112,3.278,3.233,2.568,2.438
84,84,84,GAT17,DEU,ドイツ語,"現今は、時間がなく、速く食べたく、ファストフードを買おうとするということが普通である。
「マクドナルド」という洋食店などファストフードが安くてどこでも食べられて、自分で作らなくても良いということを宣伝している。そして、世界に人間がお弁当は持って食べないで、ファストフードを食べるようになった。
しかし、家で作った食べ物のほうが好きな人は多いと思う。お元気にいろいろな栄養分のある御飯を食べるのは重要である。家庭料理のほうが栄養的にバランスのとれた食事であると思う。もちろん、栄養たけではなく、スポーツも大切である。ただし、ファストフードは高カロリー食品なので、食べれば食べるほど太るということを誰でも知っていると思う。でも、ファストフードを買うのほう自分の料理するのよりやりやすい。怠惰でストレスがある人が多いので、ファストフードのレストランで食べることは人気があると思う。
ファストフードは、脂っこくて体に良くないというイメージがあるが、基本的な意味は食事を簡単に作り、速く食べられることである。それで、脂っこくて体に良くない物だけではなくても良い。例えば、ハンバーガーの代わりに、果物かサラダもいいと思う。そのようなファストフードは、バランスのとれた食事で、作りやすくて、安すい。そのために、ファストフードのイメージは変え始めるのは必要であると思う。
ファストフードと家庭料理には、お元気にどれ栄養の方法が一番良いかについて考えるのは重要であると思う。","現今は、時間がなく、速く食べたく、ファストフードを買おうとするということが普通である。
「マクドナルド」という洋食店などファストフードが安くてどこでも食べられて、自分で作らなくても良いということを宣伝している。そして、世界に人間がお弁当は持って食べないで、ファストフードを食べるようになった。
しかし、家で作った食べ物のほうが好きな人は多いと思う。お元気にいろいろな栄養分のある御飯を食べるのは重要である。家庭料理のほうが栄養的にバランスのとれた食事であると思う。もちろん、栄養たけではなく、スポーツも大切である。ただし、ファストフードは高カロリー食品なので、食べれば食べるほど太るということを誰でも知っていると思う。でも、ファストフードを買うのほう自分の料理するのよりやりやすい。怠惰でストレスがある人が多いので、ファストフードのレストランで食べることは人気があると思う。
ファストフードは、脂っこくて体に良くないというイメージがあるが、基本的な意味は食事を簡単に作り、速く食べられることである。それで、脂っこくて体に良くない物だけではなくても良い。例えば、ハンバーガーの代わりに、果物かサラダもいいと思う。そのようなファストフードは、バランスのとれた食事で、作りやすくて、安すい。そのために、ファストフードのイメージは変え始めるのは必要であると思う。
ファストフードと家庭料理には、お元気にどれ栄",55.0,beginner,16.0,300.0,18.75,0.3833333333333333,17.0,628.0,22.0,13.0,135.0,43.0,2.658,2.24,3.578,3.523,2.525,2.449
85,85,85,GAT19,DEU,ドイツ語,"ファストフードを食べてみるであろうか。もちろん、人々の多くはこの実門に「はい」と答える。時間があまりない時や、AからBまで速く行かなくては行けない時、ファストフードを食べることはとても簡単で便利なことである。ファストフードについて考えたら、最初マックやKFCなどに作られた食べ物だと考える。しかし、あれは体に悪い。でも、あの食べ物ばっかりファストフードというものであるか。ファストフードは英語で「速い食べ物」という意味で、道や駅内やスパーで買ったおにぎりやすしもファストフードである。
うちで自分か家族と作った食べ物は体に良くておいしい。それで、家族や友達と飲食するのはいい時である。でも、料理をするなら、長い時間が要りながら、友達や家族といっしょに料理をして話すのは楽しめる。食材を買いに行くのはときどき物価が高いで大変である。一方で、ゆっくり食事するのも体にいいである。
それから、マックやKFCで食事するのよりうちで食べることはいいである。時間にファストフードはいちばん速いが、速く食べることは胃に悪いから、たぶん調子は悪くなる。友達とうちでゆっくり食べて話すことは、一人でどこかでファストフードを食べるのより楽しいである。今度、ファストフードを食べなくては行けない時、体にいいおにぎりやお寿司など食べようか、うちで家族と友達と食べよう。","ファストフードを食べてみるであろうか。もちろん、人々の多くはこの実門に「はい」と答える。時間があまりない時や、AからBまで速く行かなくては行けない時、ファストフードを食べることはとても簡単で便利なことである。ファストフードについて考えたら、最初マックやKFCなどに作られた食べ物だと考える。しかし、あれは体に悪い。でも、あの食べ物ばっかりファストフードというものであるか。ファストフードは英語で「速い食べ物」という意味で、道や駅内やスパーで買ったおにぎりやすしもファストフードである。
うちで自分か家族と作った食べ物は体に良くておいしい。それで、家族や友達と飲食するのはいい時である。でも、料理をするなら、長い時間が要りながら、友達や家族といっしょに料理をして話すのは楽しめる。食材を買いに行くのはときどき物価が高いで大変である。一方で、ゆっくり食事するのも体にいいである。
それから、マックやKFCで食事するのよりうちで食べることはいいである。時間にファストフードはいちばん速いが、速く食べることは胃に悪いから、たぶん調子は悪くなる。友達とうちでゆっくり食べて話すことは、一人でどこかでファストフードを食べるのより楽しいである。今度、ファストフードを食べなくては行けない時、体にいいおにぎりやお寿司など食べようか、うちで家族と友達と食べよう。",55.0,beginner,16.0,278.0,17.375,0.381294964028777,14.0,572.0,9.0,8.0,141.0,32.0,2.8,2.309,3.686,3.604,2.663,2.568
86,86,86,GAT20,DEU,ドイツ語,"「マクドナルドに行かない？」と聞くことは希少ではない。複数の若者や大人はよくファストフードを食べて、自分で料理をしない。それで、私は「どうして、その動きが芽生えてきたか。」と問いかけた。
ファストフードを食べるのは、もうできたので、手料理より速い。それに、おいしくて安い。その理由は人間のために必要だ。そして、多さの人々はあまり、ぜんぜん料理しない。一方で、手料理で時間や能力が要るはずだ。買い物をしたり、準備したり、料理をしたりすることは全部時間が要る。でも、買い物に行けば、自分で材料を選べて、何は食べ物の中であると知ている。一方、ファストフードは何が中には知らない。また、料理しながら食品で取り組んでいる。こういう野菜や果物、色々な食品を学んでいる。よく料理をするにつれて、ずっと上手になっている。多い製法も学んでいる。自分で料理をすれば、栄養に気つくのはもっと簡単だ。しかし、日本で手料理に新鮮な野菜などの材料を買うことは高いかもしれない。それゆえ、みんなの人間はそのを買うお金がないかもしれない。
私はオストリアに住んでいて、ここは料理の材料のほうが、もう作った食べ物より、安いから、自分で料理をすろことはいいと思っている。ファストフードは病的なのに、時々だけそのを食べるのはだいじょうぶだと考えている。","「マクドナルドに行かない？」と聞くことは希少ではない。複数の若者や大人はよくファストフードを食べて、自分で料理をしない。それで、私は「どうして、その動きが芽生えてきたか。」と問いかけた。
ファストフードを食べるのは、もうできたので、手料理より速い。それに、おいしくて安い。その理由は人間のために必要だ。そして、多さの人々はあまり、ぜんぜん料理しない。一方で、手料理で時間や能力が要るはずだ。買い物をしたり、準備したり、料理をしたりすることは全部時間が要る。でも、買い物に行けば、自分で材料を選べて、何は食べ物の中であると知ている。一方、ファストフードは何が中には知らない。また、料理しながら食品で取り組んでいる。こういう野菜や果物、色々な食品を学んでいる。よく料理をするにつれて、ずっと上手になっている。多い製法も学んでいる。自分で料理をすれば、栄養に気つくのはもっと簡単だ。しかし、日本で手料理に新鮮な野菜などの材料を買うことは高いかもしれない。それゆえ、みんなの人間はそのを買うお金がないかもしれない。
私はオストリアに住んでいて、ここは料理の材料のほうが、もう作った食べ物より、安いから、自分で料理をすろことはいいと思っている。ファストフードは病的なのに、時々だけそのを食べるのはだいじょうぶだと考えている。",57.0,intermediate,22.0,281.0,12.772727272727272,0.4234875444839858,22.0,557.0,16.0,14.0,144.0,40.0,3.19,2.817,4.202,4.095,3.12,3.028
87,87,87,GAT21,DEU,ドイツ語,"最近のライフスタイルが変りましたので、食生活も変りました。
ファーストフードは世界中どこでも人気になりました。
MCDonaldsだけではなく、沢山ファーストフードのレストランがあります。
人々は沢山理由によって、ファーストフードを食べます。
一番大切な理由はファーストフードが速くて、便利だと思います。特に会社員は一日中働かなくてはいけません。ですから、もし自分で料理を作ったら、長い間がかかると思います。
他の理由はファーストフードは新鮮の料理と比べて、もっと安いと思います。特に一人に住んでいる人は自分で料理を作ると、材料はとても高くなります。
最後の理由は沢山人はファーストフードの味が好きだと思います。
ファーストフードを食べると、時間は少ないです。ファーストフードは速く食べられて、便利です。
それに対して、自分の家で作った料理を食べるの時間は時々長くなります。
人々はもちろん食べ物を食べなくてはいけませんですが、もしいつも少ない間だけ使うと、健康についてとてもよくないと思います。
最近は、特に子供がファーストフードをよく食べます。これはちょっと問題になったと思います。もし運動不足だったら、体重が増えてしまいます。
ですから、自分の家で、新鮮の料理を作るのは大切だと思います。ファーストフードのような料理も家で、作ったら、おいしくて、もっとヘルシーになると思います。
速くライフスタイルも体にとてもよくないと思いますから、体を休めて、ゆっくりいい食べ物を食べるのがとても大切です。","最近のライフスタイルが変りましたので、食生活も変りました。
ファーストフードは世界中どこでも人気になりました。
MCDonaldsだけではなく、沢山ファーストフードのレストランがあります。
人々は沢山理由によって、ファーストフードを食べます。
一番大切な理由はファーストフードが速くて、便利だと思います。特に会社員は一日中働かなくてはいけません。ですから、もし自分で料理を作ったら、長い間がかかると思います。
他の理由はファーストフードは新鮮の料理と比べて、もっと安いと思います。特に一人に住んでいる人は自分で料理を作ると、材料はとても高くなります。
最後の理由は沢山人はファーストフードの味が好きだと思います。
ファーストフードを食べると、時間は少ないです。ファーストフードは速く食べられて、便利です。
それに対して、自分の家で作った料理を食べるの時間は時々長くなります。
人々はもちろん食べ物を食べなくてはいけませんですが、もしいつも少ない間だけ使うと、健康についてとてもよくないと思います。
最近は、特に子供がファーストフードをよく食べます。これはちょっと問題になったと思います。もし運動不足だったら、体重が増えてしまいます。
ですから、自分の家で、新鮮の料理を作るのは大切だと思います。ファーストフードのような料理も家で、作ったら、おいしくて、もっとヘルシーになると思います。
速くライフスタ",67.0,intermediate,20.0,308.0,15.4,0.3409090909090909,17.0,649.0,22.0,9.0,125.0,47.0,2.406,1.964,3.373,3.256,2.486,2.32
88,88,88,GAT23,DEU,ドイツ語,"現在の人は時間があまりないみたい。どこでも見ても、忙しくてストレスを沢山持っている人が多いので、暇な時はなくなって来た。だからファーストフードを食べる人の数が増え、ホームクッキングをする人が減って来たそう。確かに、ファーストフードは安くてどこでも買える。それに、ファーストフードは早く出来て、レストランでも、街でも、歩いても食べられるから便利だが、毎日食べたら、すぐ太ってしまって、健康にも良くないと思う。更に、ファーストフードの中に何が入ったら大体知らないから、ちょっと危ないような気がする。
ファーストフードと比べてホームクッキングはすぐ出来ないけど、健康の為にホームクッキングはもっと良い感じがする。食材は自分で決めて、ヘルシーな食事が作れる。それに、家族や友達と一緒に料理をするのは楽しい。一緒に新しい料理を作ってみて、色々なことが勉強出来る。お大人だけではなくて、子供にもホームクッキングは大切だと思う。子供の健康の為にファーストフードは良くない。ファーストフードの中にビタミンがあまりない感じがする。だから、よく食べたら、子供の成育は良くなれなさそう。
ホームクッキングはファーストフードより美味しくて、健康にも良いので、忙しくても自分で料理をするのは大切だと思う。料理をするのは時々大変だけど、自分の体を考えて、ヘルシーな食べ物を作るようにしてみよう。","現在の人は時間があまりないみたい。どこでも見ても、忙しくてストレスを沢山持っている人が多いので、暇な時はなくなって来た。だからファーストフードを食べる人の数が増え、ホームクッキングをする人が減って来たそう。確かに、ファーストフードは安くてどこでも買える。それに、ファーストフードは早く出来て、レストランでも、街でも、歩いても食べられるから便利だが、毎日食べたら、すぐ太ってしまって、健康にも良くないと思う。更に、ファーストフードの中に何が入ったら大体知らないから、ちょっと危ないような気がする。
ファーストフードと比べてホームクッキングはすぐ出来ないけど、健康の為にホームクッキングはもっと良い感じがする。食材は自分で決めて、ヘルシーな食事が作れる。それに、家族や友達と一緒に料理をするのは楽しい。一緒に新しい料理を作ってみて、色々なことが勉強出来る。お大人だけではなくて、子供にもホームクッキングは大切だと思う。子供の健康の為にファーストフードは良くない。ファーストフードの中にビタミンがあまりない感じがする。だから、よく食べたら、子供の成育は良くなれなさそう。
ホームクッキングはファーストフードより美味しくて、健康にも良いので、忙しくても自分で料理をするのは大切だと思う。料理をするのは時々大変だけど、自分の体を考えて、ヘルシーな食べ物を作るようにしてみよう。",69.0,intermediate,16.0,293.0,18.3125,0.3856655290102389,26.0,583.0,22.0,10.0,131.0,30.0,2.346,1.971,3.058,3.006,2.376,2.279
89,89,89,GAT25,DEU,ドイツ語,現在、先進諸国で住んでいる人達はあまり時間がなくなって来ました。両親は毎日子供のために仕事で頑張っています。子供達は出世になるように学校と大学で一所懸命勉強をしています。それで大体誰にも食習慣について事を考えていません。私は二年前日本の東京で住んでいました。学校が終わったら早くにコンビ二で食べ物を買ってアルバイトへ行きました。アルバイトが終わったらまたオリジン弁当かMatsuyaで家帰る前に少し食べました。私の意見で日本は「便利な社会」だと思います。いつでも、どこでも、何でも買うことができます。一方で日本のファスト・フードは私の国に比べると全然違います。オストリアではファスーと・フードは大体McDonaldsとピザです。日本ではそれでもありますけど不健康じゃないファスト・フードもありますよ。例えば魚が入いているメニューも多いです。コンビ二菜食主義の弁当もあります。私は大学生だからテストが多い時にもちろんファスト・フード食べますが、週末の時によく友達と一緒に料理を作ります。ちょっとワインを飲んだり、料理を作ったりいろいろな事を話しています。いつでもとても楽しかったです。友達と一緒にクッキングをしたらすごく円居ですから、いつでも時間があったらそれはファスト・フードより楽しかったです。「いただきます」,現在、先進諸国で住んでいる人達はあまり時間がなくなって来ました。両親は毎日子供のために仕事で頑張っています。子供達は出世になるように学校と大学で一所懸命勉強をしています。それで大体誰にも食習慣について事を考えていません。私は二年前日本の東京で住んでいました。学校が終わったら早くにコンビ二で食べ物を買ってアルバイトへ行きました。アルバイトが終わったらまたオリジン弁当かMatsuyaで家帰る前に少し食べました。私の意見で日本は「便利な社会」だと思います。いつでも、どこでも、何でも買うことができます。一方で日本のファスト・フードは私の国に比べると全然違います。オストリアではファスーと・フードは大体McDonaldsとピザです。日本ではそれでもありますけど不健康じゃないファスト・フードもありますよ。例えば魚が入いているメニューも多いです。コンビ二菜食主義の弁当もあります。私は大学生だからテストが多い時にもちろんファスト・フード食べますが、週末の時によく友達と一緒に料理を作ります。ちょっとワインを飲んだり、料理を作ったりいろいろな事を話しています。いつでもとても楽しかったです。友達と一緒にクッキングをしたらすごく円居ですから、いつでも時間があったらそれはファスト・フードより楽しかったです。「いただきます」,62.0,intermediate,18.0,280.0,15.555555555555555,0.4714285714285714,22.0,556.0,15.0,8.0,127.0,40.0,3.006,2.464,4.108,4.014,3.009,2.846
90,90,90,GAT28,DEU,ドイツ語,"全世界に人々がファーストフードをたくさん食べています。早くて安い食べ物なので、ファーストフードは子供の中でも大人の中でも人気です。私も時々いろいろなファーストフードを食べますが、食べすぎるのは健康にわるいと思います。
いつもファーストフードを食べているより、自分で料理をしたほうがいいと思います。家で自分で料理を作ったら、材料が自分で選ぶことができます。そのため、新鮮で健康によい食べ物が作ることができます。ファーストフードを食べたら、全部の材料を知りません。これもファーストフードのマイナス点だと思います。多数のファーストフードがたくさんの油と塩で作られているので、とても健康にわるいです。このようなファーストフードを食べすぎたら、太って病気になってしまうことがあります。たから、健康のために自分で料理を作ったほうがいいと思います。
でも、現在ではほとんどの人が忙しいので、料理のためあまり時間がありません。ほとんど毎日働かなくてはいけないので、料理を作る時間がありません。そして、仕事が終わって、うちへ帰ったら、たくさんの人は料理を作る気もありません。たから、晩にもよくファーストフードを食べています。
一週間に一度ファーストフードを食べたら、大丈夫だと思いますが、よく食べていることは悪いです。家でごはんを食べたら、家族にとってもいいと思います。みんなと一緒に料理を作ったり、一緒にごはんを楽しんだりすることができます。レストランより、家でゆっくり食べていると思うので、健康にもいい点です。
ファーストフードがおいしくても、食べすぎないように注意が必要だと思います。早いファーストフードを買うより、家で新鮮に料理を作ったほうがいいです。自分で料理を作ったら、健康にいい材料でごはんを作るだけではなく、楽しいこともあります。","全世界に人々がファーストフードをたくさん食べています。早くて安い食べ物なので、ファーストフードは子供の中でも大人の中でも人気です。私も時々いろいろなファーストフードを食べますが、食べすぎるのは健康にわるいと思います。
いつもファーストフードを食べているより、自分で料理をしたほうがいいと思います。家で自分で料理を作ったら、材料が自分で選ぶことができます。そのため、新鮮で健康によい食べ物が作ることができます。ファーストフードを食べたら、全部の材料を知りません。これもファーストフードのマイナス点だと思います。多数のファーストフードがたくさんの油と塩で作られているので、とても健康にわるいです。このようなファーストフードを食べすぎたら、太って病気になってしまうことがあります。たから、健康のために自分で料理を作ったほうがいいと思います。
でも、現在ではほとんどの人が忙しいので、料理のためあまり時間がありません。ほとんど毎日働かなくてはいけないので、料理を作る時間がありません。そして、仕事が終わって、うちへ帰ったら、たくさんの人は料理を作る気もありません。たから、晩にもよくファーストフードを食べています。
一週間に一度ファーストフードを食べたら、大丈夫だと思いますが、よく食べていることは悪いです。家でごはんを食べたら、家族にとってもいいと思います。みんなと一緒に料理を作ったり、一緒にごはんを楽し",63.0,intermediate,22.0,388.0,17.636363636363637,0.2912371134020619,20.0,764.0,23.0,3.0,153.0,52.0,2.308,1.808,3.126,2.984,2.129,2.065
91,91,91,GAT30,DEU,ドイツ語,"皆はいつも時間がないから、早く食べるのことは普通になってきたと思います。そうしたら、世界中にファスト・フードが人気になりました。ファスト・フードは便利だけど、バーガーの内容物は牛肉だけですか。さらに、牛はいい草を食べたの？牛は元気でしょうか。そのこと皆、知らないね。
皆は、仕事で忙しいので、ラーメンなど早く食べた後で、会社に戻ります。仕事が終わって、電車で帰宅しています。さらに、家でテレビを見ながら、早く作ったインスタントラーメンを食べますね。もちろん、奇跡でも起こらない限り、体が悪くなったと思います。だから、ストレスによる潰瘍がある人が増えてきたと思います。他に過労死のこともあります。現代の世界はもストレスの世界だと思います。今、人間の体は大切じゃなくて、仕事とお金がほうが大切になりました。
最近、オーストリアでオーガニック食べ物が人気になりました。肥料を使わなくて、健康的な食べ物が増えてきたと思います。新鮮な食べ物を買って、家で友達と一緒に料理を作るのはとても楽しいです。さらに、新しい友達に会ったり、話したり、音楽を聞いたりするのはいいことですね。だから、愛想の良くて、体もよくなるので、オーガニック・フードやスロー・フードを食べるのはいい点です。其の上、現代の世界は愛想のよくなってきました。皆はフェイスブックとか、ツイッターとか、ブログとかスマホとかを使うので、コミュニケーション能力が忘れてしまったと思います。","皆はいつも時間がないから、早く食べるのことは普通になってきたと思います。そうしたら、世界中にファスト・フードが人気になりました。ファスト・フードは便利だけど、バーガーの内容物は牛肉だけですか。さらに、牛はいい草を食べたの？牛は元気でしょうか。そのこと皆、知らないね。
皆は、仕事で忙しいので、ラーメンなど早く食べた後で、会社に戻ります。仕事が終わって、電車で帰宅しています。さらに、家でテレビを見ながら、早く作ったインスタントラーメンを食べますね。もちろん、奇跡でも起こらない限り、体が悪くなったと思います。だから、ストレスによる潰瘍がある人が増えてきたと思います。他に過労死のこともあります。現代の世界はもストレスの世界だと思います。今、人間の体は大切じゃなくて、仕事とお金がほうが大切になりました。
最近、オーストリアでオーガニック食べ物が人気になりました。肥料を使わなくて、健康的な食べ物が増えてきたと思います。新鮮な食べ物を買って、家で友達と一緒に料理を作るのはとても楽しいです。さらに、新しい友達に会ったり、話したり、音楽を聞いたりするのはいいことですね。だから、愛想の良くて、体もよくなるので、オーガニック・フードやスロー・フードを食べるのはいい点です。其の上、現代の世界は愛想のよくなってきました。皆はフェイスブックとか、ツイッターとか、ブログとかスマホとかを使うので、コミュニケーショ",52.0,beginner,21.0,308.0,14.666666666666666,0.4253246753246753,21.0,617.0,29.0,16.0,123.0,43.0,2.658,2.289,3.947,3.867,2.644,2.545
92,92,92,GAT39,DEU,ドイツ語,"ファーストフードは世界中で食べられています。毎都会にマクドナルドやKFCの店があります。それに、人々は毎日忙しくて、自分で料理をする時間がだんだん減っています。ですからファーストフードは店でだけではなく、家でもよく食べられています。早くて便利ですね。しかし、旅行中にどこで食べたほうがいいですか。マクドナルドのハンバーガーか国の名物食事、どちらのほうが美味しいですか。帰ったから、どちらの写真がもっと面白いですか。
食事は食べることだけでわなく、ライフ･スタイルの決心です。食事について決心するとはステートメントだと思います。それに、健康についての決心もです。やはり、ファーストフードは便利ですが、毎日食べるのは体によくありません。ときどき、ハンバーガーやサンドイッチを食べるのは問題じゃありませんが、バランスは大切です。
最近、もっと人々は健康的な食事の大切さについて考えています。バイオはだんだん一番人気なライフ･スタイルになって、今バイオ食品は新しいファーストフードになります。マクドナルドにさえ、バイオは人気ですよ。この変化はいいだと思います。","ファーストフードは世界中で食べられています。毎都会にマクドナルドやKFCの店があります。それに、人々は毎日忙しくて、自分で料理をする時間がだんだん減っています。ですからファーストフードは店でだけではなく、家でもよく食べられています。早くて便利ですね。しかし、旅行中にどこで食べたほうがいいですか。マクドナルドのハンバーガーか国の名物食事、どちらのほうが美味しいですか。帰ったから、どちらの写真がもっと面白いですか。
食事は食べることだけでわなく、ライフ･スタイルの決心です。食事について決心するとはステートメントだと思います。それに、健康についての決心もです。やはり、ファーストフードは便利ですが、毎日食べるのは体によくありません。ときどき、ハンバーガーやサンドイッチを食べるのは問題じゃありませんが、バランスは大切です。
最近、もっと人々は健康的な食事の大切さについて考えています。バイオはだんだん一番人気なライフ･スタイルになって、今バイオ食品は新しいファーストフードになります。マクドナルドにさえ、バイオは人気ですよ。この変化はいいだと思います。",55.0,beginner,17.0,225.0,13.235294117647058,0.4222222222222222,10.0,476.0,13.0,9.0,88.0,32.0,2.699,2.25,4.134,3.958,2.649,2.507
93,93,93,GAT46,DEU,ドイツ語,"一日中頑張って働いた後、帰り道についでコンビ二やスーパーでインスタントラーメンを買ってテレビの前に食べながら寝てしまう。
なぜ多くの人々がこの寂しい生活に慣れてきたのでしょうか。
まず、インターネットやソシァルネットワークによってインフォメーションがとても早く伝えるようになりました。インフォメーションや情報を交換するのはもっと早くもっと簡単になればなるほど人間の生活も忙しくなりました。
次に、忙しい日常生活の中にご飯を作る時間がどんどん減ってきました。確かに、ご飯を作る代わりにファーストフードを買うのは一番便利で安いです。
しかし、家族や友達と一緒にご飯を楽しめる時間もなくなります。
または、ファーストフードが安い一方で、自分で作ったご飯と違って健康にあまりよくないです。
私たちは忙しい毎日の中に、ファーストフードを買ったり早く食べたりすることで大切な物を失っていると思います。大切な物と言うのはご飯を作ったり友達と一緒に食べたり、コミューニケーションを取ったりすることです。つまり、人間のライフスタイルが変わるにつれてこの社会の人々が寂しくなると言うことです。
情報やインフォーメーションが早く伝えるようになったため私たちの生活が忙しくなったのは現実です。それにしても、健康を気せずに便利なファストフードを食べるか、友達関係を深むためにご飯を作るか、私たち人間は選ぶことができます。
あなたはどちを選びますか。","一日中頑張って働いた後、帰り道についでコンビ二やスーパーでインスタントラーメンを買ってテレビの前に食べながら寝てしまう。
なぜ多くの人々がこの寂しい生活に慣れてきたのでしょうか。
まず、インターネットやソシァルネットワークによってインフォメーションがとても早く伝えるようになりました。インフォメーションや情報を交換するのはもっと早くもっと簡単になればなるほど人間の生活も忙しくなりました。
次に、忙しい日常生活の中にご飯を作る時間がどんどん減ってきました。確かに、ご飯を作る代わりにファーストフードを買うのは一番便利で安いです。
しかし、家族や友達と一緒にご飯を楽しめる時間もなくなります。
または、ファーストフードが安い一方で、自分で作ったご飯と違って健康にあまりよくないです。
私たちは忙しい毎日の中に、ファーストフードを買ったり早く食べたりすることで大切な物を失っていると思います。大切な物と言うのはご飯を作ったり友達と一緒に食べたり、コミューニケーションを取ったりすることです。つまり、人間のライフスタイルが変わるにつれてこの社会の人々が寂しくなると言うことです。
情報やインフォーメーションが早く伝えるようになったため私たちの生活が忙しくなったのは現実です。それにしても、健康を気せずに便利なファストフードを食べるか、友達関係を深むためにご飯を作るか、私たち人間は選ぶことができます。
あな",72.0,intermediate,14.0,291.0,20.785714285714285,0.4295532646048109,25.0,611.0,26.0,14.0,131.0,32.0,2.424,1.95,3.475,3.419,2.3,2.301
94,94,94,GDE02,DEU,ドイツ語,"人間は食べなければならない。むかし食品を作るや集めるはよく危なくて、難しくて、疲れる仕事だった。皆は一緒に毎日のご飯のために毎日働いていた。今5分間歩くと温かくて美味しい食事を食べられる。人間は数千年間に向上して、どんなでも作る亊方が簡単になりって、方が早くなった。料理を作るはも早くなったと今日に""早い食べ物」、英語でFast foodを買えて食べられる。
そうしたら生活も早くなりましたから、皆はいつでも忙しいから、それはとても便利だ。30分の昼休みに同僚とが学の後で友達とファストフォードのレストランで少し食べられると料理作るに気にしないでもいいから、仕事や宿題のことに考えられる。ファストフォードのお蔭でいつでも働いてや忙しいは出来る。進歩は生活変わると時間で進歩が払った。家に帰ると料理を作るはよく体によくて楽しいが、時間がかかる。子供の時にたくさん人は家族と自分で作った夜ご飯を食べる。でも一人で住んだら、自分で家に料理を作ると食べるは寂しいそう。一人ですきなと美味しい食べ物を作れるが、だれか料理のために嬉しくなって、一緒に話せて、笑えて人がない。家族がないとだれか本当に好きになる時間がないのに少ないある時間で知り合い人とファストフォードを食べるは一人で寂しい家に食べるが方がいい気持ちだ。だからファストフォードは今の早くて、寂しい時に一人じゃなくなって助けている。ファストフォードを食べるは可もなく不可もなし。たくさん人に仕方がない。
でももしかしたら私達は一人生きたくなければ、違うな生活に考えてが方がいい。例えば時間がかかるとよく友達と料理を作ると本当の友達になるは町によく分からす所に迎えるが方が楽しい。友達に親しければ、親しいほどすごい人だと分かっているから、家に招くと一緒に食べると笑うは命が嬉しくなさせる。
ファストフォードは時間がない世界に便利だといつでも要るが、料理を作る魔法は、知り合い人は友達になる。","人間は食べなければならない。むかし食品を作るや集めるはよく危なくて、難しくて、疲れる仕事だった。皆は一緒に毎日のご飯のために毎日働いていた。今5分間歩くと温かくて美味しい食事を食べられる。人間は数千年間に向上して、どんなでも作る亊方が簡単になりって、方が早くなった。料理を作るはも早くなったと今日に""早い食べ物」、英語でFast foodを買えて食べられる。
そうしたら生活も早くなりましたから、皆はいつでも忙しいから、それはとても便利だ。30分の昼休みに同僚とが学の後で友達とファストフォードのレストランで少し食べられると料理作るに気にしないでもいいから、仕事や宿題のことに考えられる。ファストフォードのお蔭でいつでも働いてや忙しいは出来る。進歩は生活変わると時間で進歩が払った。家に帰ると料理を作るはよく体によくて楽しいが、時間がかかる。子供の時にたくさん人は家族と自分で作った夜ご飯を食べる。でも一人で住んだら、自分で家に料理を作ると食べるは寂しいそう。一人ですきなと美味しい食べ物を作れるが、だれか料理のために嬉しくなって、一緒に話せて、笑えて人がない。家族がないとだれか本当に好きになる時間がないのに少ないある時間で知り合い人とファストフォードを食べるは一人で寂しい家に食べるが方がいい気持ちだ。だからファストフォードは今の早くて、寂しい時に一人じゃなくなって助けている。ファストフォードを",43.0,beginner,22.0,441.0,20.045454545454547,0.3514739229024943,32.0,819.0,28.0,16.0,212.0,57.0,3.43,3.084,4.68,4.586,3.533,3.384
95,95,95,GDE06,DEU,ドイツ語,"ホームクッキングとファーストフーズと比べる前に、またはそれらの可否を論じる前に、何かファーストーフーズ、何かホームクッキングの定義が必要である。ファーストフーズというのは、注文してすぐに食べられる料理、あるいは短時間で作った料理である。二番のグループに入った食べ物は例としてインスタントラーメン、ピザ、アイスクリームなどである。それらは人々に家に短時間名貯蔵させる。外食と言えば、マクドナルド、ピザハット、まはは店頭的な料理を作るお店、ラーメン、（回転）寿司、丼などはそのファーストフーズレストのグループが含む。
ファーストフーズの料理を詳しく見れば、その料理の栄養の大きな部分は動物性蛋白、含水炭素と油っぽい、または、お塩と調味料が強いである。
ホームクッキングの料理とファーストフードを比べたら、ホームクッキングの材料の方は健康にいいであったが、今日の近代化社会の忙しい生活で、ホームクッキングの材料はしばしば動物性蛋白と含水炭素しかないである。理由は、人々がその材料をストレスの多い生活に対して役に立つと信じる。
ファーストフードの場合、上に述べた短時間のことは長点であると思う。休憩が少ない仕事で、人々が買い物するにとってあまり時間がなくて、そのホームクッキングの作ることにとって長い時間が必要である。","ホームクッキングとファーストフーズと比べる前に、またはそれらの可否を論じる前に、何かファーストーフーズ、何かホームクッキングの定義が必要である。ファーストフーズというのは、注文してすぐに食べられる料理、あるいは短時間で作った料理である。二番のグループに入った食べ物は例としてインスタントラーメン、ピザ、アイスクリームなどである。それらは人々に家に短時間名貯蔵させる。外食と言えば、マクドナルド、ピザハット、まはは店頭的な料理を作るお店、ラーメン、（回転）寿司、丼などはそのファーストフーズレストのグループが含む。
ファーストフーズの料理を詳しく見れば、その料理の栄養の大きな部分は動物性蛋白、含水炭素と油っぽい、または、お塩と調味料が強いである。
ホームクッキングの料理とファーストフードを比べたら、ホームクッキングの材料の方は健康にいいであったが、今日の近代化社会の忙しい生活で、ホームクッキングの材料はしばしば動物性蛋白と含水炭素しかないである。理由は、人々がその材料をストレスの多い生活に対して役に立つと信じる。
ファーストフードの場合、上に述べた短時間のことは長点であると思う。休憩が少ない仕事で、人々が買い物するにとってあまり時間がなくて、そのホームクッキングの作ることにとって長い時間が必要である。",54.0,beginner,10.0,249.0,24.9,0.4738955823293173,15.0,555.0,30.0,21.0,97.0,48.0,2.865,2.465,3.996,3.864,2.934,2.831
96,96,96,GDE09,DEU,ドイツ語,"今の生活がもっと速くになりました。人々は仕事が立て込みながら、自分を作った料理のために時間がありません。しかし、時間がある人はだいたい怠惰だと思います。
幸運なことにファスフード店よくあります。町にどこでもかしこでもそのような店があります。それで、各所に速い食べ物を買われます。行きしな、仕事などに大急ぎで食事をしたと思います。今、ファストフードが大抵テークアウトと称しますので、レストランに注文した、家やオフィスへ持って帰ります。当節はすべてのものがもっと速くになりましたが、人々は特定の食べ物の質を要求して、なれどだいたいありません。
各国に特別なファストフード店に味が信頼できます。例えば、マクドナルドやバーガーキングにできます。でも、バーガーやポテトフライが衛生に悪いそうだと思います。肉だけあるや脂っこいなどの食べ物で、野菜は大方ありません。
けれど、往々にして養分のあるファストフードもあります。例えば、ドイツ国にドネルケバブよくありますので、肉もありますが、サラダや野菜も入ります。満腹感を与える食事だと思います。
今の時に、料理のために逆戻りを見ます。当世の若者がもう自分に料理を作りたいだと思います。自身で台所に行きそうで、食べ物を作りそうです。ナウいなります。冷凍ピザなどじゃありません。でも、小人数です。
終わりに、今は速い一世です。人類が自分に作った料理のために時間がありませんので、ファストフードやテークアウトよく食べそうです。しかし、若手の人が徐々にホームメードの食べ物に少しずつ帰ると思います。","今の生活がもっと速くになりました。人々は仕事が立て込みながら、自分を作った料理のために時間がありません。しかし、時間がある人はだいたい怠惰だと思います。
幸運なことにファスフード店よくあります。町にどこでもかしこでもそのような店があります。それで、各所に速い食べ物を買われます。行きしな、仕事などに大急ぎで食事をしたと思います。今、ファストフードが大抵テークアウトと称しますので、レストランに注文した、家やオフィスへ持って帰ります。当節はすべてのものがもっと速くになりましたが、人々は特定の食べ物の質を要求して、なれどだいたいありません。
各国に特別なファストフード店に味が信頼できます。例えば、マクドナルドやバーガーキングにできます。でも、バーガーやポテトフライが衛生に悪いそうだと思います。肉だけあるや脂っこいなどの食べ物で、野菜は大方ありません。
けれど、往々にして養分のあるファストフードもあります。例えば、ドイツ国にドネルケバブよくありますので、肉もありますが、サラダや野菜も入ります。満腹感を与える食事だと思います。
今の時に、料理のために逆戻りを見ます。当世の若者がもう自分に料理を作りたいだと思います。自身で台所に行きそうで、食べ物を作りそうです。ナウいなります。冷凍ピザなどじゃありません。でも、小人数です。
終わりに、今は速い一世です。人類が自分に作った料理のために時間がありませ",53.0,beginner,25.0,329.0,13.16,0.4042553191489361,18.0,662.0,21.0,15.0,142.0,37.0,3.281,2.856,4.589,4.562,3.392,3.19
97,97,97,GDE13,DEU,ドイツ語,"近時代から、人の生活は忙しくなりました。そういう訳で、料理も変えてしました。今日はファスト・フードが人たちの生活に大切です。息休めに家の食事をするのは無理です。他方においてはファスト・フードが便利と早いと安いですから、今日大勢はファスト・フードが要ります。でも、それを食べ過ぎてしまって、体に悪くなります。又、中毒を発展させることができます。ところでファスト・フードは人付き合いが不在かもしれません。
ファスト・フードは環境にも破壊します。牛肉を育てる時には二酸化炭素や他の排ガスが出て、水がたくさん要ります。そしてファスト・フードのペッキングは廃物を大量にします。
しかるに、家に料理した食事は健勝である。それが普段な習慣ですから、伝統があります。人は一緒に食べながら、話せます。家族に必要と思います。でも、その料理よりファスト・フードは同時に高って、長くかかります。
何がのほうがいいですか。それを確かに伝統的な料理です。ファスト・フードは早いですが、体に悪くて、人々がそれを要ります。でも毎日食べるのは危険である。人はファスト・フードを時々食べます。いい加減にたべるとても大丈夫です。でも子供たちにとって、ファスト・フードは本当に危ないと思います。両親が子供に至当な手元を教えます。この通り、いいに育てるが、全部を差し止めるも違うと思います。いつものように衡平は大したね。","近時代から、人の生活は忙しくなりました。そういう訳で、料理も変えてしました。今日はファスト・フードが人たちの生活に大切です。息休めに家の食事をするのは無理です。他方においてはファスト・フードが便利と早いと安いですから、今日大勢はファスト・フードが要ります。でも、それを食べ過ぎてしまって、体に悪くなります。又、中毒を発展させることができます。ところでファスト・フードは人付き合いが不在かもしれません。
ファスト・フードは環境にも破壊します。牛肉を育てる時には二酸化炭素や他の排ガスが出て、水がたくさん要ります。そしてファスト・フードのペッキングは廃物を大量にします。
しかるに、家に料理した食事は健勝である。それが普段な習慣ですから、伝統があります。人は一緒に食べながら、話せます。家族に必要と思います。でも、その料理よりファスト・フードは同時に高って、長くかかります。
何がのほうがいいですか。それを確かに伝統的な料理です。ファスト・フードは早いですが、体に悪くて、人々がそれを要ります。でも毎日食べるのは危険である。人はファスト・フードを時々食べます。いい加減にたべるとても大丈夫です。でも子供たちにとって、ファスト・フードは本当に危ないと思います。両親が子供に至当な手元を教えます。この通り、いいに育てるが、全部を差し止めるも違うと思います。いつものように衡平は大したね。",69.0,intermediate,26.0,277.0,10.653846153846152,0.4512635379061371,20.0,589.0,15.0,19.0,116.0,38.0,3.255,2.847,4.485,4.397,3.174,3.104
98,98,98,HHG02,HUN,ﾊﾝｶﾞﾘｰ語,"ファストフードと言えば、健康に悪いというイメージがかなり強くなってきているにも関わらず、大人気である。手間をかけずに早く手に入れやすいところが確かに便利だと思うのも当然であろうし、味が悪いとも言えない。悪いどころか、実はファストフードの中に美味しいものがいっぱいあると思う。
私が高校を卒業してから実家を出て、大学一年生の頃の話である。忙しくて楽しい生活を送りながら、料理だけには時間をかける気がなかった。油や塩の量は高すぎるとか、変な薬品が入っているとか、健康によくないとか、いくら言われようと、ほとんどファストフードを食べていた。
そのような状況だったが、４年前のある日は初めてジョギングに挑戦し、走ることが習慣となり、結局いつになっても諦めるつもりがない趣味になってきた。運動のおかげで自分の体に対する意識が強まるにつれて、食べ物の好みも少しづつ変わってきたわけである。もともとハンバーガーやピザやパンなどが好きだったのに、自然に新鮮な野菜や果物やそれらを使った料理に向いてきた。友達と会って一緒に食べたりするときには遠慮なんてしない。しかし食べた後は体が重く感じて、やはり気持ち悪いと思うことは珍しくない。
周りの人の影響で好みの変化は起こらなかったかも知れないが、自分の経験を通してこのような結果を迎えた。私にとってはファストフードの誘惑が段々弱まっていく。これからもできるだけ料理のために時間を作って、健康で美味しい食べ物でお腹を喜ばすような生活を送っていこうと思う。","ファストフードと言えば、健康に悪いというイメージがかなり強くなってきているにも関わらず、大人気である。手間をかけずに早く手に入れやすいところが確かに便利だと思うのも当然であろうし、味が悪いとも言えない。悪いどころか、実はファストフードの中に美味しいものがいっぱいあると思う。
私が高校を卒業してから実家を出て、大学一年生の頃の話である。忙しくて楽しい生活を送りながら、料理だけには時間をかける気がなかった。油や塩の量は高すぎるとか、変な薬品が入っているとか、健康によくないとか、いくら言われようと、ほとんどファストフードを食べていた。
そのような状況だったが、４年前のある日は初めてジョギングに挑戦し、走ることが習慣となり、結局いつになっても諦めるつもりがない趣味になってきた。運動のおかげで自分の体に対する意識が強まるにつれて、食べ物の好みも少しづつ変わってきたわけである。もともとハンバーガーやピザやパンなどが好きだったのに、自然に新鮮な野菜や果物やそれらを使った料理に向いてきた。友達と会って一緒に食べたりするときには遠慮なんてしない。しかし食べた後は体が重く感じて、やはり気持ち悪いと思うことは珍しくない。
周りの人の影響で好みの変化は起こらなかったかも知れないが、自分の経験を通してこのような結果を迎えた。私にとってはファストフードの誘惑が段々弱まっていく。これからもできるだけ料理のために",85.0,advanced,14.0,343.0,24.5,0.4897959183673469,33.0,640.0,22.0,25.0,153.0,48.0,2.946,2.286,3.465,3.466,2.72,2.576
99,99,99,HHG04,HUN,ﾊﾝｶﾞﾘｰ語,"最近の世界でファーストフード店は日常生活の一部になった。しかし、家で家族と一緒に食べて、自分の手で料理した食事も生活で必要と思う。それからの食事の両方は悪い面と良い面も持っている。
最初のはファーストフード店の中で中華料理をはじめ、イタリア料理、サンドイッチショップ、ハンバーガーいろいろな種類がある。それからすべての状況であなたの好みを見つけることができる。町で歩いてほとんどどこでも行って近くで一つファーストフード店がある。その店の食べ物はすぐに用意されているが、シェフの仕事だから、あまりの愛で作らないと思う。家族に作るから、家で料理した食べ物はその愛がある。さらに家族と一緒に食べることが楽しみと思う。家族と過ごす貴重な時間だ。
一方、家でただシェフができる物が食べられて、ただ一つ料理である。家族は別の食べ物を選択することはできない。または、みんなが同時にお腹が空いたときはとても珍しいから、両立させるのが難しいになる。
食事の値段も乗用な問題である。原材料は常に安価ではないが、毎日ファーストフードを食べることよりも調理することはまだ安いである。ファーストフード店の値段は最初は安いようだが、いつもそこに食べれば、お金を間もなく使い果たす。
ただし、ファーストフード店で食べた食事も家で作った料理の食事も良い面と悪い面を持っているが、どちらも私たちの生活の一部であり、それはとても良いと思う。","最近の世界でファーストフード店は日常生活の一部になった。しかし、家で家族と一緒に食べて、自分の手で料理した食事も生活で必要と思う。それからの食事の両方は悪い面と良い面も持っている。
最初のはファーストフード店の中で中華料理をはじめ、イタリア料理、サンドイッチショップ、ハンバーガーいろいろな種類がある。それからすべての状況であなたの好みを見つけることができる。町で歩いてほとんどどこでも行って近くで一つファーストフード店がある。その店の食べ物はすぐに用意されているが、シェフの仕事だから、あまりの愛で作らないと思う。家族に作るから、家で料理した食べ物はその愛がある。さらに家族と一緒に食べることが楽しみと思う。家族と過ごす貴重な時間だ。
一方、家でただシェフができる物が食べられて、ただ一つ料理である。家族は別の食べ物を選択することはできない。または、みんなが同時にお腹が空いたときはとても珍しいから、両立させるのが難しいになる。
食事の値段も乗用な問題である。原材料は常に安価ではないが、毎日ファーストフードを食べることよりも調理することはまだ安いである。ファーストフード店の値段は最初は安いようだが、いつもそこに食べれば、お金を間もなく使い果たす。
ただし、ファーストフード店で食べた食事も家で作った料理の食事も良い面と悪い面を持っているが、どちらも私たちの生活の一部であり、それはとても良いと思",64.0,intermediate,17.0,313.0,18.41176470588235,0.389776357827476,18.0,602.0,15.0,18.0,140.0,57.0,2.912,2.518,3.79,3.696,2.782,2.708
100,100,100,HHG05,HUN,ﾊﾝｶﾞﾘｰ語,"今は現代的な生活を送ると毎日が忙しく、時間を有効に使いたい時代である。平日に食事に使える時間も縮小しつつ、迅速なサービスを提供する低価格のファーストフードのレストランはだんだん普及した。
つまり、一家そろって余裕に食事をとれる習慣はなくなっただろうか。私はそうではないと思う。習慣は確かに変わったけれど、両方は存在している。
ファーストフードの場合は、後の片付けを気にせず注文すると素早く食事ができるというメリットがある。日本なら外食は自炊より低価格も長所だと思う。手間がかかる料理を作る時間がなく、高い材料を買いたくではなければ、時々ファーストフードを食べるのは問題にならないと思う。なぜかというと、ファーストフードは不健康で、ジャンクフードというあだ名もある。こういう食品は保存料と脂質が多いという短所もある。特に成長中の乳児に、ポテトフライやハンバーグを食べさせるのが健康に非常に悪いと思う。
調理する時間があり、楽しく作り、家族と一緒に食事をとるの場合は、料理に要る材料は明確で、ヘルシーな料理を作るかどうか自分次第である。それから、一緒に食べてくれる人がいたら、料理はより美味しくなるという諺もある。
ハンガリーには日曜日の昼餐は昔から大切にされている。日曜日の昼餐とは、祖父母、又は両親の家で家族が一家そろってゆっくり話しながら昼食をとるということである。
料理を作る時間がない時ヘルシーな料理を食べたかったら、ファーストフードではなく、ファミリレストランでも食事がとれる。
ライフスタイルに一致しヘルシーな食習慣をつけよう。","今は現代的な生活を送ると毎日が忙しく、時間を有効に使いたい時代である。平日に食事に使える時間も縮小しつつ、迅速なサービスを提供する低価格のファーストフードのレストランはだんだん普及した。
つまり、一家そろって余裕に食事をとれる習慣はなくなっただろうか。私はそうではないと思う。習慣は確かに変わったけれど、両方は存在している。
ファーストフードの場合は、後の片付けを気にせず注文すると素早く食事ができるというメリットがある。日本なら外食は自炊より低価格も長所だと思う。手間がかかる料理を作る時間がなく、高い材料を買いたくではなければ、時々ファーストフードを食べるのは問題にならないと思う。なぜかというと、ファーストフードは不健康で、ジャンクフードというあだ名もある。こういう食品は保存料と脂質が多いという短所もある。特に成長中の乳児に、ポテトフライやハンバーグを食べさせるのが健康に非常に悪いと思う。
調理する時間があり、楽しく作り、家族と一緒に食事をとるの場合は、料理に要る材料は明確で、ヘルシーな料理を作るかどうか自分次第である。それから、一緒に食べてくれる人がいたら、料理はより美味しくなるという諺もある。
ハンガリーには日曜日の昼餐は昔から大切にされている。日曜日の昼餐とは、祖父母、又は両親の家で家族が一家そろってゆっくり話しながら昼食をとるということである。
料理を作る時間がない時ヘルシー",82.0,advanced,17.0,338.0,19.88235294117647,0.4378698224852071,25.0,669.0,33.0,27.0,130.0,70.0,2.802,2.311,3.883,3.761,2.654,2.589
101,101,101,HHG12,HUN,ﾊﾝｶﾞﾘｰ語,"「ファストフードと手作り料理、どっちがいいですか？」と聞かれたら、手作りと答えない人はたぶんいないと思います。皆は自分の母に作られた料理は一番好きだし、ファストフードが体に良くないということがよく言われている。それなのに、どうしてマックドナーみたいなファストフードを売るレストランはいつも込んでいるままでしょう？
ファストフードのいいところの一つはその値段です。ハンバーグは安いし、早くできているので、急いでいる場合にいいチョイスに見えるでしょう。でも、いつもこういう物を食べたら、早く体重が増えたり、信用病の危険もあります。自分で料理するのは難しくて、結構時間をかかってしまうですが、出来た後で達成の感じをして、その理由でもっとおいしいでしょう。といっても、失敗したら何も食べなくなり、がっかりすることもあります。ファストフードレストランで失敗はめったにないですから、それも便利だと思っています。
私は昔よくマックドナーへ行ったことがありましたけど、最近は自分で料理を作ることになりました。やっぱりその方は安くて、しないと、料理を出来る様になれないと思って、初めてやったのは簡単な食べ物でした。それから色々なものを作ってみました。まだ時々ファストーフードを食べますが、自分のご飯を作る楽しみがもっと好きです。","「ファストフードと手作り料理、どっちがいいですか？」と聞かれたら、手作りと答えない人はたぶんいないと思います。皆は自分の母に作られた料理は一番好きだし、ファストフードが体に良くないということがよく言われている。それなのに、どうしてマックドナーみたいなファストフードを売るレストランはいつも込んでいるままでしょう？
ファストフードのいいところの一つはその値段です。ハンバーグは安いし、早くできているので、急いでいる場合にいいチョイスに見えるでしょう。でも、いつもこういう物を食べたら、早く体重が増えたり、信用病の危険もあります。自分で料理するのは難しくて、結構時間をかかってしまうですが、出来た後で達成の感じをして、その理由でもっとおいしいでしょう。といっても、失敗したら何も食べなくなり、がっかりすることもあります。ファストフードレストランで失敗はめったにないですから、それも便利だと思っています。
私は昔よくマックドナーへ行ったことがありましたけど、最近は自分で料理を作ることになりました。やっぱりその方は安くて、しないと、料理を出来る様になれないと思って、初めてやったのは簡単な食べ物でした。それから色々なものを作ってみました。まだ時々ファストーフードを食べますが、自分のご飯を作る楽しみがもっと好きです。",82.0,advanced,14.0,273.0,19.5,0.4395604395604395,25.0,555.0,16.0,7.0,128.0,25.0,2.784,2.305,3.771,3.673,2.754,2.606
102,102,102,HHG16,HUN,ﾊﾝｶﾞﾘｰ語,"ファストフードと家庭料理の中にいいものは一つだけあると言う意見もあるかもしれないが、どちらとも長所も短所もあると思う。
もちろん、家庭料理のほうがいいと言う人が多いである。家庭料理は観光的だけではなく、食べ物を作るのは楽しい趣味にもなれる。そして料理がうまい人になれば色々な美味しい食べ物を食べられる。だけど、家庭料理を作るのはたくさん時間がかかり、料理を勉強したことがない人たちは全然できない。このような事態があれば、ファストフードは解決になれる。
ファストフードを自分で作る必要はないし、早く食べられるし。そしてたいてい味もいいである。だけど、「ファストフードは健康的ではない」と言う文がよく聞こえるので、毎日同じハンバーガー店で食べるのは体によくないかもしれない。そして高いファストフードの店も増えるそうである。家庭料理はこんなにたくさんお金がかからない。","ファストフードと家庭料理の中にいいものは一つだけあると言う意見もあるかもしれないが、どちらとも長所も短所もあると思う。
もちろん、家庭料理のほうがいいと言う人が多いである。家庭料理は観光的だけではなく、食べ物を作るのは楽しい趣味にもなれる。そして料理がうまい人になれば色々な美味しい食べ物を食べられる。だけど、家庭料理を作るのはたくさん時間がかかり、料理を勉強したことがない人たちは全然できない。このような事態があれば、ファストフードは解決になれる。
ファストフードを自分で作る必要はないし、早く食べられるし。そしてたいてい味もいいである。だけど、「ファストフードは健康的ではない」と言う文がよく聞こえるので、毎日同じハンバーガー店で食べるのは体によくないかもしれない。そして高いファストフードの店も増えるそうである。家庭料理はこんなにたくさんお金がかからない。",73.0,intermediate,11.0,186.0,16.90909090909091,0.4462365591397849,14.0,381.0,13.0,4.0,91.0,30.0,2.855,2.357,3.836,3.735,2.616,2.587
103,103,103,HHG20,HUN,ﾊﾝｶﾞﾘｰ語,"ファーストフードとは、外食の代表的なものと言えます。値段も安くて、時間をかけなくて、手軽に食べることができるので人気があります。家庭料理についての反対論は、手間や時間が掛かるところです。現代人は、仕事をはじめとして、日常生活で忙しいので、料理するための時間はあまりないと思います。食材はファーストフード店の値段に比べたら安くても、料理するのが面倒に思う人が多そうです。しかし、ファーストフードの料理にも短所があります。ファーストフードは普段、油で揚げた食品で、栄養のバランスの悪い食事です。ファーストフード店はハンバーガー、ピザなどを定番とします。栄養のバランスが崩れると、私たちの体はきちんと働けないです。したがって、健康に良い食事は重要です。ファーストフードは、油が多く野菜が少ないため、ビタミンやミネラルも少ないです。カロリーは高いという短所もあります。ファーストフードの利点として、値段が安いともよく耳にしますが、家庭料理の材料より安くないと思います。それに、家庭料理は野菜や果物が多くて、ファーストフードよりカロリーが低いので、健康的とも言えます。ファーストフードは、常食してしまうと危険です。
他に、家族そろって外食するより、自宅で一緒に食べるのがいいと思います。一緒に出来上がった料理は一番おいしいです。雰囲気の良い食事は忙しい日常生活で心を落ち着かせる時間だと思います。","ファーストフードとは、外食の代表的なものと言えます。値段も安くて、時間をかけなくて、手軽に食べることができるので人気があります。家庭料理についての反対論は、手間や時間が掛かるところです。現代人は、仕事をはじめとして、日常生活で忙しいので、料理するための時間はあまりないと思います。食材はファーストフード店の値段に比べたら安くても、料理するのが面倒に思う人が多そうです。しかし、ファーストフードの料理にも短所があります。ファーストフードは普段、油で揚げた食品で、栄養のバランスの悪い食事です。ファーストフード店はハンバーガー、ピザなどを定番とします。栄養のバランスが崩れると、私たちの体はきちんと働けないです。したがって、健康に良い食事は重要です。ファーストフードは、油が多く野菜が少ないため、ビタミンやミネラルも少ないです。カロリーは高いという短所もあります。ファーストフードの利点として、値段が安いともよく耳にしますが、家庭料理の材料より安くないと思います。それに、家庭料理は野菜や果物が多くて、ファーストフードよりカロリーが低いので、健康的とも言えます。ファーストフードは、常食してしまうと危険です。
他に、家族そろって外食するより、自宅で一緒に食べるのがいいと思います。一緒に出来上がった料理は一番おいしいです。雰囲気の良い食事は忙しい日常生活で心を落ち着かせる時間だと思います。",64.0,intermediate,18.0,287.0,15.944444444444445,0.4006968641114982,17.0,593.0,25.0,21.0,118.0,55.0,2.31,1.823,3.156,3.07,2.088,2.011
104,104,104,HHG25,HUN,ﾊﾝｶﾞﾘｰ語,"食物は生きるために必要だので、適切な食べ物は人生で一番大切なことの一つです。栄養価の高い食事は活動力を与えてくれます。そして、人々は食事が規制正しく取ったら、こんな食べ物のおかげで、一日中元気です。
しかし、今日の生活はめまぐるしく変わり複雑で、人々は仕事や勉強で忙しいので、食べる時間があまりありません。そんなに早い生活は健康によくないです。自分で料理を作る時間があまりなくても、私たちはみんな食べなければなりませんから、現代、ファーストフード店の数は増えています。こんなレストランの長所は何でしょうか。もちろん、自分で料理を作るより早くて、時間がない時も早くて買いやすいですが、自家製料理と比べて、栄養価の高い食事でしょうか。これはレストランによって違いますが、ファーストフードでも栄養があっても、その栄養は自家製料理より低いですから、活動力で十分足りると思いますが、普通のファーストフードで食品添加物もあるので、長い時間にそれだけ食べたら、健康によくないかもしれません。
それに対して、自分で作った料理を作る時、自分で買った、または自分の庭で栽培したものも使いますから、使った肉や野菜などを知っています。自家製料理は栄養価の高いの
で、健康にも、活動力にもよいです。残念ながら、現代のだらしない生活をしている人々は時間が不足のせいで自家製料理をあまり食べません。
私にとっては、ファーストフードと自家製料理が長所と短所の両方もありますが、バランスのとれた食事が一番健康によいと思います。日常生活ではファーストフード店も必要ですが、人々はもっと自家製料理を食べたほうがいいかもしれません。","食物は生きるために必要だので、適切な食べ物は人生で一番大切なことの一つです。栄養価の高い食事は活動力を与えてくれます。そして、人々は食事が規制正しく取ったら、こんな食べ物のおかげで、一日中元気です。
しかし、今日の生活はめまぐるしく変わり複雑で、人々は仕事や勉強で忙しいので、食べる時間があまりありません。そんなに早い生活は健康によくないです。自分で料理を作る時間があまりなくても、私たちはみんな食べなければなりませんから、現代、ファーストフード店の数は増えています。こんなレストランの長所は何でしょうか。もちろん、自分で料理を作るより早くて、時間がない時も早くて買いやすいですが、自家製料理と比べて、栄養価の高い食事でしょうか。これはレストランによって違いますが、ファーストフードでも栄養があっても、その栄養は自家製料理より低いですから、活動力で十分足りると思いますが、普通のファーストフードで食品添加物もあるので、長い時間にそれだけ食べたら、健康によくないかもしれません。
それに対して、自分で作った料理を作る時、自分で買った、または自分の庭で栽培したものも使いますから、使った肉や野菜などを知っています。自家製料理は栄養価の高いの
で、健康にも、活動力にもよいです。残念ながら、現代のだらしない生活をしている人々は時間が不足のせいで自家製料理をあまり食べません。
私にとっては、ファーストフード",71.0,intermediate,14.0,360.0,25.714285714285715,0.375,21.0,696.0,32.0,24.0,148.0,83.0,2.499,2.058,3.583,3.462,2.366,2.309
105,105,105,HHG33,HUN,ﾊﾝｶﾞﾘｰ語,"「ああ、古き良き時代！主婦はいい主婦として料理して、子供はいい子としてひとつも断片残らず、食事全部食べた時代はよかったのに、今はファミレスばっか！なんてこと。」と曾おばあちゃんが文句を言うかもしれません。
しかし、現在社会にはファストフードの存在理由も否定できないと私は思っています。私たちの社会は競争社会である。今は、人はみんな急いでいます。手作り料理は確かに手間がかかる。そして今は、結婚しても働く女性も多いです。フルタイムで働いている女性には毎日手作り料理するのは無理だと思います。家族と一緒に、家族の心地よい雰囲気で食事したいと思っても、多分余裕がない人もあります。それは残念だと思いますが、現時点においては仕方がないことかもしれません。
しかし、ファストフードレストランでの料理は健康には良くない。肉が多くて、野菜は少ない。ですから、ファストフードを食べることは仕方がないことだと考えられていたら、マックドナルドみたいなレストランは少なくとももっと健康的な料理をするべきだと思います。このままでは、社会人は「やっと休める！やっと家族と一緒にいられる」ころには糖尿病や高血圧で倒れてしまいます。または、定年の前に死んでしまいます。もし、ファストフードレストランも手作り料理の味やいい素質、または家族の心地よい不に気を作られたら、多分あまり非難も受けていないはずだと私は思います。","「ああ、古き良き時代！主婦はいい主婦として料理して、子供はいい子としてひとつも断片残らず、食事全部食べた時代はよかったのに、今はファミレスばっか！なんてこと。」と曾おばあちゃんが文句を言うかもしれません。
しかし、現在社会にはファストフードの存在理由も否定できないと私は思っています。私たちの社会は競争社会である。今は、人はみんな急いでいます。手作り料理は確かに手間がかかる。そして今は、結婚しても働く女性も多いです。フルタイムで働いている女性には毎日手作り料理するのは無理だと思います。家族と一緒に、家族の心地よい雰囲気で食事したいと思っても、多分余裕がない人もあります。それは残念だと思いますが、現時点においては仕方がないことかもしれません。
しかし、ファストフードレストランでの料理は健康には良くない。肉が多くて、野菜は少ない。ですから、ファストフードを食べることは仕方がないことだと考えられていたら、マックドナルドみたいなレストランは少なくとももっと健康的な料理をするべきだと思います。このままでは、社会人は「やっと休める！やっと家族と一緒にいられる」ころには糖尿病や高血圧で倒れてしまいます。または、定年の前に死んでしまいます。もし、ファストフードレストランも手作り料理の味やいい素質、または家族の心地よい不に気を作られたら、多分あまり非難も受けていないはずだと私は思います。",86.0,advanced,19.0,300.0,15.789473684210526,0.4333333333333333,21.0,593.0,27.0,19.0,134.0,55.0,2.883,2.447,4.046,3.935,2.781,2.695
106,106,106,HHG36,HUN,ﾊﾝｶﾞﾘｰ語,"ファーストフードと家庭での、手作りの「ホームフード」、何時、どちらが良いの対話はいかにも面白そうな議論である。
ファーストフードと言ったら、私は最初の印象がファストフード売ってるレストランの短所が思い出します。ファストフードは、便利ですけども、ファーストレストランは賑やかで、込んでいて、雰囲気はちょっとしかも仲良くない。長所は便利さしかありません。
手作りと健康的なのご飯を、家庭の静かさで、仲良い雰囲気でいただくのはどのように楽しそうでも、時間は短所である。
ところで、両方の間の通りもあるだろう。
大学の近くに、古そうな建物の一階に、「エリ・ネーニ（ネーニはハンガリー語でおばあちゃん）のキッチン」と言うの小さいファストレストランがある。値段は安くても、ご飯の種類は多くなくて、3か5分でできる、ファストフードである。食堂はたいへん暗くても、キッチンは直接に見えますし、エリおばあちゃんは料理を作るのを見ながら食べられます。エリおばあちゃんはみんな知ってるから、食堂の雰囲気は家庭の仲良くようにする。私たちは、大学の授業がある日には、何時もエリおばあちゃんの「キッチン」で食べて、ファストフード・レストランで、家庭の雰囲気で楽しみます。
ファストフードもホームフードも長所、短所もある。では、両方のいいことを合わせるの方もありますよ。ファストフードなら、もちろん「エリ・ネーニのキッチン」のような、小さい店をお進みいたしますよ。","ファーストフードと家庭での、手作りの「ホームフード」、何時、どちらが良いの対話はいかにも面白そうな議論である。
ファーストフードと言ったら、私は最初の印象がファストフード売ってるレストランの短所が思い出します。ファストフードは、便利ですけども、ファーストレストランは賑やかで、込んでいて、雰囲気はちょっとしかも仲良くない。長所は便利さしかありません。
手作りと健康的なのご飯を、家庭の静かさで、仲良い雰囲気でいただくのはどのように楽しそうでも、時間は短所である。
ところで、両方の間の通りもあるだろう。
大学の近くに、古そうな建物の一階に、「エリ・ネーニ（ネーニはハンガリー語でおばあちゃん）のキッチン」と言うの小さいファストレストランがある。値段は安くても、ご飯の種類は多くなくて、3か5分でできる、ファストフードである。食堂はたいへん暗くても、キッチンは直接に見えますし、エリおばあちゃんは料理を作るのを見ながら食べられます。エリおばあちゃんはみんな知ってるから、食堂の雰囲気は家庭の仲良くようにする。私たちは、大学の授業がある日には、何時もエリおばあちゃんの「キッチン」で食べて、ファストフード・レストランで、家庭の雰囲気で楽しみます。
ファストフードもホームフードも長所、短所もある。では、両方のいいことを合わせるの方もありますよ。ファストフードなら、もちろん「エリ・ネーニのキッチン」のよう",68.0,intermediate,14.0,280.0,20.0,0.4321428571428571,20.0,617.0,38.0,11.0,109.0,42.0,2.899,2.412,4.254,4.181,2.861,2.734
107,107,107,HHG39,HUN,ﾊﾝｶﾞﾘｰ語,"現代のハンガリー人は、昔より忙しくなったと言われている。生活パターンが変わったため、人は以前に比べて、外食することが多くなってきた、と食事習慣に関する調査から分かった。一番よく行く店は、マックドナルドや、ブールゲル・キングなどといったアメリカのファストフードの店ですが、最近はトルクと中国の店も流行っているようです。
外食が多くなった理由として、昔の家庭の構造が壊れてしまったと言われている。以前は、日本と同じように、主婦がうちにいて、家庭の仕事を果たしていったが、今の女性は結婚であっても、働かなければならない。男性みたいに会社に入って、以前は男に限れている仕事もやっている。それで、料理を作る時間はなくなってしまい、自分も外食するようになった。祖父母のいる子供たち場合、祖父母に行って昼食するのは多いが、いない子供たちは学校の食堂で食べる。そこで提供している料理はだいたい家庭の味だが、会社などで働いている大人たちには外食するしかない。
不健康なファストフードを食べる大人たちは少し可愛そうではないか。昔は職場で提供していた昼食が食べられて、休憩も長かったが、今は違う。みんなは短い昼食休憩をもらって、急いでマックドナルドなどに寄って、なんか口に込めておしまい。伝統的なハンガリー料理は日本の味噌汁に似てるスープと、野菜で作るものが有名で、意外と健康的だが、それに対してファストフードの方は体に良くないことが常識である。
だから、どんなに急いでも、大人たちもその健康的な家庭料理に向かって生きていけばいいことではないだろうか。","現代のハンガリー人は、昔より忙しくなったと言われている。生活パターンが変わったため、人は以前に比べて、外食することが多くなってきた、と食事習慣に関する調査から分かった。一番よく行く店は、マックドナルドや、ブールゲル・キングなどといったアメリカのファストフードの店ですが、最近はトルクと中国の店も流行っているようです。
外食が多くなった理由として、昔の家庭の構造が壊れてしまったと言われている。以前は、日本と同じように、主婦がうちにいて、家庭の仕事を果たしていったが、今の女性は結婚であっても、働かなければならない。男性みたいに会社に入って、以前は男に限れている仕事もやっている。それで、料理を作る時間はなくなってしまい、自分も外食するようになった。祖父母のいる子供たち場合、祖父母に行って昼食するのは多いが、いない子供たちは学校の食堂で食べる。そこで提供している料理はだいたい家庭の味だが、会社などで働いている大人たちには外食するしかない。
不健康なファストフードを食べる大人たちは少し可愛そうではないか。昔は職場で提供していた昼食が食べられて、休憩も長かったが、今は違う。みんなは短い昼食休憩をもらって、急いでマックドナルドなどに寄って、なんか口に込めておしまい。伝統的なハンガリー料理は日本の味噌汁に似てるスープと、野菜で作るものが有名で、意外と健康的だが、それに対してファストフードの方は体に良",66.0,intermediate,14.0,352.0,25.142857142857142,0.4204545454545454,33.0,665.0,42.0,13.0,150.0,55.0,2.964,2.504,3.812,3.76,2.826,2.695
108,108,108,HHG53,HUN,ﾊﾝｶﾞﾘｰ語,今日は、親密なファミリー食事の横にファーストフード店があります。働く人々はあまり時間が無いから、ファーストフード店で何かを選ぶことは安価であり、時間が短縮されます。準備ができた食事の取得に勝るものはありません。一方、ファーストフード店は非常に健康的ではありません。でも、特別なスパイスを追加すると、ファーストフードはおいしくなります。それは多分、お金の不足とすることができるので、ハンバーガーやサンドイッチに入れた方が安い食材を得る。そしてそれはまだ安いです。でもそれは自家製の食事内側の愛を凌ぐすることはできません。健康食品はいつも高価すぎるから、それは人々のホームを帰る道で何かを買うする方が簡単です。健康食品は、時間とお金が必要です。私は家族「母、兄、祖母、祖父」と一緒に住んで、毎日一緒に昼ごはんを食べます。それながら、私の家族でファーストフードは必要じゃありません。もちろん、ジャンクフードをかわすことができない場合もあります、例えば誰かと任命、ミーティングがある場合の時。合計するメリットは次のとおりです。早く食べられて、安いだって、そして実用的です。合計するデメリットは以下のとおりです。非常に健康的ではありません、体重が増えて、そして時々とても寂しいです。食事を調理することも料理に食材を買うためにスーパーマーケットへの行くも必要です。それにもかかわらず、マクドナルドやサブエイのような大企業は、今日のペースの速い時代に咲いている。,今日は、親密なファミリー食事の横にファーストフード店があります。働く人々はあまり時間が無いから、ファーストフード店で何かを選ぶことは安価であり、時間が短縮されます。準備ができた食事の取得に勝るものはありません。一方、ファーストフード店は非常に健康的ではありません。でも、特別なスパイスを追加すると、ファーストフードはおいしくなります。それは多分、お金の不足とすることができるので、ハンバーガーやサンドイッチに入れた方が安い食材を得る。そしてそれはまだ安いです。でもそれは自家製の食事内側の愛を凌ぐすることはできません。健康食品はいつも高価すぎるから、それは人々のホームを帰る道で何かを買うする方が簡単です。健康食品は、時間とお金が必要です。私は家族「母、兄、祖母、祖父」と一緒に住んで、毎日一緒に昼ごはんを食べます。それながら、私の家族でファーストフードは必要じゃありません。もちろん、ジャンクフードをかわすことができない場合もあります、例えば誰かと任命、ミーティングがある場合の時。合計するメリットは次のとおりです。早く食べられて、安いだって、そして実用的です。合計するデメリットは以下のとおりです。非常に健康的ではありません、体重が増えて、そして時々とても寂しいです。食事を調理することも料理に食材を買うためにスーパーマーケットへの行くも必要です。それにもかかわらず、マクドナルドやサブエイのよう,48.0,beginner,19.0,313.0,16.473684210526315,0.4472843450479233,23.0,624.0,32.0,22.0,131.0,55.0,2.859,2.524,4.457,4.23,2.73,2.724
109,109,109,HHG55,HUN,ﾊﾝｶﾞﾘｰ語,現在は自宅での食事より外食が流行っていると思ったことがありますか。現代の人は自分では料理が出来ないからと外食を選ぶ人が増えて行く一歩だと実感したことがありますか。しかし、アンケート調査の結果を見ると、内食と外食の割り合いは平等に5050%と読み取れます。その理由は何なのかを分析すると分かります。レストランでは食事の値段は自分で作るより高いかもしれませんが、買い物や準備で時間が取られるので、忙しい時にまず便利です。そして、うどんやラーメンといった新鮮で、プロに作った食べ物は外で食べるのが一番だと言う意見も多いようです。しかし、外食する人の大抵はやはり独身や料理をしたことも、その経験もない若者です。逆に、家族のある人は飲み会や残業後の食事を除いては主婦の苦労が積もったご飯を食べるのが常識で、自然だと意識しています。何よりも、家では色んな食材で冒険することが出来るので、レストランより面白いに違いありません。レストランに入ると選択が限られているので、自由が好む女性は自作で試して喜ばせるのが一つの目標です。もちろん、家族と一緒に外食する家庭も多いです。気分転換になりやすい環境なので、特別な日を祝いするには適切だと言う考え方もあります。そして、家族全員が別々のものを食べたい時などでは特に、主婦の手間が掛からないように、特殊な注文も出来る場所となります。全てを見返していると、やはり内職も外食も欠けがいのない何かを持っていると言うことが伝わります。このまま時代と共にどうやって変化するのがまた興味深い疑問です。,現在は自宅での食事より外食が流行っていると思ったことがありますか。現代の人は自分では料理が出来ないからと外食を選ぶ人が増えて行く一歩だと実感したことがありますか。しかし、アンケート調査の結果を見ると、内食と外食の割り合いは平等に5050%と読み取れます。その理由は何なのかを分析すると分かります。レストランでは食事の値段は自分で作るより高いかもしれませんが、買い物や準備で時間が取られるので、忙しい時にまず便利です。そして、うどんやラーメンといった新鮮で、プロに作った食べ物は外で食べるのが一番だと言う意見も多いようです。しかし、外食する人の大抵はやはり独身や料理をしたことも、その経験もない若者です。逆に、家族のある人は飲み会や残業後の食事を除いては主婦の苦労が積もったご飯を食べるのが常識で、自然だと意識しています。何よりも、家では色んな食材で冒険することが出来るので、レストランより面白いに違いありません。レストランに入ると選択が限られているので、自由が好む女性は自作で試して喜ばせるのが一つの目標です。もちろん、家族と一緒に外食する家庭も多いです。気分転換になりやすい環境なので、特別な日を祝いするには適切だと言う考え方もあります。そして、家族全員が別々のものを食べたい時などでは特に、主婦の手間が掛からないように、特殊な注文も出来る場所となります。全てを見返していると、やはり内職も外食も欠,84.0,advanced,15.0,369.0,24.6,0.4498644986449864,35.0,657.0,48.0,26.0,174.0,70.0,3.128,2.525,3.909,3.813,2.804,2.752
110,110,110,HHG60,HUN,ﾊﾝｶﾞﾘｰ語,"現代、私たちの生活にいろいろな食がある。この頃人々はたくさんファストフードを食べている。世界中で多いファストフードレストランもあるので、毎日人々はたくさんのを見える。しかし、これはいいであろうか。ファストフードを食べる生活は悪いであろうか。
一つの主な見方は時間である。家で普通食をかなり長い時間に料理できる。しかし、ファストフードはたいへん短い時間に作れる。誰か時間がないで忙しければ、ファストフードレストランで簡単に食べられる。
他の見方はお金である。ファストフードレストランはあまり安い。しかし店で安くて、いい材料を買えば、家でした料理はレストランよりたいへん安い。それから、誰か家で便利な料理をすれば、もっと多いお金が貯金できる。
もう一つの見方は所と相手である。レストランは家よりもっと騒ぐて違和感である。レストランでいつでもたくさん知らない人がいって、所は家のキッチンよりこんなに狭い。その上、レストランで家族と友達と静かにゆっくり食べられない。食べる時に相手は本当に大切だと思う。
その後で、四番の見方は健康である。そのことから、これは一番大切なことだと思う。ファストフードレストランで作った食べ物はあまり健康に悪い。このことについてアメリカのドキュメンタリーもした。映画の名前は「Super Size Me」である。このテーマについて、本当に面白い映画と思う。
私は家で作った食べ物をファストフードよりもっと好きである。でも、時々私もファストフードを食べる。前の書いた理由があるから、家で食べることはもっといいと思う。","現代、私たちの生活にいろいろな食がある。この頃人々はたくさんファストフードを食べている。世界中で多いファストフードレストランもあるので、毎日人々はたくさんのを見える。しかし、これはいいであろうか。ファストフードを食べる生活は悪いであろうか。
一つの主な見方は時間である。家で普通食をかなり長い時間に料理できる。しかし、ファストフードはたいへん短い時間に作れる。誰か時間がないで忙しければ、ファストフードレストランで簡単に食べられる。
他の見方はお金である。ファストフードレストランはあまり安い。しかし店で安くて、いい材料を買えば、家でした料理はレストランよりたいへん安い。それから、誰か家で便利な料理をすれば、もっと多いお金が貯金できる。
もう一つの見方は所と相手である。レストランは家よりもっと騒ぐて違和感である。レストランでいつでもたくさん知らない人がいって、所は家のキッチンよりこんなに狭い。その上、レストランで家族と友達と静かにゆっくり食べられない。食べる時に相手は本当に大切だと思う。
その後で、四番の見方は健康である。そのことから、これは一番大切なことだと思う。ファストフードレストランで作った食べ物はあまり健康に悪い。このことについてアメリカのドキュメンタリーもした。映画の名前は「Super Size Me」である。このテーマについて、本当に面白い映画と思う。
私は家で作った食べ物を",55.0,beginner,27.0,305.0,11.296296296296296,0.3868852459016393,15.0,667.0,19.0,5.0,145.0,38.0,2.722,2.278,3.602,3.453,2.672,2.53
111,111,111,IID01,IDN,ｲﾝﾄﾞﾈｼｱ語,"現在、便利なことがどんどん増えてくる。例えば、トイレ使い方とか食事とか便利になっておる。人がカフェで友達とおしゃべりしながらゆっくりコーヒーを飲む時間がなくなるから、自動販売機はどこにもある。最近、人が夢中で働くから忙しすぎるようになり、やすむときがないこともある。
仕事が忙しすぎるから、朝御飯の時間もないし、夜も遅く帰るから、疲れて早く寝たいなと思い、晩御飯の食欲はなくなることもある。それで、ファストフードのほうを選んだ人が多い。それはどうしてかというと、ファストフードが便利だし時間があまりかからないのである。その上に、ファストフードを食べる習慣の人がファストフードが体に悪い影響もあるか分からないかもしれない。それとも、かまわないであろうか。ファストフードにはなにか入っているかわからないんであろう。それに、その入っているものが健康にいいかどうか注意しなければいけないと思う。
逆に、家庭料理はファストフードと比べるて健康にいいと思います。たぶん、時間がかかって便利ではないときめたかもしれないが、家庭料理のほうはもっと安心できる。それは材料と調味料の質がわかるからである。それに、体にも悪い影響はなかなかない。
たとえどんなに忙しくてもファストフードを食べるより家庭料理のほうが健康に悪い影響はない。便利なことはいいとは限らない","現在、便利なことがどんどん増えてくる。例えば、トイレ使い方とか食事とか便利になっておる。人がカフェで友達とおしゃべりしながらゆっくりコーヒーを飲む時間がなくなるから、自動販売機はどこにもある。最近、人が夢中で働くから忙しすぎるようになり、やすむときがないこともある。
仕事が忙しすぎるから、朝御飯の時間もないし、夜も遅く帰るから、疲れて早く寝たいなと思い、晩御飯の食欲はなくなることもある。それで、ファストフードのほうを選んだ人が多い。それはどうしてかというと、ファストフードが便利だし時間があまりかからないのである。その上に、ファストフードを食べる習慣の人がファストフードが体に悪い影響もあるか分からないかもしれない。それとも、かまわないであろうか。ファストフードにはなにか入っているかわからないんであろう。それに、その入っているものが健康にいいかどうか注意しなければいけないと思う。
逆に、家庭料理はファストフードと比べるて健康にいいと思います。たぶん、時間がかかって便利ではないときめたかもしれないが、家庭料理のほうはもっと安心できる。それは材料と調味料の質がわかるからである。それに、体にも悪い影響はなかなかない。
たとえどんなに忙しくてもファストフードを食べるより家庭料理のほうが健康に悪い影響はない。便利なことはいいとは限らない",66.0,intermediate,16.0,288.0,18.0,0.4201388888888889,31.0,570.0,22.0,10.0,132.0,44.0,2.782,2.304,3.667,3.635,2.823,2.67
112,112,112,IID17,IDN,ｲﾝﾄﾞﾈｼｱ語,"最近、人たちはだいたい家の外に様々な活動をしている。たとえば、働くとか、勉強するとか、買い物するなど様々な活動がたくさんある。忙しいの生活の時代と言われている。それによると、食生活も人たちは家の外に食事をする。ファストフードの代表先週だ。人たちは一日に１、２回ファストフードを食べることがある。
家庭料理と比べると、ファストフードはずいぶん簡単で便利である。それに対して、ファストフードの悪い点は、料理の中にどんな材料も使うかどうか分からないし、材料も体のために、いいかどうかわからないし、せいけつ的もうたがうし、それに値段も高い。
ファストフードと比べると、かてい料理は材料が知っているから、せいけつ的もうたがわないし、健康的もいいし、それに値段も安い。それに対して、かてい料理は不便で、作ることは長い時間をかかるですが、健康のために、家庭料理をたべるのほうがいいではないかと思う。家庭料理は健康によいいっぽう、せつやくできると思う。
ファストフードは様々な種類があるのに、味が口に合うかどうかわからなくて、食事の量が少ないかどうか分からなくて、気にするようになる。しかし、かてい料理は味や量が自分で決められると思う。それに、一般的にファストフードは脂肪が多いから、もし毎日ファストフードを食べたら、体が太くなる。
家庭料理やファストフードのいい点や悪い点によると、家庭料理はファストフードよりいい。毎日家庭料理を食べたら、体が健康によくなる。","最近、人たちはだいたい家の外に様々な活動をしている。たとえば、働くとか、勉強するとか、買い物するなど様々な活動がたくさんある。忙しいの生活の時代と言われている。それによると、食生活も人たちは家の外に食事をする。ファストフードの代表先週だ。人たちは一日に１、２回ファストフードを食べることがある。
家庭料理と比べると、ファストフードはずいぶん簡単で便利である。それに対して、ファストフードの悪い点は、料理の中にどんな材料も使うかどうか分からないし、材料も体のために、いいかどうかわからないし、せいけつ的もうたがうし、それに値段も高い。
ファストフードと比べると、かてい料理は材料が知っているから、せいけつ的もうたがわないし、健康的もいいし、それに値段も安い。それに対して、かてい料理は不便で、作ることは長い時間をかかるですが、健康のために、家庭料理をたべるのほうがいいではないかと思う。家庭料理は健康によいいっぽう、せつやくできると思う。
ファストフードは様々な種類があるのに、味が口に合うかどうかわからなくて、食事の量が少ないかどうか分からなくて、気にするようになる。しかし、かてい料理は味や量が自分で決められると思う。それに、一般的にファストフードは脂肪が多いから、もし毎日ファストフードを食べたら、体が太くなる。
家庭料理やファストフードのいい点や悪い点によると、家庭料理はファストフードよりいい",64.0,intermediate,16.0,316.0,19.75,0.3734177215189873,25.0,623.0,26.0,16.0,131.0,61.0,2.505,2.092,3.233,3.15,2.461,2.399
113,113,113,IID19,IDN,ｲﾝﾄﾞﾈｼｱ語,"私達の生活では食べることが必要です。しかし、食べるのはどのようにしますか。外食とか家庭料理を食べていますか。最近、どんな国でもファーストフードの店が増えてきました。したがって、ファーストフードで食事する人も増えてきました。しかし、家でお母さんとか家族が料理を作ってくれて、一緒にテーブルの周りに食べる人もまだ大勢います。
これに対して、ファーストフードと家庭料理と比べると、どちらがいいのでしょうか。ファーストフードは忙しくても、食べる時間ないときはいつでも、どこでも、食事できます。それは便利だと思います。そして、いろいろな食べ物が食べられて、よかったと思います。外国の食べ物とか普通のない食べ物も食べられます。値段もあまり高くないので、おいしく食べることができます。しかし、ファーストフードとは健康に悪くなるだと思います。なぜなら、ファーストフードの中に栄養は少ないくて、料理を作るときも清潔のことはちゃんとするかどうかわらないのです。また、よくファートふードを食べたら、太くなる可能性もあります。
さて、家で食べるとか学校や会社に持っていく家庭料理のお弁当はもっとおいしいと感じました。お母さんが子供から作ってくれる家庭料理は一番最高だと思います。それに、家で自由に家族と一緒に食べるのが楽しいことだと思います。お金がかかるのも少なくて、清潔のこともちゃんとわかります。健康のために危ない食料を使わないので、安心だと思います。しかし、おなかがすく場合、いそがしいし、時間がないし、料理を作る時間もなくて、困るになります。
つまり、ファーストフードと家庭料理は悪い点も良い点もあります。","私達の生活では食べることが必要です。しかし、食べるのはどのようにしますか。外食とか家庭料理を食べていますか。最近、どんな国でもファーストフードの店が増えてきました。したがって、ファーストフードで食事する人も増えてきました。しかし、家でお母さんとか家族が料理を作ってくれて、一緒にテーブルの周りに食べる人もまだ大勢います。
これに対して、ファーストフードと家庭料理と比べると、どちらがいいのでしょうか。ファーストフードは忙しくても、食べる時間ないときはいつでも、どこでも、食事できます。それは便利だと思います。そして、いろいろな食べ物が食べられて、よかったと思います。外国の食べ物とか普通のない食べ物も食べられます。値段もあまり高くないので、おいしく食べることができます。しかし、ファーストフードとは健康に悪くなるだと思います。なぜなら、ファーストフードの中に栄養は少ないくて、料理を作るときも清潔のことはちゃんとするかどうかわらないのです。また、よくファートふードを食べたら、太くなる可能性もあります。
さて、家で食べるとか学校や会社に持っていく家庭料理のお弁当はもっとおいしいと感じました。お母さんが子供から作ってくれる家庭料理は一番最高だと思います。それに、家で自由に家族と一緒に食べるのが楽しいことだと思います。お金がかかるのも少なくて、清潔のこともちゃんとわかります。健康のために危ない食料を",69.0,intermediate,22.0,345.0,15.681818181818182,0.3826086956521739,23.0,695.0,22.0,7.0,144.0,51.0,2.703,2.129,3.585,3.429,2.526,2.434
114,114,114,IID29,IDN,ｲﾝﾄﾞﾈｼｱ語,"私達は毎日きっと食事しているね。色々な食べ物を食べる。昔から今まで食事のことは第一の必要なことだと思う。私達はきっと良い食べ物を食べなければならないでしょう。でも、最近は色々な食べ物があって、その食べ物は良いか悪いか分からないこともよくある。
毎日私達は活動がたくさんあるね。それは私達が自分で料理を作り時間がなくなって、ファストフードをよく食べるようになる。それはいいか悪いか？
一番良い食べ物は自分で作るの食べ物だ。それは私達が自分で食料を選べて、その食料はいいか悪いか分かることができる。その他い、料理を作り方も自分で選べる。それは食料の中のいいことがそのまま食べられることである。そのため、自分で作る料理のいい点はよく分かると、体のためにもっといいと思う。
一方、ファストフードを食べる時、私達はその食べ物の内容が分からないでしょう。それがいいか悪いか分からない。そして、その食べ物の内容は食べられるか食べられないか分からない。ファストフードはインスタントで作られる食べ物である。それから、その食料が長い時間に悪くならずに保管して、インスタントで作られるためにその食料の中に防腐剤を入られる。それはいいけど、現在には入られた防腐剤の多さは普通の使い方から多すぎるのもある。それはその食べ物が悪くなることである。私達がずっとそのような食べ物を食べたら、私達の体の中に良くないものが増えてくると、体が悪くなった。それは色々な病気の元だ。良くないね。
ですから、自分で作った料理を食べるほうがいい。ファストフードを食べることは多すぎないように。それは私達の体のためなんだ。","私達は毎日きっと食事しているね。色々な食べ物を食べる。昔から今まで食事のことは第一の必要なことだと思う。私達はきっと良い食べ物を食べなければならないでしょう。でも、最近は色々な食べ物があって、その食べ物は良いか悪いか分からないこともよくある。
毎日私達は活動がたくさんあるね。それは私達が自分で料理を作り時間がなくなって、ファストフードをよく食べるようになる。それはいいか悪いか？
一番良い食べ物は自分で作るの食べ物だ。それは私達が自分で食料を選べて、その食料はいいか悪いか分かることができる。その他い、料理を作り方も自分で選べる。それは食料の中のいいことがそのまま食べられることである。そのため、自分で作る料理のいい点はよく分かると、体のためにもっといいと思う。
一方、ファストフードを食べる時、私達はその食べ物の内容が分からないでしょう。それがいいか悪いか分からない。そして、その食べ物の内容は食べられるか食べられないか分からない。ファストフードはインスタントで作られる食べ物である。それから、その食料が長い時間に悪くならずに保管して、インスタントで作られるためにその食料の中に防腐剤を入られる。それはいいけど、現在には入られた防腐剤の多さは普通の使い方から多すぎるのもある。それはその食べ物が悪くなることである。私達がずっとそのような食べ物を食べたら、私達の体の中に良くないものが増えてくると、",69.0,intermediate,26.0,369.0,14.192307692307692,0.2655826558265582,17.0,687.0,14.0,15.0,170.0,42.0,2.558,2.15,3.384,3.251,2.487,2.424
115,115,115,IID32,IDN,ｲﾝﾄﾞﾈｼｱ語,"勉強したり、部活動をしたり、バイトをしたりするので、夜遅くまで家へ帰える人が最近少なくないと思う。そんな人たちが食事はどうするの？はい、ファーストフードにするのである。ファーストフードとは早く食事を用意できるものだ。料理を作る時間が無い人にはこれであって、便利だけでなく、さまざまな食べ物を選ぶことができて、おいしい食べ物が食べられる。インドネシア研究者、ハマンハディによって、肥満している学生がファーストフードをするほうが多いと言われた。例えばMcDonald、KFC、Pizzaなどだ。しかし、これでいいのか？
便利というものはもちろん不良点がないわけでわない。ファーストフードもそいうものだ。不良点は一つ、勢力が少減している。ファーストフードでは栄養がたりないので、体が早くて疲れと感じている。二つ、肥満である。ファーストフードで脂肪がたくさんあって、よく食べると、その脂肪が体に積み重ねられている。これはほかの病気をおこす。三つ、心臓が悪くなる。脂肪がたくさんあるので、コレステロールが上達できる。もしこれを続いたら、普及がすらすらと動けなくて、心臓が悪く続ける。
しかし、自分で料理を作るひともいると思う。ファーストフードの不良が知っているから、忙しくても、できるだけ食事はちゃんと、家にして、じぶんでまたはお母さんの手料理を食べる。ちょっと時間がかかるかもしれないが、家の料理は体のためにいいし、お金があまりかかないし、一緒に食べるから、家族といい関係を取れるようになる。それに、自分で料理をするから忙しい間に時間をわけるようになる。それは自分も規律と関係があるでしょう。
では、忙しいところの皆さんが食事のことどこにする？間違えないで選びましょう。","勉強したり、部活動をしたり、バイトをしたりするので、夜遅くまで家へ帰える人が最近少なくないと思う。そんな人たちが食事はどうするの？はい、ファーストフードにするのである。ファーストフードとは早く食事を用意できるものだ。料理を作る時間が無い人にはこれであって、便利だけでなく、さまざまな食べ物を選ぶことができて、おいしい食べ物が食べられる。インドネシア研究者、ハマンハディによって、肥満している学生がファーストフードをするほうが多いと言われた。例えばMcDonald、KFC、Pizzaなどだ。しかし、これでいいのか？
便利というものはもちろん不良点がないわけでわない。ファーストフードもそいうものだ。不良点は一つ、勢力が少減している。ファーストフードでは栄養がたりないので、体が早くて疲れと感じている。二つ、肥満である。ファーストフードで脂肪がたくさんあって、よく食べると、その脂肪が体に積み重ねられている。これはほかの病気をおこす。三つ、心臓が悪くなる。脂肪がたくさんあるので、コレステロールが上達できる。もしこれを続いたら、普及がすらすらと動けなくて、心臓が悪く続ける。
しかし、自分で料理を作るひともいると思う。ファーストフードの不良が知っているから、忙しくても、できるだけ食事はちゃんと、家にして、じぶんでまたはお母さんの手料理を食べる。ちょっと時間がかかるかもしれないが、家の料理は体のために",63.0,intermediate,25.0,353.0,14.12,0.4305949008498583,30.0,731.0,20.0,21.0,165.0,53.0,2.955,2.458,4.229,4.117,2.828,2.749
116,116,116,IID33,IDN,ｲﾝﾄﾞﾈｼｱ語,"毎日、私たちの限りは人間と動物と木はきっと食べるよ。なぜ彼らは食べるべきか。私たちはまもなく「生きるにきまっているから。」と答えた。しかし、彼らの食べ物は同じだろうか。違うだろうか。人間は肉を食べるで、動物も肉を食べるがある。でも、全部同じではない。
さあ、人間は何を食べるか。何でも食べられるで、omnivoraと言われていた。野菜とか、果物とか、肉も食べられる。すごいだろうね、人間は。
私たちは深いが考えて、どんな食べ物は体を健康のためにのは、まだ、分からなくて。人間にとって、食べ物は2種がある。フットファーストと家庭料理だ。それは、知るか。2種が好きと思う。今、フットファーストは一番人気食べ物になっただろう。いつでも、だれでも食べられるよ。忙しいの時も、私たちはたべられるって、子供から年上までもたべられる。また、どこでもフットファーストも見つかりやすい。しかし、この食べ物はあまりよくない健康のために、食料は新鮮な野菜かどうか分からないと思う。
フットファーストに比べて、家庭料理はいいより食べ物と思う。食料はきっとしるって、新鮮な野菜や新鮮なにくなどしる。けれども、私たちはどこでも、いつでも、だれでも家庭料理は見つかれない。忙しいの時、家庭料理はたべられない。家庭料理を作るのため、時間がないから。レストランであんまりたくさんありません。
では、どちらの食べ物はすきか。もう一度考えてください。一番のことは健康のため太郎。","毎日、私たちの限りは人間と動物と木はきっと食べるよ。なぜ彼らは食べるべきか。私たちはまもなく「生きるにきまっているから。」と答えた。しかし、彼らの食べ物は同じだろうか。違うだろうか。人間は肉を食べるで、動物も肉を食べるがある。でも、全部同じではない。
さあ、人間は何を食べるか。何でも食べられるで、omnivoraと言われていた。野菜とか、果物とか、肉も食べられる。すごいだろうね、人間は。
私たちは深いが考えて、どんな食べ物は体を健康のためにのは、まだ、分からなくて。人間にとって、食べ物は2種がある。フットファーストと家庭料理だ。それは、知るか。2種が好きと思う。今、フットファーストは一番人気食べ物になっただろう。いつでも、だれでも食べられるよ。忙しいの時も、私たちはたべられるって、子供から年上までもたべられる。また、どこでもフットファーストも見つかりやすい。しかし、この食べ物はあまりよくない健康のために、食料は新鮮な野菜かどうか分からないと思う。
フットファーストに比べて、家庭料理はいいより食べ物と思う。食料はきっとしるって、新鮮な野菜や新鮮なにくなどしる。けれども、私たちはどこでも、いつでも、だれでも家庭料理は見つかれない。忙しいの時、家庭料理はたべられない。家庭料理を作るのため、時間がないから。レストランであんまりたくさんありません。
では、どちらの食べ物はすきか。もう一度考え",49.0,beginner,31.0,297.0,9.580645161290322,0.3939393939393939,23.0,620.0,28.0,7.0,134.0,39.0,3.044,2.688,4.126,4.037,3.009,2.882
117,117,117,IID34,IDN,ｲﾝﾄﾞﾈｼｱ語,"ファストフードは現代時代に一番目の気に入り食べ物だ。いろいろ種類があり、皆さんが食べたいファストフードを選ぶのが普通だ。実はこの食べ物はアメリカ人とヨーロッパから紹介されている。ハンバーガーやピザなど全部ファストフードの種類だ。忙しい人によると、ファストフードが便利で、安い。そのことはファストフードを食べている人たちが増えているに決まっている。この利湯によって、ファストフードが流行になった。人たちは好きな種類が違う。ハンバーガーとピザは世界で流行になった。味がおいしくて、最高ふぁすふーどだ。一方で、ファストフードの消極的もある。毎日ファストフードを食べているのが悪いことだ。健康のためにこの食べ物は余りよくない。いつも消費すると、体がどんどん悪くなるおそれがある。時々人たちは忙しくて毎日、手料理とはいかないから、皆さんはファストフードを選ぶ。安いだけではなく、作る時間も非常に早い。
家庭料理はファストフードに比べると、味がもっとおいしい。それに、健康のためにはきっといいと思う。家庭料理の悪質が少ないがちだ。だから、忙しい時にはできるだけ、家庭料理を食べたほうがいい、または自分で作るのがいい点だ。できないなら、ファストフードを買うのはいいんである。私にとって、食べ物が生活に大事のことだ。健康で行き方に影響があるのは大切なことで、食事を選ぶものが注意しなければならない。","ファストフードは現代時代に一番目の気に入り食べ物だ。いろいろ種類があり、皆さんが食べたいファストフードを選ぶのが普通だ。実はこの食べ物はアメリカ人とヨーロッパから紹介されている。ハンバーガーやピザなど全部ファストフードの種類だ。忙しい人によると、ファストフードが便利で、安い。そのことはファストフードを食べている人たちが増えているに決まっている。この利湯によって、ファストフードが流行になった。人たちは好きな種類が違う。ハンバーガーとピザは世界で流行になった。味がおいしくて、最高ふぁすふーどだ。一方で、ファストフードの消極的もある。毎日ファストフードを食べているのが悪いことだ。健康のためにこの食べ物は余りよくない。いつも消費すると、体がどんどん悪くなるおそれがある。時々人たちは忙しくて毎日、手料理とはいかないから、皆さんはファストフードを選ぶ。安いだけではなく、作る時間も非常に早い。
家庭料理はファストフードに比べると、味がもっとおいしい。それに、健康のためにはきっといいと思う。家庭料理の悪質が少ないがちだ。だから、忙しい時にはできるだけ、家庭料理を食べたほうがいい、または自分で作るのがいい点だ。できないなら、ファストフードを買うのはいいんである。私にとって、食べ物が生活に大事のことだ。健康で行き方に影響があるのは大切なことで、食事を選ぶものが注意しなければならない。",54.0,beginner,23.0,287.0,12.478260869565217,0.4181184668989547,20.0,591.0,26.0,12.0,132.0,44.0,2.939,2.428,3.811,3.64,2.84,2.678
118,118,118,IID44,IDN,ｲﾝﾄﾞﾈｼｱ語,"最近はファストフードをよく食べましたね。ファストフードはその食べ物を簡単に買いやすいです。ほとんどの世界の人間はファストフードを食べたことがあります。私もよくファストフードを食べました。私の国ではいろいろファストフードがあります。例えばMIEです。日本語でというのは「そば」という意味です。英語でというのはヌードルという意味です。
インドネシアにはヌードルが非常に人気です。ヌードルはいろいろな味があります。ヌードルは本当に味がおいしいです。しかし、そのヌードルは、食べれば食べるほど体の健康のため、悪いになると思います。
最近、おなかがぺこぺこしたら、私は下宿で自分にいつも料理を作ります。若いうちに、いろいろなことを経験しておいたほうがいいです。その一つは私は下宿で自分にいつも料理を作ります。体の健康のため、ファストフードをあまり食べません。
ファストフードと比べると、自分に料理を作るのは体の健康のためがいいです。そして、ファストフードは便利ですが、年齢が少しいになると思います。","最近はファストフードをよく食べましたね。ファストフードはその食べ物を簡単に買いやすいです。ほとんどの世界の人間はファストフードを食べたことがあります。私もよくファストフードを食べました。私の国ではいろいろファストフードがあります。例えばMIEです。日本語でというのは「そば」という意味です。英語でというのはヌードルという意味です。
インドネシアにはヌードルが非常に人気です。ヌードルはいろいろな味があります。ヌードルは本当に味がおいしいです。しかし、そのヌードルは、食べれば食べるほど体の健康のため、悪いになると思います。
最近、おなかがぺこぺこしたら、私は下宿で自分にいつも料理を作ります。若いうちに、いろいろなことを経験しておいたほうがいいです。その一つは私は下宿で自分にいつも料理を作ります。体の健康のため、ファストフードをあまり食べません。
ファストフードと比べると、自分に料理を作るのは体の健康のためがいいです。そして、ファストフードは便利ですが、年齢が少しいになると思います。",49.0,beginner,18.0,207.0,11.5,0.3719806763285024,10.0,444.0,11.0,14.0,79.0,30.0,2.514,2.053,3.342,3.278,2.394,2.294
119,119,119,IID47,IDN,ｲﾝﾄﾞﾈｼｱ語,"「食事何をしますか。ファストフードですか。家で作った食べ物ですか。それはなぜですか。」この質問考えたことがありますか。考えたことがないなら今更考えるほうがいいと思います。何故ならば栄養は食事からとります。それで栄養は健康のため大事なんです。
最近の生活は「とても早い」と感じています。何故ならばファストフードを食べる人が増えているらしいです。おいしくて早くて、いつでもすぐに食べることができて忙しい時すごく便利です。でも、栄養や食事バランスや食生活の質についてたくさん問題があります。油の量が多く、野菜が少ないため、高カロリーなのにビタミンやミネラルが少ないです。したがって食べすぎると肥満や糖尿病や高血圧になりやすいです。
私は「でも、自分で料理を作るのは大変じゃないですか。材料を買ってツール準備して、時間もかかります。そして、味が口に合うかどうか分かりません。」と言った人、聞いたことがあります。それはそうなんですけどその大変なことの中にいい点があると思ういます。たとえば自分で材料を買うとき、材料の質とか今の健康のため一番大事、栄養ミネラル、ビタミンとか選ぶことができます。時間がかかるかもしれませんが最近早くて簡単なレシピがたくさんあるでしょう。それで簡単ので料理が苦手でも味が大丈夫と思います。
さて、食事が自分でするから健康がいいし食事バランスができる可能性が高くなります。","「食事何をしますか。ファストフードですか。家で作った食べ物ですか。それはなぜですか。」この質問考えたことがありますか。考えたことがないなら今更考えるほうがいいと思います。何故ならば栄養は食事からとります。それで栄養は健康のため大事なんです。
最近の生活は「とても早い」と感じています。何故ならばファストフードを食べる人が増えているらしいです。おいしくて早くて、いつでもすぐに食べることができて忙しい時すごく便利です。でも、栄養や食事バランスや食生活の質についてたくさん問題があります。油の量が多く、野菜が少ないため、高カロリーなのにビタミンやミネラルが少ないです。したがって食べすぎると肥満や糖尿病や高血圧になりやすいです。
私は「でも、自分で料理を作るのは大変じゃないですか。材料を買ってツール準備して、時間もかかります。そして、味が口に合うかどうか分かりません。」と言った人、聞いたことがあります。それはそうなんですけどその大変なことの中にいい点があると思ういます。たとえば自分で材料を買うとき、材料の質とか今の健康のため一番大事、栄養ミネラル、ビタミンとか選ぶことができます。時間がかかるかもしれませんが最近早くて簡単なレシピがたくさんあるでしょう。それで簡単ので料理が苦手でも味が大丈夫と思います。
さて、食事が自分でするから健康がいいし食事バランスができる可能性が高くなります。",69.0,intermediate,23.0,304.0,13.217391304347826,0.4276315789473684,21.0,594.0,22.0,19.0,141.0,50.0,2.608,2.176,3.751,3.63,2.553,2.444
120,120,120,IID48,IDN,ｲﾝﾄﾞﾈｼｱ語,"２１年間ぐらい私はインドネシアに住んでいる。インドネシアでは家庭料理をよく食べる。私はインドネシアの家庭料理は大好きだから家でよく作る。インドネシアの料理は香りが良くて、味が美味しいである。インドネシア料理は香辛料である。色々な材料やスパイスが入って、作り方も色々である。インドネシアの家庭料理もそう思っている。インドネシアに住んでいることがラッキに感じている。家庭料理は材料を自分で選ぶことができるし、栄養も決まることもできる。そして、自分で料理するので、創造的も出てきた。さらに、家庭料理健康のためにとても良い。
だが、家庭料理はあまり便利ではないと思う。作るのが長い時間がかかるし、エネルギーを使うし、長い時間に保存してはできない。それに、一人暮らしの人が家庭料理を作る時に無駄な時間や材料になる。忙しい人にとっても、あまり便利ではないと思う。そんな理由が分かって、最近はファストフードを選ぶひとがどんどん増えてくる。子供だけでなく、お年寄りもファストフードのレストランで食べることが良く見える。特に、私の友達もファストフードを食べることが見慣れる。なぜなら、私の友達の下宿はキッチンがないから料理をすることができない。それで、ファストフードやインスタントの食べ物を選ばざるを得ない。
さって、私にはファストフードはそんなに悪くない思われる。ファストフードは便利で、美味しくて、あまり高くないである。どこでもいつでも食べるのができて、忙しい人が早く食べるのができる。それに、ファストフードは無駄な時間がないし、長い時間に保存するのができるので、被害の時も簡単に食べられる。一人暮らしのために、優しいである。しかし、一般にファストフードは防腐剤や脂肪が入り過ぎる。化学成分や脂肪含量からというと、ファストフードは危なくなる恐れがある。記事によると、ファストフードはトリガーガンになるという。そのために、ファストフードを食べ過ぎるのは駄目だと思う。
私にとって、ファストフードを食べ過ぎる習慣があまり良くないと思う。健康のために、家庭料理のほうが良い。ないキッチンの下宿に住んでいる人や忙しい人や一人暮らし人も家庭レストランを選んだほうがいいと思われる。","２１年間ぐらい私はインドネシアに住んでいる。インドネシアでは家庭料理をよく食べる。私はインドネシアの家庭料理は大好きだから家でよく作る。インドネシアの料理は香りが良くて、味が美味しいである。インドネシア料理は香辛料である。色々な材料やスパイスが入って、作り方も色々である。インドネシアの家庭料理もそう思っている。インドネシアに住んでいることがラッキに感じている。家庭料理は材料を自分で選ぶことができるし、栄養も決まることもできる。そして、自分で料理するので、創造的も出てきた。さらに、家庭料理健康のためにとても良い。
だが、家庭料理はあまり便利ではないと思う。作るのが長い時間がかかるし、エネルギーを使うし、長い時間に保存してはできない。それに、一人暮らしの人が家庭料理を作る時に無駄な時間や材料になる。忙しい人にとっても、あまり便利ではないと思う。そんな理由が分かって、最近はファストフードを選ぶひとがどんどん増えてくる。子供だけでなく、お年寄りもファストフードのレストランで食べることが良く見える。特に、私の友達もファストフードを食べることが見慣れる。なぜなら、私の友達の下宿はキッチンがないから料理をすることができない。それで、ファストフードやインスタントの食べ物を選ばざるを得ない。
さって、私にはファストフードはそんなに悪くない思われる。ファストフードは便利で、美味しくて、あまり高くないで",54.0,beginner,32.0,438.0,13.6875,0.3150684931506849,28.0,928.0,31.0,24.0,189.0,62.0,2.401,2.048,3.351,3.259,2.463,2.414
121,121,121,IID50,IDN,ｲﾝﾄﾞﾈｼｱ語,"我々の生活で、たべものがとてもひつようです。たべものなしで、人々が生きません。世界の中で、いろいろなたべものがあります。ちほうのとくちょうなたべものとかでんとうのたべものとか洋たべものとかすきなたべも・きらいたべものなどです。ファーストフードがすき人があるだけど、家でつくったりょうりがすき人もあります。すきなたべものは人によってちがいます。
さいきん、ファーストフードがすき人は家でつくったりょうりがすき人より多いです。ファーストフードがすき人と家でつくったりょうりがすき人をくらべると、まず、ファーストフードはとてもべんりです。そして、つくりやすくて、たべやすくて、どこにもこのたべものは買えます。ファーストフードの店がたくさんあります。けれども、ファーストフードはけんこうに、とてもわるくて、たくさんぼうふざいをがんゆうするからです。ファーストフードをたべすぎるので、びょうきになった人が多いです。したがって、ファーストフードをたべてもいいんですが、さえたべすぎなくてください。
家でつくったりょうりとちがって、家でつくったりょうりはつくりにくいです。じぶんでざいりょうを備えして、作り方をしりなければなりません。しかし、そのたべものは家でひまにたべて、なんでもざいりょうをいれることが知るので、けんこうにいいです。","我々の生活で、たべものがとてもひつようです。たべものなしで、人々が生きません。世界の中で、いろいろなたべものがあります。ちほうのとくちょうなたべものとかでんとうのたべものとか洋たべものとかすきなたべも・きらいたべものなどです。ファーストフードがすき人があるだけど、家でつくったりょうりがすき人もあります。すきなたべものは人によってちがいます。
さいきん、ファーストフードがすき人は家でつくったりょうりがすき人より多いです。ファーストフードがすき人と家でつくったりょうりがすき人をくらべると、まず、ファーストフードはとてもべんりです。そして、つくりやすくて、たべやすくて、どこにもこのたべものは買えます。ファーストフードの店がたくさんあります。けれども、ファーストフードはけんこうに、とてもわるくて、たくさんぼうふざいをがんゆうするからです。ファーストフードをたべすぎるので、びょうきになった人が多いです。したがって、ファーストフードをたべてもいいんですが、さえたべすぎなくてください。
家でつくったりょうりとちがって、家でつくったりょうりはつくりにくいです。じぶんでざいりょうを備えして、作り方をしりなければなりません。しかし、そのたべものは家でひまにたべて、なんでもざいりょうをいれることが知るので、けんこうにいいです。",54.0,beginner,16.0,234.0,14.625,0.4017094017094017,21.0,561.0,3.0,6.0,92.0,9.0,2.358,1.966,3.276,3.092,2.487,2.352
122,122,122,IID54,IDN,ｲﾝﾄﾞﾈｼｱ語,"皆さんファストフードをよく食べますか？私はよく食べますよ。皆はどしてファストフードを食べますか？私は時々料理を作る時間がありませんでしたファストフードを食べます。ファストフードおいしくて、便利と思ういましたが悪い点はファストフードの栄養は体のためによくない。自分の料理を作る比べて、ファストフードの良い点は時間を作る時は早くかかります。
でも、私のためにファストフードより自分の料理は食べたほうがいいよ。
じゃ、皆はどちらがほうがいいと思いますか？","皆さんファストフードをよく食べますか？私はよく食べますよ。皆はどしてファストフードを食べますか？私は時々料理を作る時間がありませんでしたファストフードを食べます。ファストフードおいしくて、便利と思ういましたが悪い点はファストフードの栄養は体のためによくない。自分の料理を作る比べて、ファストフードの良い点は時間を作る時は早くかかります。
でも、私のためにファストフードより自分の料理は食べたほうがいいよ。
じゃ、皆はどちらがほうがいいと思いますか？",45.0,beginner,8.0,111.0,13.875,0.4324324324324324,7.0,224.0,3.0,4.0,52.0,12.0,2.955,2.504,3.797,3.783,2.826,2.699
123,123,123,IID55,IDN,ｲﾝﾄﾞﾈｼｱ語,"生活は時間がたてばたつほど便利になりたいものです。食べることの習慣を属します。食生活はバラエティーに富むようになります。しかし、我々は仕事が忙しくて、料理することとの時間がありません。そのために、最近、ファースト・フードは家庭料理より選ばれることが多いです。例えば、ラーメン・カップ、ハンバーガ、クリスピー・チキン、などです。
ファースト・フードは料理がインスタントの方法で作られて、直ちに食べられることができます。まず、ファースト・フードはお八つの形で店に買われました。２０時代にいろいろなファースト・フードを増えてきます。お八つから家庭料理までの形でファースト・フードを作られます。店にだけでなく、レストランにもファースト・フードがあります。
ファースト・フードと比べると、家庭料理が不便です。忙しい人や料理できない人にとって、このことが有利なことです。しかし、ファースト・フードのよくない点は知っていますか。ファースト・フードは脂肪がたくさん包含します。あまりたくさん食べると、体に胃癌があるようになります。
家庭料理は不便といっても、悪いです。ファースト・フードより健康に良くて、安いです。現在、インターネットで料理し方をもらいやすいです。そのほか、材料も探されやすいです。じゃ、みんな、家庭料理を作ってみましょう！","生活は時間がたてばたつほど便利になりたいものです。食べることの習慣を属します。食生活はバラエティーに富むようになります。しかし、我々は仕事が忙しくて、料理することとの時間がありません。そのために、最近、ファースト・フードは家庭料理より選ばれることが多いです。例えば、ラーメン・カップ、ハンバーガ、クリスピー・チキン、などです。
ファースト・フードは料理がインスタントの方法で作られて、直ちに食べられることができます。まず、ファースト・フードはお八つの形で店に買われました。２０時代にいろいろなファースト・フードを増えてきます。お八つから家庭料理までの形でファースト・フードを作られます。店にだけでなく、レストランにもファースト・フードがあります。
ファースト・フードと比べると、家庭料理が不便です。忙しい人や料理できない人にとって、このことが有利なことです。しかし、ファースト・フードのよくない点は知っていますか。ファースト・フードは脂肪がたくさん包含します。あまりたくさん食べると、体に胃癌があるようになります。
家庭料理は不便といっても、悪いです。ファースト・フードより健康に良くて、安いです。現在、インターネットで料理し方をもらいやすいです。そのほか、材料も探されやすいです。じゃ、みんな、家庭料理を作ってみましょう！",53.0,beginner,21.0,250.0,11.904761904761903,0.444,22.0,562.0,20.0,8.0,96.0,33.0,2.677,2.22,3.603,3.49,2.622,2.496
124,124,124,JJC37,XJP,*国内学習者,"最近できた日本語の中に「チンする」と言う言葉がある。それくらい多くの人が電子レンジを使って、簡単に何かを食べているということだ。「チンする」のように、ファーストフードは食品を手ごろな値段で、簡単に早く食べられるというメリットがある。しかし、最近ファーストフードの異物混入事件が増加していくことにつれ、人々の不信の声も高まっている。果たして私達は、いつ、どこで、誰が作ったのかわからない食べ物を信用して食べることができるのか。あと、ファーストフードだけでは摂取できない栄養成分が多く、人工調味料は人を太りやすくして健康にも悪い。逆に、家で作る料理はその食材を自分の目で見て選んで、栄養バランスを考えながら作ることができる。時間と心を込めた料理はその食材の本来の味を引き上げて、人工調味料がなくても美味しくて健康的な料理を作ることができる。無論、家庭食にもデメリットはある。まず、料理を作るとき必要不可欠に時間と労働力がかかる。「時間は金なり」と考える現代人には、料理を作る時間はもはや贅沢だと言えるものになったかもしれない。あと、一人暮らしの人が増えていくことにつれ食材を買っても食べ切れなくて、その食材がゴミになってしまうことも問題の一つである。そうなれば、コンビニでお弁当を買って食べるのが食材を買って作って食べる方よりお金と時間の節約になるかもしれない。
人間のライフに、必ず必要な食生活は時代の変化と共に変化し続けている。しかし、人間の体にその変化を無理やり押し込む必要はないと思う。時代が変わって食品が変わっても人間の体には良いものと悪いものがあるからだ。せめて、自分が食べるものが自分の体にどのような影響をかけているのかを考えてみる必要があると思う。結局、自分の健康を守るのは自分自身であるからだ。","最近できた日本語の中に「チンする」と言う言葉がある。それくらい多くの人が電子レンジを使って、簡単に何かを食べているということだ。「チンする」のように、ファーストフードは食品を手ごろな値段で、簡単に早く食べられるというメリットがある。しかし、最近ファーストフードの異物混入事件が増加していくことにつれ、人々の不信の声も高まっている。果たして私達は、いつ、どこで、誰が作ったのかわからない食べ物を信用して食べることができるのか。あと、ファーストフードだけでは摂取できない栄養成分が多く、人工調味料は人を太りやすくして健康にも悪い。逆に、家で作る料理はその食材を自分の目で見て選んで、栄養バランスを考えながら作ることができる。時間と心を込めた料理はその食材の本来の味を引き上げて、人工調味料がなくても美味しくて健康的な料理を作ることができる。無論、家庭食にもデメリットはある。まず、料理を作るとき必要不可欠に時間と労働力がかかる。「時間は金なり」と考える現代人には、料理を作る時間はもはや贅沢だと言えるものになったかもしれない。あと、一人暮らしの人が増えていくことにつれ食材を買っても食べ切れなくて、その食材がゴミになってしまうことも問題の一つである。そうなれば、コンビニでお弁当を買って食べるのが食材を買って作って食べる方よりお金と時間の節約になるかもしれない。
人間のライフに、必ず必要な食生活は時代の",81.0,advanced,18.0,413.0,22.944444444444443,0.3849878934624697,33.0,754.0,40.0,36.0,164.0,85.0,2.527,1.998,3.13,3.08,2.503,2.383
125,125,125,JJC50,XJP,*国内学習者,"今の食生活はファーストフードと家庭料理、この二つに分けられる。
ファーストフードは工場で大量生産で作られているので、早くて美味しい、まして安いものが手軽に食べられる食事である。しかし、大量生産して保存するために、たくさんのくすりを使ったり、値段を下がるために安い材料や安い賃金の労働者だけを雇用している。という良い点や悪い点がある。
家庭料理は、材料から買って来て、直接に作って食べるので栄養もあるし元気な食事ができる。けれども、作るのに時間もかかるし、外食よりもお金がかかる場合もある。
家庭料理は伝統的で健康にも良い食生活だが、ファーストフードの方が日常的になった。それはなぜだろうか。
理由はやはり私たちの生活が変わって来たと共に食生活の変わっているのだ。現代人にとって時間は前よりも大事でろくに食事をする時間もなくなったのだ。それでファーストフードは現代にとって、時間がかかる家庭料理より適する食生活である。
ファーストフードはもう私たちの生活で一つの文化になっているが、私はその文化がそのままで続くのはだめだと思う。
ファーストフードをただ、安くて美味しいからもう良いと考えてしまうと、ファーストフード業では、もっと安いものをたくさん作るために健康に良くない化学的な材料を使用したり、安い賃金のために工場で働いている労働者の労働環境が悪くなるかも知らない。そのため私たちは、ここにはどんな材料が入ってあってどんな工場で作られたのかなど認識すべきだ。
このふうに私たちがもう少し関心を持つと、もっと良い食生活になれるのではないだろうかと私は思う。","今の食生活はファーストフードと家庭料理、この二つに分けられる。
ファーストフードは工場で大量生産で作られているので、早くて美味しい、まして安いものが手軽に食べられる食事である。しかし、大量生産して保存するために、たくさんのくすりを使ったり、値段を下がるために安い材料や安い賃金の労働者だけを雇用している。という良い点や悪い点がある。
家庭料理は、材料から買って来て、直接に作って食べるので栄養もあるし元気な食事ができる。けれども、作るのに時間もかかるし、外食よりもお金がかかる場合もある。
家庭料理は伝統的で健康にも良い食生活だが、ファーストフードの方が日常的になった。それはなぜだろうか。
理由はやはり私たちの生活が変わって来たと共に食生活の変わっているのだ。現代人にとって時間は前よりも大事でろくに食事をする時間もなくなったのだ。それでファーストフードは現代にとって、時間がかかる家庭料理より適する食生活である。
ファーストフードはもう私たちの生活で一つの文化になっているが、私はその文化がそのままで続くのはだめだと思う。
ファーストフードをただ、安くて美味しいからもう良いと考えてしまうと、ファーストフード業では、もっと安いものをたくさん作るために健康に良くない化学的な材料を使用したり、安い賃金のために工場で働いている労働者の労働環境が悪くなるかも知らない。そのため私たちは、ここにはどんな材",82.0,advanced,15.0,357.0,23.8,0.361344537815126,27.0,677.0,32.0,27.0,158.0,63.0,2.586,2.12,3.372,3.307,2.547,2.47
126,126,126,JJE15,XJP,*国内学習者,"外食と自炊はあなたにとってどちらの方が好きでしょうか？
私は内食のほうは良いと思います。
なぜかというと、健康的だからです。新鮮な食材で、栄養バランスを考えながら、体に優しい食べ物を手に入れます。しかも、節約できます。外食は簡単の一食でも５００円ぐらいかかります。しかも、栄養も偏ります。ずっと外食する人は病気になりやすいし、高血圧になりやすいと言われています。自炊は時間がかかりますという意見もありますが、確かに作る時間、片付ける時間もかかります。しかし、自炊はちょっと工夫するだけで時間の節約ができます。毎日毎食を作らなくても良い、一回まとめて作って、冷蔵庫、冷凍庫に保管したら問題もないです。何よりも健康第一です。もし、病気をかかると何も出来なくなります。きちんと食事をし、食事のバランスも考えないといけません。
社会は発展すればするほど、生活スピードが追い着けるために、できるだけ時間をかからないものを選択します、ですから、外食する人々がどんどん増えていく傾向があります。それはあまりよくないと私は思っています。自分の健康は自分を管理すること、体に崩れないようにしっかり自炊をしたほうがいいと考えています。","外食と自炊はあなたにとってどちらの方が好きでしょうか？
私は内食のほうは良いと思います。
なぜかというと、健康的だからです。新鮮な食材で、栄養バランスを考えながら、体に優しい食べ物を手に入れます。しかも、節約できます。外食は簡単の一食でも５００円ぐらいかかります。しかも、栄養も偏ります。ずっと外食する人は病気になりやすいし、高血圧になりやすいと言われています。自炊は時間がかかりますという意見もありますが、確かに作る時間、片付ける時間もかかります。しかし、自炊はちょっと工夫するだけで時間の節約ができます。毎日毎食を作らなくても良い、一回まとめて作って、冷蔵庫、冷凍庫に保管したら問題もないです。何よりも健康第一です。もし、病気をかかると何も出来なくなります。きちんと食事をし、食事のバランスも考えないといけません。
社会は発展すればするほど、生活スピードが追い着けるために、できるだけ時間をかからないものを選択します、ですから、外食する人々がどんどん増えていく傾向があります。それはあまりよくないと私は思っています。自分の健康は自分を管理すること、体に崩れないようにしっかり自炊をしたほうがいいと考えています。",70.0,intermediate,17.0,265.0,15.588235294117649,0.4641509433962264,23.0,507.0,24.0,24.0,119.0,51.0,2.615,2.107,3.437,3.394,2.432,2.372
127,127,127,JJE27,XJP,*国内学習者,"民は食を以て天と為す。人々にとって食事はいかに大事なことか昔から言われている。
いまは食文化が少しずつ変化して来て自分にあった食事スタイルの選択も増えてきている。レストランで食べたり、おうちで食べたりして食事を楽しんでいる。ですがそれぞれに利点と欠点があると思う。子供の頃はファーストフードが出来てよく食べた思い出がある。それが速さ、安さと時間も遅くまであいていることもあってひとりでも気軽に食べられる。しかし栄養面は偏っていまして、それをよく摂取すると肥満になりやすいと言われているが量さえ気をつければ手軽に楽しめる。
日本では「お袋の味」と言う言葉がある。昔に家庭料理は母親が作った食事が殆どで、家族のひとりの体、健康、味の好みを考えて食事を作ってくれる。特に日本は旬のものを使った、季節を感じさせられる食事が多い。しかし現代ではひとりで生活する人が増えなかなか自分で材料を買って家で調理して食べるのが大変だ。食事を作るのに時間と体力がいるからだ。仕事で体が疲れていてしかも遅い時間のときはなおさらだ。そのときはファーストフードが助かる
今の現代人にとって両方が欠かせない食スタイルだ。自分にあった生活スタイルで食事を健康的に楽しく取ろう。","民は食を以て天と為す。人々にとって食事はいかに大事なことか昔から言われている。
いまは食文化が少しずつ変化して来て自分にあった食事スタイルの選択も増えてきている。レストランで食べたり、おうちで食べたりして食事を楽しんでいる。ですがそれぞれに利点と欠点があると思う。子供の頃はファーストフードが出来てよく食べた思い出がある。それが速さ、安さと時間も遅くまであいていることもあってひとりでも気軽に食べられる。しかし栄養面は偏っていまして、それをよく摂取すると肥満になりやすいと言われているが量さえ気をつければ手軽に楽しめる。
日本では「お袋の味」と言う言葉がある。昔に家庭料理は母親が作った食事が殆どで、家族のひとりの体、健康、味の好みを考えて食事を作ってくれる。特に日本は旬のものを使った、季節を感じさせられる食事が多い。しかし現代ではひとりで生活する人が増えなかなか自分で材料を買って家で調理して食べるのが大変だ。食事を作るのに時間と体力がいるからだ。仕事で体が疲れていてしかも遅い時間のときはなおさらだ。そのときはファーストフードが助かる
今の現代人にとって両方が欠かせない食スタイルだ。自分にあった生活スタイルで食事を健康的に楽しく取ろう。",51.0,beginner,16.0,297.0,18.5625,0.4612794612794613,31.0,522.0,26.0,23.0,141.0,54.0,2.759,2.296,3.25,3.189,2.732,2.609
128,128,128,JJE38,XJP,*国内学習者,"食生活は、人類の成長や人々が健康な生活な関係がり、豊かな食生活になることが大切です。現在の人類の食生活は家庭料理とファーストフードの二種類があります。
ファーストフードは短時間で手軽な食品や食事を作ることです。たとえば、壱番屋や吉野家やなど、この店ですぐに食事を食べます。メリットは、お腹がすいた時、すぐに食べることができることを望みます。食事した後で、洗い物することがありません。この料理を作る時、色の香りが食欲を強いと思います。いろいろな種類があります。デメリットは、多くのファーストフードメニューは塩分が高い。これは高血圧や肥満になっています。栄養価が低い。脂肪と保存料が使用しますが、野菜やフルーツは不足になります。
家庭料理は家庭で日常的に作られ、食べられている料理のことです。この料理のメリットは、自分が好きな料理を作れます。外食するよりも、自宅で作るほうが安いので、節約になります。栄養価がたかい。毎日の食事のとき、野菜や肉類やなど適当に採用していますが、体が元気になっています。デマリッとは、料理を作る前に、どんな料理を作りますか？どんな食材を買いますか？それが考えていることがあるので、頭が痛くなります。食事する時、やけどのことがあるかもしれない。後に掃除することがあります。
それ以上、食生活について、ファーストフードや家庭料理を話すことです。私は忙しいとき、ファーストフードで食事してもいいです。時間があれば、自分が家で料理を作っているほうがいいと思います。","食生活は、人類の成長や人々が健康な生活な関係がり、豊かな食生活になることが大切です。現在の人類の食生活は家庭料理とファーストフードの二種類があります。
ファーストフードは短時間で手軽な食品や食事を作ることです。たとえば、壱番屋や吉野家やなど、この店ですぐに食事を食べます。メリットは、お腹がすいた時、すぐに食べることができることを望みます。食事した後で、洗い物することがありません。この料理を作る時、色の香りが食欲を強いと思います。いろいろな種類があります。デメリットは、多くのファーストフードメニューは塩分が高い。これは高血圧や肥満になっています。栄養価が低い。脂肪と保存料が使用しますが、野菜やフルーツは不足になります。
家庭料理は家庭で日常的に作られ、食べられている料理のことです。この料理のメリットは、自分が好きな料理を作れます。外食するよりも、自宅で作るほうが安いので、節約になります。栄養価がたかい。毎日の食事のとき、野菜や肉類やなど適当に採用していますが、体が元気になっています。デマリッとは、料理を作る前に、どんな料理を作りますか？どんな食材を買いますか？それが考えていることがあるので、頭が痛くなります。食事する時、やけどのことがあるかもしれない。後に掃除することがあります。
それ以上、食生活について、ファーストフードや家庭料理を話すことです。私は忙しいとき、ファーストフードで食",51.0,beginner,25.0,333.0,13.32,0.3843843843843844,18.0,640.0,28.0,25.0,144.0,70.0,2.627,2.154,3.707,3.627,2.536,2.42
129,129,129,JJE60,XJP,*国内学習者,"現在の社会で人々の生活習慣は様々だ。色々な人はよく家で料理を作る。一方、たくさん人はファーストフードが好きだろう。どちらがいいか問題がある。両方の良い点と悪い点もあると思う。
1人暮らしの場合は、時々ファーストフードを選んでほうがいいと思う。なぜなら仕事とか勉強するとか一日終わったので体は疲れの感じがあるからだ。ファーストフードならとても便利と思う。まず、時間がかからない、いつでも、どこでも食べることができる。次ぎに自分が食べたい物が自由に選びやすいだろう。でも、ファーストフードはちょっと高いと思う。そして栄養のバランスすることができない。例えばファーストフードの脂肪が蓄積量が多いかもしれない。果物や野菜が少ない場合があるだろう。一番大切なことが食品の衛生のことだと思う。人々の健康が重要からだ。
一方、2人や3人以上の場合は家庭料理を作るほうがいいと思う。まずは衛生が心配しない、それに値段が安い。一番良いことは栄養のバランスが取れると思う。例えば、自分の好きな肉とか野菜とか、合理的なように作れば、脂肪が蓄積量を注意すると体にいいだろう。でも、家庭料理は時間がかかる、食事後で食器を洗うことがちょっと面倒くさいと思う。一日の仕事を終わると体がが大変だろう。
以上の理由で、自分の意見だから、違う場合は違う方法を教えてほうがいいと思う。とりあえず、体の健康のために自分の好きな方法を作ろう。","現在の社会で人々の生活習慣は様々だ。色々な人はよく家で料理を作る。一方、たくさん人はファーストフードが好きだろう。どちらがいいか問題がある。両方の良い点と悪い点もあると思う。
1人暮らしの場合は、時々ファーストフードを選んでほうがいいと思う。なぜなら仕事とか勉強するとか一日終わったので体は疲れの感じがあるからだ。ファーストフードならとても便利と思う。まず、時間がかからない、いつでも、どこでも食べることができる。次ぎに自分が食べたい物が自由に選びやすいだろう。でも、ファーストフードはちょっと高いと思う。そして栄養のバランスすることができない。例えばファーストフードの脂肪が蓄積量が多いかもしれない。果物や野菜が少ない場合があるだろう。一番大切なことが食品の衛生のことだと思う。人々の健康が重要からだ。
一方、2人や3人以上の場合は家庭料理を作るほうがいいと思う。まずは衛生が心配しない、それに値段が安い。一番良いことは栄養のバランスが取れると思う。例えば、自分の好きな肉とか野菜とか、合理的なように作れば、脂肪が蓄積量を注意すると体にいいだろう。でも、家庭料理は時間がかかる、食事後で食器を洗うことがちょっと面倒くさいと思う。一日の仕事を終わると体がが大変だろう。
以上の理由で、自分の意見だから、違う場合は違う方法を教えてほうがいいと思う。とりあえず、体の健康のために自分の好きな方法を作ろう。",65.0,intermediate,24.0,320.0,13.333333333333334,0.396875,15.0,600.0,34.0,18.0,150.0,63.0,2.809,2.266,3.487,3.371,2.646,2.507
130,130,130,JJJ01,JPN,日本語,"ファースト・フードの良い点は、時間がなくてもさっと手軽に食べられることだ。仕事などに追われて食事に時間を割けないことも多く、忙しい現代人の生活の手助けとなっている。一方で栄養バランスが悪く、健康への影響が心配される面もある。一方家庭料理は好みや身体の状態に合わせて様々なメニューを作ることができ、健康にも良い影響を与えるだろう。また栄養面だけでなく、家の中で家族と話しながらゆっくり味わうことで、安らぎの時間を生み出しているとも言える。しかしながら家庭で料理を用意するには当然ながら時間も手間もかかり、夫婦共働きが当たり前となってきた現代では、決して小さくない問題だ。
ここで思うのは、そもそも食生活とは何かということである。食事の一つの目的は、言うまでもなく栄養摂取だ。しかしながら食事というのはそれだけだろうか。そこで極端な例として、純粋に栄養だけを摂取することを考えてみる。実際サプリメントのような栄養剤も多く市販されていて、今では不可能ではないだろうが、それでは何か足りないと思う人が多いだろう。やはり美味しいものを食べること、そして食事の時間そのものを楽しむことを求めるのではないだろうか。
こうして考えてみると、栄養面も重要ではあるが、食生活においてはやはり食べる行為そのものが重視されているのだと思う。ゆっくり時間をかけて食事を楽しむことが、人間の食生活の基本なのだろう。","ファースト・フードの良い点は、時間がなくてもさっと手軽に食べられることだ。仕事などに追われて食事に時間を割けないことも多く、忙しい現代人の生活の手助けとなっている。一方で栄養バランスが悪く、健康への影響が心配される面もある。一方家庭料理は好みや身体の状態に合わせて様々なメニューを作ることができ、健康にも良い影響を与えるだろう。また栄養面だけでなく、家の中で家族と話しながらゆっくり味わうことで、安らぎの時間を生み出しているとも言える。しかしながら家庭で料理を用意するには当然ながら時間も手間もかかり、夫婦共働きが当たり前となってきた現代では、決して小さくない問題だ。
ここで思うのは、そもそも食生活とは何かということである。食事の一つの目的は、言うまでもなく栄養摂取だ。しかしながら食事というのはそれだけだろうか。そこで極端な例として、純粋に栄養だけを摂取することを考えてみる。実際サプリメントのような栄養剤も多く市販されていて、今では不可能ではないだろうが、それでは何か足りないと思う人が多いだろう。やはり美味しいものを食べること、そして食事の時間そのものを楽しむことを求めるのではないだろうか。
こうして考えてみると、栄養面も重要ではあるが、食生活においてはやはり食べる行為そのものが重視されているのだと思う。ゆっくり時間をかけて食事を楽しむことが、人間の食生活の基本なのだろう。",,native,14.0,309.0,22.071428571428573,0.4110032362459547,26.0,593.0,19.0,36.0,119.0,59.0,2.129,1.66,2.777,2.68,2.18,2.083
131,131,131,JJJ02,JPN,日本語,食は人それぞれの嗜好や考えがあると思うが、以前職場でパート仲間と同じテーブルでランチを取った時の感想をまず書いてみる。ある人のお弁当のおかずが冷凍食品をそのままをポンと詰めたものが目に付いたからだ。そのお弁当の女性は3人の男の子を育て上げたベテラン主婦の方でもあったので、見ていて少し違和感があった。料理は好きではないのかな、とか、もう料理するのも飽きてしまったのかな、とか、たまたま忙しかったのかなとか。自分で調理したものが入っていない、白いご飯は炊いたのだろうけど。その後もそのグループでの冷凍食品おかずの比率はけっこう高かった。自分のお弁当は、ほぼ手作りおかずであったので、すこしびっくりもした。都合なのか割り切りなのか、もう今はそんなの当たり前よ、なのかどうかが分からない。ファーストフードも以前より依存度はかなり高くなったと思う。小さな子供連れの家族が平日も週末もわんさかお店にいる。ファーストフードは栄養が偏り良くない、などの考えはもはや無いように思える。昭和の時代にはあったと思うけれど。でもスーパーにはめずらしい食材もあふれ、家庭料理もネットでレシピをすぐ検索出来たりして、各国料理なども手軽に作れるようになった。多様化が進み結構だと思う反面、割り切り、無関心でも過ごせてしまうことに、少し心配な気持ちも持っている。,食は人それぞれの嗜好や考えがあると思うが、以前職場でパート仲間と同じテーブルでランチを取った時の感想をまず書いてみる。ある人のお弁当のおかずが冷凍食品をそのままをポンと詰めたものが目に付いたからだ。そのお弁当の女性は3人の男の子を育て上げたベテラン主婦の方でもあったので、見ていて少し違和感があった。料理は好きではないのかな、とか、もう料理するのも飽きてしまったのかな、とか、たまたま忙しかったのかなとか。自分で調理したものが入っていない、白いご飯は炊いたのだろうけど。その後もそのグループでの冷凍食品おかずの比率はけっこう高かった。自分のお弁当は、ほぼ手作りおかずであったので、すこしびっくりもした。都合なのか割り切りなのか、もう今はそんなの当たり前よ、なのかどうかが分からない。ファーストフードも以前より依存度はかなり高くなったと思う。小さな子供連れの家族が平日も週末もわんさかお店にいる。ファーストフードは栄養が偏り良くない、などの考えはもはや無いように思える。昭和の時代にはあったと思うけれど。でもスーパーにはめずらしい食材もあふれ、家庭料理もネットでレシピをすぐ検索出来たりして、各国料理なども手軽に作れるようになった。多様化が進み結構だと思う反面、割り切り、無関心でも過ごせてしまうことに、少し心配な気持ちも持っている。,,native,14.0,311.0,22.214285714285715,0.4790996784565916,25.0,566.0,36.0,26.0,135.0,47.0,2.801,2.315,3.615,3.558,2.922,2.792
132,132,132,JJJ03,JPN,日本語,"世の男性、とりわけ男子大学生は家庭料理とファースト・フードの間で生きている人が多い。かくいう私もファースト・フードが好きである。ファースト・フードは家庭料理に比べ体に悪い、害悪だ、という根強い風潮がある。その通りだと思う。しかし、そのデメリットを踏まえた上でファースト・フードが好きなのである。
理由は二つある。
一つ目は「ファースト」なところである。
家庭で料理を作る際、独身男性の大半が感じることは、調理時間と後片付けの面倒臭さである。一方ファースト・フードは注文したら即座に商品が出て、そしてゴミを捨てて終わり。この感覚は家庭料理では得難い。
二つ目は味について。
正直、率直に言えばファースト・フードは格段美味しいものではない。そこそこ美味しいかな、と思う程度である。しかし、味はそこそこ、そしていつ食べても同じ。この不変性を家庭料理で再現することは難しい。そして脂肪と塩分という、味蕾を直接刺激するような味を食べたいという欲求にも応えてくれる。これも同様に家庭料理で再現するのはなかなか大変なことである。
しかし、言わずもがな、ファースト・フードは得てして高脂肪、高塩分であり、栄養価も低めな物が多い。そこはやはり多少面倒くさくとも、時折家庭料理を頑張って作って食べるべきだとは思う。結局は手間と栄養価のトレードオフの関係であるため、ファースト・フードと家庭料理を適度に織り交ぜた、自分に合った食事スタイルを模索するべきである。","世の男性、とりわけ男子大学生は家庭料理とファースト・フードの間で生きている人が多い。かくいう私もファースト・フードが好きである。ファースト・フードは家庭料理に比べ体に悪い、害悪だ、という根強い風潮がある。その通りだと思う。しかし、そのデメリットを踏まえた上でファースト・フードが好きなのである。
理由は二つある。
一つ目は「ファースト」なところである。
家庭で料理を作る際、独身男性の大半が感じることは、調理時間と後片付けの面倒臭さである。一方ファースト・フードは注文したら即座に商品が出て、そしてゴミを捨てて終わり。この感覚は家庭料理では得難い。
二つ目は味について。
正直、率直に言えばファースト・フードは格段美味しいものではない。そこそこ美味しいかな、と思う程度である。しかし、味はそこそこ、そしていつ食べても同じ。この不変性を家庭料理で再現することは難しい。そして脂肪と塩分という、味蕾を直接刺激するような味を食べたいという欲求にも応えてくれる。これも同様に家庭料理で再現するのはなかなか大変なことである。
しかし、言わずもがな、ファースト・フードは得てして高脂肪、高塩分であり、栄養価も低めな物が多い。そこはやはり多少面倒くさくとも、時折家庭料理を頑張って作って食べるべきだとは思う。結局は手間と栄養価のトレードオフの関係であるため、ファースト・フードと家庭料理を適度に織り交ぜた、自分に合",,native,20.0,298.0,14.9,0.4563758389261745,21.0,619.0,24.0,37.0,124.0,64.0,2.408,1.927,2.727,2.667,2.438,2.353
133,133,133,JJJ04,JPN,日本語,"ファースト・フードと家庭料理には、それぞれ良いところがある。ファースト・フードはその名の通り、注文をしたらすぐに食べられるという点で、忙しい時には適している。その点、家庭料理は、自分で作る際には一定の時間的余裕が必要である。しかし、当然ながら家庭料理には、栄養面や味と言った点において、家族の好みに応じて調整できるという利点がある。これはファースト・フードの画一性とは対照的である。
こういった利点・欠点を差し置いても、本質的に重要なのは家庭料理をつくることのできる心理的・時間的余裕があるかないかである。家庭料理そのものというより、そういった余裕のあるなしが、生活の豊かさに直結するのではないであろうか。つまり、家庭料理をつくる気になる・つくる余裕があるということは、生活そのものの安定性・余裕の反映と考えることができる。このような観点に立つと、我々の食生活とは日常生活の豊かさを測る尺度である。したがって、食生活の向上を目指すならば、根本的には日常生活をどのように送るかが重要である。
ファースト・フードを食べる人々が増えているということは、本質的にはそうせざるを得ない状況が背景に存在するということであり、単に食生活を改善すればよいという問題ではない。本当の問題は、生活の貧しさや時間の無さにあるかもしれず、そう言った点を意識して食の問題には社会として取り組まなければならないであろう。","ファースト・フードと家庭料理には、それぞれ良いところがある。ファースト・フードはその名の通り、注文をしたらすぐに食べられるという点で、忙しい時には適している。その点、家庭料理は、自分で作る際には一定の時間的余裕が必要である。しかし、当然ながら家庭料理には、栄養面や味と言った点において、家族の好みに応じて調整できるという利点がある。これはファースト・フードの画一性とは対照的である。
こういった利点・欠点を差し置いても、本質的に重要なのは家庭料理をつくることのできる心理的・時間的余裕があるかないかである。家庭料理そのものというより、そういった余裕のあるなしが、生活の豊かさに直結するのではないであろうか。つまり、家庭料理をつくる気になる・つくる余裕があるということは、生活そのものの安定性・余裕の反映と考えることができる。このような観点に立つと、我々の食生活とは日常生活の豊かさを測る尺度である。したがって、食生活の向上を目指すならば、根本的には日常生活をどのように送るかが重要である。
ファースト・フードを食べる人々が増えているということは、本質的にはそうせざるを得ない状況が背景に存在するということであり、単に食生活を改善すればよいという問題ではない。本当の問題は、生活の貧しさや時間の無さにあるかもしれず、そう言った点を意識して食の問題には社会として取り組まなければならないであろう。",,native,12.0,319.0,26.58333333333333,0.3855799373040752,23.0,596.0,20.0,42.0,123.0,75.0,2.265,1.81,2.674,2.584,2.403,2.275
134,134,134,JJJ05,JPN,日本語,"現在、私たちの食生活は昔と比較して大きく様変わりした。かつて家庭料理が並んでいた食卓には、戦後のグローバル化・新自由主義経済のもとで、マクドナルドを代表とするファストフード（以下、FF）が並ぶことも珍しくなくなった。はたしてFFは私たちの食生活を豊かにしたのであろうか。以下では、FFの良い点・悪い点を比較しながらこの疑問について考えていく。
まず、FFの良い点は、Fast Foodという名前が体現するように、素早く食品を提供できる点にある。とりわけ、現代の多忙なビジネスパーソンにとって家庭料理を作るコストやモチベーションよりは、多少は不健康・不衛生な食材を口にすることになったとしても、FFを食すことで労働にあてる時間を確保することを望む人が少なくない。
一方、FFの悪い点として、これを日常的に摂取し続けた場合、味覚が劣化してしまうことがあげられる。たしかに、人は時々不味いものを食すことで、美味しい料理を認識できることが心理学・脳科学的に明らかにされており（e.g.山本隆「脳と味覚」）、美味しいものを食す合間に、不定期的にFFを摂取することは味覚の発達に一躍買っているとも考えられる。しかし、定期的にFFを摂取した結果として、味覚の劣化・画一化が個人レベルにおいて、ひいては国家・民族レベルにまで及んで生じ、私たちがこれまでに培ってきた食文化が失われかねない問題を抱えている。もし打つ手があるとすれば、各家庭で継承してきた家庭料理を乳幼児から豊富に体験していくことであると考える。
以上のように、FFは現代社会の一定層の人々の食文化を支える重要なファクターとして機能しているが、私たちの文化から大切なものを奪う危険性を内在している。したがって、長期的視点にたって考えた場合、FFを過度に摂取することは私たちの食生活を豊かにしないと私は考える。","現在、私たちの食生活は昔と比較して大きく様変わりした。かつて家庭料理が並んでいた食卓には、戦後のグローバル化・新自由主義経済のもとで、マクドナルドを代表とするファストフード（以下、FF）が並ぶことも珍しくなくなった。はたしてFFは私たちの食生活を豊かにしたのであろうか。以下では、FFの良い点・悪い点を比較しながらこの疑問について考えていく。
まず、FFの良い点は、Fast Foodという名前が体現するように、素早く食品を提供できる点にある。とりわけ、現代の多忙なビジネスパーソンにとって家庭料理を作るコストやモチベーションよりは、多少は不健康・不衛生な食材を口にすることになったとしても、FFを食すことで労働にあてる時間を確保することを望む人が少なくない。
一方、FFの悪い点として、これを日常的に摂取し続けた場合、味覚が劣化してしまうことがあげられる。たしかに、人は時々不味いものを食すことで、美味しい料理を認識できることが心理学・脳科学的に明らかにされており（e.g.山本隆「脳と味覚」）、美味しいものを食す合間に、不定期的にFFを摂取することは味覚の発達に一躍買っているとも考えられる。しかし、定期的にFFを摂取した結果として、味覚の劣化・画一化が個人レベルにおいて、ひいては国家・民族レベルにまで及んで生じ、私たちがこれまでに培ってきた食文化が失われかねない問題を抱えている。もし打つ手が",,native,14.0,411.0,29.357142857142858,0.4282238442822384,29.0,777.0,46.0,47.0,147.0,88.0,2.367,1.86,2.89,2.734,2.372,2.289
135,135,135,JJJ06,JPN,日本語,"現在の日本では、さまざまな食文化が存在している。またそれに伴い、外食産業も活性化してきた。気軽に入ることのできるファミリーレストランや高いお金を払い食事する高級料理店など形態は様々である。その中に、注文すると短時間で提供されすぐ食べることのできるファーストフードがある。ファーストフードは時間の限られているときすぐ出てくる点や、安価であるという点で良い点である。しかし栄養バランスは良いとは言えず、一日の一食をファーストフードでとったら、ほかの二食でエネルギーバランスの調節をしなければならない。とくに野菜不足であると考える。
わたしたちの一番身近な食事摂取の場は、家庭であろう。家庭内で食事を調理すると、栄養バランスの整ったものが摂取でき、また家族だんらんの場にもなる。ここで問題として挙げるのであれば、調理に時間がかかることである、現代の日本の家庭で調理する人は妻・母親であり、仕事にも出ている人も多いので負担となってしまう。また自分の嗜好に偏ったものを摂取してしまいがちである。
どんな食事摂取の場であれ、長所・短所は存在するものである。その長所どうしうまく組み合わせ用いながら、自分の健康を守るために今後も食事摂取をしていくべきである。
私たちが生きていくために、食事は必ず必要なものである。
楽しく、おいしく、また単なる作業にならないよう食事摂取をしたいものである。","現在の日本では、さまざまな食文化が存在している。またそれに伴い、外食産業も活性化してきた。気軽に入ることのできるファミリーレストランや高いお金を払い食事する高級料理店など形態は様々である。その中に、注文すると短時間で提供されすぐ食べることのできるファーストフードがある。ファーストフードは時間の限られているときすぐ出てくる点や、安価であるという点で良い点である。しかし栄養バランスは良いとは言えず、一日の一食をファーストフードでとったら、ほかの二食でエネルギーバランスの調節をしなければならない。とくに野菜不足であると考える。
わたしたちの一番身近な食事摂取の場は、家庭であろう。家庭内で食事を調理すると、栄養バランスの整ったものが摂取でき、また家族だんらんの場にもなる。ここで問題として挙げるのであれば、調理に時間がかかることである、現代の日本の家庭で調理する人は妻・母親であり、仕事にも出ている人も多いので負担となってしまう。また自分の嗜好に偏ったものを摂取してしまいがちである。
どんな食事摂取の場であれ、長所・短所は存在するものである。その長所どうしうまく組み合わせ用いながら、自分の健康を守るために今後も食事摂取をしていくべきである。
私たちが生きていくために、食事は必ず必要なものである。
楽しく、おいしく、また単なる作業にならないよう食事摂取をしたいものである。",,native,15.0,312.0,20.8,0.4391025641025641,25.0,588.0,31.0,28.0,122.0,66.0,2.485,1.932,3.025,2.951,2.517,2.404
136,136,136,JJJ07,JPN,日本語,"日本人は忙しい。満員電車、ザービス残業、都会の人ごみ、繰り返される毎日。そんな時代に現れた海外からのファーストフード。安い、手軽、素早い提供、味がしっかり、美味しい、まさに忙しい日本人にぴったりだ。
本当にそうでしょうか？早歩きの日々の中で一度立ち止まってみてはどうだろうか。
確かにファーストフードは便利だ。急ぐ朝に、短い昼休みに、疲れて帰ってきた夜に、つい足がお店へ向かっている。しかし、昔ながらの日本の文化である手作りの料理、和食。栄養バランスは抜群、温かみのある風味、古きよき時代から受け継がれている味。これに勝る日本人の舌に合う美味しい食事はない、と言っても過言ではないだろうか。
朝、お味噌汁を飲んで今日も良い日になりますようにと思える。昼、家族に作って貰ったお弁当を食べて、午後も頑張ろうと思える。夜、香ばしい焼き魚と白米を食べてほっと一息、今日は一日お疲れ様でしたと労う。忙しい毎日の中に一瞬の緩やかな時間を作ってみる。ある人は健康のために、ある人は自らを省みるために、ある人は家族との触れ合いに、きっと影響は様々であろう。共通するのは心の余裕、そして健康である。
食事は生きる上でとても大切な要素だ。そして手作りの料理は愛が詰まっている。家族へ、恋人へ、友人へ、自分へと。その愛は生きる力をくれる。
ふと気が付いた時に一度立ち止まってみて欲しい。さて、今日は何を食べようかな、と。","日本人は忙しい。満員電車、ザービス残業、都会の人ごみ、繰り返される毎日。そんな時代に現れた海外からのファーストフード。安い、手軽、素早い提供、味がしっかり、美味しい、まさに忙しい日本人にぴったりだ。
本当にそうでしょうか？早歩きの日々の中で一度立ち止まってみてはどうだろうか。
確かにファーストフードは便利だ。急ぐ朝に、短い昼休みに、疲れて帰ってきた夜に、つい足がお店へ向かっている。しかし、昔ながらの日本の文化である手作りの料理、和食。栄養バランスは抜群、温かみのある風味、古きよき時代から受け継がれている味。これに勝る日本人の舌に合う美味しい食事はない、と言っても過言ではないだろうか。
朝、お味噌汁を飲んで今日も良い日になりますようにと思える。昼、家族に作って貰ったお弁当を食べて、午後も頑張ろうと思える。夜、香ばしい焼き魚と白米を食べてほっと一息、今日は一日お疲れ様でしたと労う。忙しい毎日の中に一瞬の緩やかな時間を作ってみる。ある人は健康のために、ある人は自らを省みるために、ある人は家族との触れ合いに、きっと影響は様々であろう。共通するのは心の余裕、そして健康である。
食事は生きる上でとても大切な要素だ。そして手作りの料理は愛が詰まっている。家族へ、恋人へ、友人へ、自分へと。その愛は生きる力をくれる。
ふと気が付いた時に一度立ち止まってみて欲しい。さて、今日は何を食べようかな、と。",,native,23.0,311.0,13.521739130434783,0.4983922829581994,30.0,599.0,29.0,31.0,128.0,56.0,2.42,2.012,2.975,2.905,2.593,2.51
137,137,137,JJJ08,JPN,日本語,"子どもの頃、マクドナルドは特別な、ご褒美のような場所だった。あまり連れて行ってもらえなかったぶん、自然と理想化するようになったのだろう。大人になった今は、カロリーの高さから敬遠しているが、ごくたまにシェイクやポテトが恋しくなって、少し罪悪感を覚えながらも列に並んでしまう。
そういったファーストフードの利点は、安さと手軽さにある。お財布に優しく、そこそこお腹にたまり、作業をしながらでも食べられる。それは、チェーン店での外食には限らない。一人暮らしを始めてからの私の食事は実に偏ったものだった。納豆ごはんだけ、とか、春雨スープだけ、とか。ハンバーガーや牛丼、ラーメンは食べなかったが、安くてさっと食べられるものばかりで過ごしていた。時間とお金は節約できたが、どこか余裕のない生活。これもひとつのファーストフードだったように思う。
その対極にあるのが、祖父が作ってくれていたお味噌汁である。じゃがいも、かぼちゃ、わかめ、油揚げ、豆腐をベースに、祖父の育てた野菜がたっぷり入ったお味噌汁。私は毎朝これを食べて育った。祖母お得意の煮しめもそうだ。几帳面に面取りをされて、よく味の染みた野菜が行儀よく大皿に並んでいた。実を言えば、幼いころはどちらも苦手だったのだが、大人になると、時間をかけて作ってくれたあの味を懐かしく思うようになった。
ファーストフードの良くない点は、栄養が偏ることに加えて、作り手や素材への感謝を忘れてしまいがちなところにあるのではないだろうか。安価であるために、消費することに意識が働かなくなり、手軽さゆえに、「ながら」で食べてしまい、味わう余裕もない。だが、理想的のように思える家庭料理とてその可能性はある。栄養をまんべんなく摂るには時間とコストがかかるので、どうしても妥協したくなる。それが行き過ぎれば、やはり偏った「ファーストフード」になるだろう。
食生活に必要なのは、バランスをとることだと思う。忙しいときは手抜きも仕方がない。懐が寂しいときも無理はできない。そのぶん、できるときには誰かとゆっくり美味しいものを食べる時間を作って、普段の自分に足りないものを補えば良いのである。","子どもの頃、マクドナルドは特別な、ご褒美のような場所だった。あまり連れて行ってもらえなかったぶん、自然と理想化するようになったのだろう。大人になった今は、カロリーの高さから敬遠しているが、ごくたまにシェイクやポテトが恋しくなって、少し罪悪感を覚えながらも列に並んでしまう。
そういったファーストフードの利点は、安さと手軽さにある。お財布に優しく、そこそこお腹にたまり、作業をしながらでも食べられる。それは、チェーン店での外食には限らない。一人暮らしを始めてからの私の食事は実に偏ったものだった。納豆ごはんだけ、とか、春雨スープだけ、とか。ハンバーガーや牛丼、ラーメンは食べなかったが、安くてさっと食べられるものばかりで過ごしていた。時間とお金は節約できたが、どこか余裕のない生活。これもひとつのファーストフードだったように思う。
その対極にあるのが、祖父が作ってくれていたお味噌汁である。じゃがいも、かぼちゃ、わかめ、油揚げ、豆腐をベースに、祖父の育てた野菜がたっぷり入ったお味噌汁。私は毎朝これを食べて育った。祖母お得意の煮しめもそうだ。几帳面に面取りをされて、よく味の染みた野菜が行儀よく大皿に並んでいた。実を言えば、幼いころはどちらも苦手だったのだが、大人になると、時間をかけて作ってくれたあの味を懐かしく思うようになった。
ファーストフードの良くない点は、栄養が偏ることに加えて、作り手や素材",,native,26.0,468.0,18.0,0.4358974358974359,41.0,901.0,32.0,44.0,178.0,58.0,2.192,1.842,2.969,2.905,2.512,2.41
138,138,138,JJJ09,JPN,日本語,"ファースト・フードが発展しているこの時代なのでファースト・フードを全く食べないという人はいないと思います。ファースト・フードは手軽に手ごろに食べれるものなので多くの方（特にお子さんのいるご家庭）は土日の昼食にされているのではないでしょうか？ただ単にファースト・フードを食べるのでは栄養面で偏りも出ると思うので、飲み物は頼まないで（炭酸はもってのほか）持ち帰りにし家でスムージーを作り飲むとかサラダを食べるとか偏りのないように工夫すれば問題なく食べれるものだと思います。
家庭料理にしても専業主婦の方なら栄養、カロリーなどをきちんと考えたうえで料理も作ることが出来るでしょう。しかし今の世の中、仕事を持つ主婦が増えているので、家に帰ってからなかなか料理が作れない。作るとしても一品料理。品数が少ない。肉を焼いただけ。野菜を炒めただけなど同じようなものが毎日並んでいたらどうでしょうか。スーパーのお惣菜で済ます。お弁当で済ます。なんてことも多いのではないでしょうか？そういう面からしても必ずしも家庭料理が良いということもないと思います。今のニーズにあったきゃべつがあれば作れる、豚肉があれば作れるという商品も多種多様に出てきています。そういう商品を上手く使いながら栄養を考えてバランスのよい食事が簡単に作れるのが今現代の食生活のあり方のように思います。","ファースト・フードが発展しているこの時代なのでファースト・フードを全く食べないという人はいないと思います。ファースト・フードは手軽に手ごろに食べれるものなので多くの方（特にお子さんのいるご家庭）は土日の昼食にされているのではないでしょうか？ただ単にファースト・フードを食べるのでは栄養面で偏りも出ると思うので、飲み物は頼まないで（炭酸はもってのほか）持ち帰りにし家でスムージーを作り飲むとかサラダを食べるとか偏りのないように工夫すれば問題なく食べれるものだと思います。
家庭料理にしても専業主婦の方なら栄養、カロリーなどをきちんと考えたうえで料理も作ることが出来るでしょう。しかし今の世の中、仕事を持つ主婦が増えているので、家に帰ってからなかなか料理が作れない。作るとしても一品料理。品数が少ない。肉を焼いただけ。野菜を炒めただけなど同じようなものが毎日並んでいたらどうでしょうか。スーパーのお惣菜で済ます。お弁当で済ます。なんてことも多いのではないでしょうか？そういう面からしても必ずしも家庭料理が良いということもないと思います。今のニーズにあったきゃべつがあれば作れる、豚肉があれば作れるという商品も多種多様に出てきています。そういう商品を上手く使いながら栄養を考えてバランスのよい食事が簡単に作れるのが今現代の食生活のあり方のように思います。",,native,15.0,301.0,20.066666666666663,0.4119601328903654,22.0,574.0,28.0,23.0,130.0,40.0,2.529,2.05,3.11,2.984,2.744,2.574
139,139,139,JJJ10,JPN,日本語,"ファーストフードの良さは速さである。注文してから5分以内にはテーブルに遅くても全ての商品が並べられている。そしてまた食べやすい。店内を見渡すと年齢層が本当に広い。
乳幼児から老齢の女性まで様々だ。ただ、同じ味を続けて食べると飽きると言ったことや、薄利多売の商売のためか、外国から輸入した食材を使わざる得なく、しばしばニュースになるのが悪い点としてあげられる。そのようなニュースの時にはなかなかお店にも足を運ばない。また日々の買い物から原産地など気にするようになる。
一方家庭料理は食材の心配もない。それぞれの家の味であるため、同じような食事が並んだとしても、飽きずに食べられるというのは良い点である。一方悪い点は手間がかかるということだろう。世代間の食事の好みの違いまで配慮するのは結構な労力であろう。例えば我が家の場合ではカレーライスの時は祖母たちは違うおかずを準備していた。逆に祖母たちが好みの食材がテーブルに並べられていたら、祖母は孫に対して気を使って一品用意していた。
今回ファーストフードと家庭料理を比較し、思うことはそれぞれの利点を消費者が責任を持って理解し、お互いを利用していくことが大事であるということである。ニュースなどに踊らされることなく、冷静な判断をいつもすることが重要なポイントとなるだろう。","ファーストフードの良さは速さである。注文してから5分以内にはテーブルに遅くても全ての商品が並べられている。そしてまた食べやすい。店内を見渡すと年齢層が本当に広い。
乳幼児から老齢の女性まで様々だ。ただ、同じ味を続けて食べると飽きると言ったことや、薄利多売の商売のためか、外国から輸入した食材を使わざる得なく、しばしばニュースになるのが悪い点としてあげられる。そのようなニュースの時にはなかなかお店にも足を運ばない。また日々の買い物から原産地など気にするようになる。
一方家庭料理は食材の心配もない。それぞれの家の味であるため、同じような食事が並んだとしても、飽きずに食べられるというのは良い点である。一方悪い点は手間がかかるということだろう。世代間の食事の好みの違いまで配慮するのは結構な労力であろう。例えば我が家の場合ではカレーライスの時は祖母たちは違うおかずを準備していた。逆に祖母たちが好みの食材がテーブルに並べられていたら、祖母は孫に対して気を使って一品用意していた。
今回ファーストフードと家庭料理を比較し、思うことはそれぞれの利点を消費者が責任を持って理解し、お互いを利用していくことが大事であるということである。ニュースなどに踊らされることなく、冷静な判断をいつもすることが重要なポイントとなるだろう。",,native,16.0,307.0,19.1875,0.4462540716612377,21.0,558.0,35.0,33.0,121.0,56.0,2.753,2.261,3.607,3.531,2.814,2.723
140,140,140,JJJ11,JPN,日本語,"私たちは日常生活のなかで、ファストフードと家庭料理、このどちらもよく食している。個々の好みはあるだろうが、私たちがよく口にしているものといえば恐らくこの二つであろう。
ファストフードは、その名の通り素早く食べられ、尚且つ安価であることが利点と言える。日々を忙しく過ごしているサラリーマンやOL、小遣いを遣り繰りしている学生にはぴったりの食べ物と言えるだろう。しかし、欠点として脂肪分が多くカロリーが高い、ということが挙げられると考える。体のことを考えると、栄養バランスは良いとは言えない。
家庭料理は、家でゆっくりと食べることが基本だ。栄養バランスを考えて摂取でき、なおかつ食事をゆっくり食べられることで消化・吸収にも良い。これらが利点として、一方の欠点は、料理は手間が多く仕事で疲れきっていては作れない、材料費・光熱費などで外食よりもお金がかかることもあるという点である。
ファストフードと家庭料理、それぞれが利点と欠点があることを述べたが、私たちの食生活にこれらはやはり切り離せない存在だ。食事をする際に気にする点が、人それぞれ違うが、やはり美味しいと感じる食べ物が食べたい、という気持ちが一般的であろう。その中で多忙であることや金額のことなど様々な要因で食事は変化していく。明治・大正時代の日本と違い、選択の幅が広まった食事内容のなかで、場面にあった食事を摂るというスタイルがこの現代の食生活である。利点と欠点を理解し、場面や状況に合った食べ物を選択する。そして美味しいと感じる食べ物を食べて幸せを感じる。これが私の考える食生活である。","私たちは日常生活のなかで、ファストフードと家庭料理、このどちらもよく食している。個々の好みはあるだろうが、私たちがよく口にしているものといえば恐らくこの二つであろう。
ファストフードは、その名の通り素早く食べられ、尚且つ安価であることが利点と言える。日々を忙しく過ごしているサラリーマンやOL、小遣いを遣り繰りしている学生にはぴったりの食べ物と言えるだろう。しかし、欠点として脂肪分が多くカロリーが高い、ということが挙げられると考える。体のことを考えると、栄養バランスは良いとは言えない。
家庭料理は、家でゆっくりと食べることが基本だ。栄養バランスを考えて摂取でき、なおかつ食事をゆっくり食べられることで消化・吸収にも良い。これらが利点として、一方の欠点は、料理は手間が多く仕事で疲れきっていては作れない、材料費・光熱費などで外食よりもお金がかかることもあるという点である。
ファストフードと家庭料理、それぞれが利点と欠点があることを述べたが、私たちの食生活にこれらはやはり切り離せない存在だ。食事をする際に気にする点が、人それぞれ違うが、やはり美味しいと感じる食べ物が食べたい、という気持ちが一般的であろう。その中で多忙であることや金額のことなど様々な要因で食事は変化していく。明治・大正時代の日本と違い、選択の幅が広まった食事内容のなかで、場面にあった食事を摂るというスタイルがこの現代の食生活で",,native,16.0,345.0,21.5625,0.4057971014492754,23.0,671.0,31.0,46.0,164.0,64.0,2.48,1.949,3.007,2.966,2.468,2.39
141,141,141,JJJ12,JPN,日本語,"ファストフードの良い点として比較的価格が安く準備の時間や手間がかからない一方、悪い点として栄養価に偏りがあることがうたわれてきた。これに対して家庭で手間暇かけた料理を食べるべきという風潮が広まっていた。
近年ファストフード業界も健康志向のニーズにこたえ、安易な価格競争に走らず、高価格帯だが素材を厳選した商品を投入する傾向にある。実際、昼食で1000円程度で調理するために15分から20分かかる商品でも、売り切れるほどの需要がある。また家庭でも核家族化で共働き世帯が増え、以前のように手間暇かけた家庭料理は難しくなってきている。子育て世代では、祖父母同居で祖父母に料理作りを任せる家庭や専業主婦家庭など、栄養価のバランスがとれた食事を準備する時間を確保できる家庭はごく少数である。一方、ファストフードだけでなく、中食と呼ばれるコンビニやスーパーなど、惣菜が手軽に買えるようになった。全ての料理を家庭で調理することは困難だが、出来合いの惣菜を数品食卓に並べる家庭が増えている。家族構成によっては購入した食材を使い切れないことも多いため、食材を購入するよりも低価格で済む惣菜は、家庭で一般的に広く利用されている。さらに子育て世代よりも下の世代では、結婚するだけの収入のない一人暮らしの社会人が多い。彼らにとってはファストフードよりも惣菜を購入することが安価で栄養価の高いものが摂取可能なので利用する傾向が増えている。","ファストフードの良い点として比較的価格が安く準備の時間や手間がかからない一方、悪い点として栄養価に偏りがあることがうたわれてきた。これに対して家庭で手間暇かけた料理を食べるべきという風潮が広まっていた。
近年ファストフード業界も健康志向のニーズにこたえ、安易な価格競争に走らず、高価格帯だが素材を厳選した商品を投入する傾向にある。実際、昼食で1000円程度で調理するために15分から20分かかる商品でも、売り切れるほどの需要がある。また家庭でも核家族化で共働き世帯が増え、以前のように手間暇かけた家庭料理は難しくなってきている。子育て世代では、祖父母同居で祖父母に料理作りを任せる家庭や専業主婦家庭など、栄養価のバランスがとれた食事を準備する時間を確保できる家庭はごく少数である。一方、ファストフードだけでなく、中食と呼ばれるコンビニやスーパーなど、惣菜が手軽に買えるようになった。全ての料理を家庭で調理することは困難だが、出来合いの惣菜を数品食卓に並べる家庭が増えている。家族構成によっては購入した食材を使い切れないことも多いため、食材を購入するよりも低価格で済む惣菜は、家庭で一般的に広く利用されている。さらに子育て世代よりも下の世代では、結婚するだけの収入のない一人暮らしの社会人が多い。彼らにとってはファストフードよりも惣菜を購入することが安価で栄養価の高いものが摂取可能なので利用する傾向が",,native,11.0,324.0,29.454545454545453,0.4598765432098765,24.0,606.0,43.0,51.0,124.0,93.0,2.271,1.846,2.989,2.928,2.449,2.298
142,142,142,JJJ13,JPN,日本語,"食生活は健康のバランスを考えファースト・フードと家庭料理をバランスよく摂取する事が大切です。
まずファースト・フードの良い点は何といってもその手軽さにあります。仕事や家事、プライベートなど、忙しく料理をする時間がない時には大変便利です。
一方、ファースト・フードの代表的なメニューはハンバーガーや丼ぶりものなどが主なため、野菜がなかなか取れず、また塩分・脂が多く高カロリーな内容になりがちです。
健康を考えると毎日食べる事はあまりお薦めできません。
家庭料理は栄養のバランスがよく、特売日などで安い食材を探せばファースト・フードで外食するより経済的にも良い点があります。また、料理をする事で気分転換を図る事もまた料理をする事のメリットです。
料理をする時間はなかなか取れず、また買い物や洗い物などの手間がかかるため、働いている一人住まいの人には負担が大きくなるところは否めません。
健康的な生活のためにバランスのいい食事を心がけつつ忙しい毎日を送るのはなかなか大変な事だと思います。食事に時間が取れない時にはファースト・フードを利用し仕事などに集中し、自宅で料理をする時間を確保出来る際にはなるべく料理でバランスのいい食事を取るなど、ライフスタイルに合わせ適宜使い分けをしていく事が大切だと思います。","食生活は健康のバランスを考えファースト・フードと家庭料理をバランスよく摂取する事が大切です。
まずファースト・フードの良い点は何といってもその手軽さにあります。仕事や家事、プライベートなど、忙しく料理をする時間がない時には大変便利です。
一方、ファースト・フードの代表的なメニューはハンバーガーや丼ぶりものなどが主なため、野菜がなかなか取れず、また塩分・脂が多く高カロリーな内容になりがちです。
健康を考えると毎日食べる事はあまりお薦めできません。
家庭料理は栄養のバランスがよく、特売日などで安い食材を探せばファースト・フードで外食するより経済的にも良い点があります。また、料理をする事で気分転換を図る事もまた料理をする事のメリットです。
料理をする時間はなかなか取れず、また買い物や洗い物などの手間がかかるため、働いている一人住まいの人には負担が大きくなるところは否めません。
健康的な生活のためにバランスのいい食事を心がけつつ忙しい毎日を送るのはなかなか大変な事だと思います。食事に時間が取れない時にはファースト・フードを利用し仕事などに集中し、自宅で料理をする時間を確保出来る際にはなるべく料理でバランスのいい食事を取るなど、ライフスタイルに合わせ適宜使い分けをしていく事が大切だと思います。",,native,10.0,282.0,28.2,0.4326241134751773,22.0,550.0,36.0,17.0,105.0,60.0,2.228,1.707,2.717,2.648,2.169,2.127
143,143,143,JJJ14,JPN,日本語,"ファースト・フードと家庭での食事、一体どちらがよいのだろう。
ファースト・フードと言えば「早い・安い」という想像ができる。忙しい人にとってはよい条件となっている。しかし、毎食「早い・安い」だけでは体が悲鳴をあげてしまうことだろう。確かに、簡単に胃を満たすことはできるが、栄養面ではどうだろうか。高炭水化物・高脂質とバランスが取れておらず、さらに心も満たされないだろう。一方で、手作りの家庭料理はどうだろうか。時間はかかってしまうが、栄養バランスも考え作られているし、なによりも時間をかけた分だけの気持ちが入っている。心も体も一緒に満たせるのだ。一人でささっと食べるのではなく食事の楽しい時間を共有できるすばらしい時間となっている。
現在、食の欧米が進んでおり、食事形態も多様化してきている。また、忙しく日々過ごしている人も多いだろう。しかし、忙しいからこそ食事の時間だけでもゆっくりと話をしながら食べることも必要なのではないかと思う。世界で母は一人だけしかいない。そんな母が一生懸命、愛情込めて作ってくれた食事を食べられる家庭料理は貴重であるし、大切にしてくべきだと思う。もう一度自分の食生活を見直し、考える必要があるのではないか。","ファースト・フードと家庭での食事、一体どちらがよいのだろう。
ファースト・フードと言えば「早い・安い」という想像ができる。忙しい人にとってはよい条件となっている。しかし、毎食「早い・安い」だけでは体が悲鳴をあげてしまうことだろう。確かに、簡単に胃を満たすことはできるが、栄養面ではどうだろうか。高炭水化物・高脂質とバランスが取れておらず、さらに心も満たされないだろう。一方で、手作りの家庭料理はどうだろうか。時間はかかってしまうが、栄養バランスも考え作られているし、なによりも時間をかけた分だけの気持ちが入っている。心も体も一緒に満たせるのだ。一人でささっと食べるのではなく食事の楽しい時間を共有できるすばらしい時間となっている。
現在、食の欧米が進んでおり、食事形態も多様化してきている。また、忙しく日々過ごしている人も多いだろう。しかし、忙しいからこそ食事の時間だけでもゆっくりと話をしながら食べることも必要なのではないかと思う。世界で母は一人だけしかいない。そんな母が一生懸命、愛情込めて作ってくれた食事を食べられる家庭料理は貴重であるし、大切にしてくべきだと思う。もう一度自分の食生活を見直し、考える必要があるのではないか。",,native,16.0,275.0,17.1875,0.4363636363636363,29.0,516.0,22.0,18.0,122.0,50.0,2.506,1.988,2.876,2.882,2.509,2.474
144,144,144,JJJ15,JPN,日本語,"ファースト・フードと家庭料理では、それぞれに良い点悪い点を持っている。
ファースト・フードは時間がない時に素早く買うことができ、すぐに作られた物を手頃な価格で美味しく食べることができるという利点がある。しかし、栄養面はどうだろう。野菜が少なく、揚げ物などでカロリーや脂質が高いイメージがあり栄養は偏っているはずだ。また、柔らかい物が多いため、すぐに噛んで次から次へと飲み込めるイメージがあり、よく噛みゆっくり食べることが良いと言われている食生活のあり方には適していないと考える。その反面家庭料理は、手作りのため時間が要するという欠点はあるが、栄養を考えて作れば適切な栄養量を摂取することができる。調味料を調節することができるため、過度に塩分などを摂取することが少なくてすむ。自分で何を入れて作るかわかるため安全であるというような利点がある。
近年日本の食生活は欧米化の傾向があり、ファースト・フードで食事をする人も増加していると感じる。簡単で手頃で時間短縮になることはわかるが、日本の受け継がれてきた食文化、食生活が薄れてしまうことは悲しいことである。今は良いと思っていても、栄養の偏りや過栄養、咀嚼力の減少は今後生活習慣病や骨粗鬆症などの危険も増やすことが予想できる。そのため私たちはもう一度食生活を見直し、未来の自分が健康でいられる方法を考えなくてはならない。そのためには、時間をかけてでも安心で栄養を考えて作ることのできる家庭料理をなるべく摂取することが好ましいと考える。","ファースト・フードと家庭料理では、それぞれに良い点悪い点を持っている。
ファースト・フードは時間がない時に素早く買うことができ、すぐに作られた物を手頃な価格で美味しく食べることができるという利点がある。しかし、栄養面はどうだろう。野菜が少なく、揚げ物などでカロリーや脂質が高いイメージがあり栄養は偏っているはずだ。また、柔らかい物が多いため、すぐに噛んで次から次へと飲み込めるイメージがあり、よく噛みゆっくり食べることが良いと言われている食生活のあり方には適していないと考える。その反面家庭料理は、手作りのため時間が要するという欠点はあるが、栄養を考えて作れば適切な栄養量を摂取することができる。調味料を調節することができるため、過度に塩分などを摂取することが少なくてすむ。自分で何を入れて作るかわかるため安全であるというような利点がある。
近年日本の食生活は欧米化の傾向があり、ファースト・フードで食事をする人も増加していると感じる。簡単で手頃で時間短縮になることはわかるが、日本の受け継がれてきた食文化、食生活が薄れてしまうことは悲しいことである。今は良いと思っていても、栄養の偏りや過栄養、咀嚼力の減少は今後生活習慣病や骨粗鬆症などの危険も増やすことが予想できる。そのため私たちはもう一度食生活を見直し、未来の自分が健康でいられる方法を考えなくてはならない。そのためには、時間をかけてでも安心で",,native,13.0,339.0,26.07692307692308,0.415929203539823,30.0,639.0,26.0,37.0,143.0,67.0,2.335,1.86,2.95,2.837,2.427,2.337
145,145,145,JJJ16,JPN,日本語,"現在、私達の生活にはファーストフード店があふれている。外出する時それらは欠かせない存在になっており、短時間で安く食べられとても手軽だ。その上美味しいものも多く楽しい時間を過ごすことができる。しかし、カロリーが高く塩分も家庭料理に比べるととても高い。食べ過ぎると肥満の原因にもなる。私が住んだことのあるイギリスでは子供の肥満は深刻な問題になっていた。学校給食でさえ油物が多く、ファーストフード店のようだった。少しでも栄養のある物をということで、おやつの時間にバナナ・リンゴ等の果物が毎日子供達に配られていたのには驚いた。
それと対照的に家庭での料理は毎日母親が作ってくれるものだ。しかし、自分で作ってみるととても大変なことがわかった。野菜を切って洗うだけでも時間がかかるのに、それらを食べてくれなかったりすると悲しくなる。しかし、それでも毎日作るのは栄養があり、体に良いからだ。そして、母の味を覚えてもらいたい、料理から愛情を感じてもらいたいからだ。特に日本食はとても繊細な味で品数も多く体に良い。海外では夕食はお肉の焼いたものと、じゃがいも、少々の野菜をプレートにのせて終わりという家庭が多かった。
日本を出てみて初めて、私達が当たり前に食べている家庭料理のすばらしさがわかった。母がどれだけの時間と手間を料理に込めて私に食べさせてくれていたのかが身にしみた。その母からの愛情を自分の子供達に‘料理’という形で伝えていきたいと強く思う。","現在、私達の生活にはファーストフード店があふれている。外出する時それらは欠かせない存在になっており、短時間で安く食べられとても手軽だ。その上美味しいものも多く楽しい時間を過ごすことができる。しかし、カロリーが高く塩分も家庭料理に比べるととても高い。食べ過ぎると肥満の原因にもなる。私が住んだことのあるイギリスでは子供の肥満は深刻な問題になっていた。学校給食でさえ油物が多く、ファーストフード店のようだった。少しでも栄養のある物をということで、おやつの時間にバナナ・リンゴ等の果物が毎日子供達に配られていたのには驚いた。
それと対照的に家庭での料理は毎日母親が作ってくれるものだ。しかし、自分で作ってみるととても大変なことがわかった。野菜を切って洗うだけでも時間がかかるのに、それらを食べてくれなかったりすると悲しくなる。しかし、それでも毎日作るのは栄養があり、体に良いからだ。そして、母の味を覚えてもらいたい、料理から愛情を感じてもらいたいからだ。特に日本食はとても繊細な味で品数も多く体に良い。海外では夕食はお肉の焼いたものと、じゃがいも、少々の野菜をプレートにのせて終わりという家庭が多かった。
日本を出てみて初めて、私達が当たり前に食べている家庭料理のすばらしさがわかった。母がどれだけの時間と手間を料理に込めて私に食べさせてくれていたのかが身にしみた。その母からの愛情を自分の子供達に‘料理’",,native,18.0,345.0,19.166666666666668,0.4144927536231884,38.0,618.0,29.0,25.0,147.0,56.0,2.375,1.921,2.871,2.815,2.598,2.499
146,146,146,JJJ17,JPN,日本語,"食事は、私たちの活動の源となるとても大事な要素です。日々の食生活を振り返るとき、ファースト・フードと家庭料理が「食」と言う観点からだけではなく、私たち現代社会の生活スタイルにどのように関わっているのか、考えていきたいと思います。
まず、ファースト・フードは、食事を作る手間がかからず、時間もかからないため、時間に余裕がない場合にとても助かる食事となる一方、栄養が偏り、カロリーも比較的高い食事になりがちという点が見えてきます。メニューもバリエーションに乏しく、あまり代わり映えしない印象があります。
家庭料理はというと、和食、洋食、中華など豊富なバリエーションに加え、栄養面では、野菜・肉など栄養を万遍なく取れ、また、健康面では（減塩、低コレステロールなど）調整、工夫ができます。家庭料理のあたたかさも感じることもできます。しかしながら、ファースト・フードと比較すると、その分の「時間」は犠牲となる点があるのも事実です。
それぞれ、忙しい人もいる、料理が大好きな人もいる、便利でいろいろ選択肢のある現代社会で生きている私たちにとって、食生活も千差万別。何がいい、悪いではなく、それぞれのライフスタイルの中で、上手に取り入れているのが現代版「食生活」となっているのではないでしょうか。その中で、体にも人にもやさしい「家庭料理」を大切にしていきたいと私は思います。","食事は、私たちの活動の源となるとても大事な要素です。日々の食生活を振り返るとき、ファースト・フードと家庭料理が「食」と言う観点からだけではなく、私たち現代社会の生活スタイルにどのように関わっているのか、考えていきたいと思います。
まず、ファースト・フードは、食事を作る手間がかからず、時間もかからないため、時間に余裕がない場合にとても助かる食事となる一方、栄養が偏り、カロリーも比較的高い食事になりがちという点が見えてきます。メニューもバリエーションに乏しく、あまり代わり映えしない印象があります。
家庭料理はというと、和食、洋食、中華など豊富なバリエーションに加え、栄養面では、野菜・肉など栄養を万遍なく取れ、また、健康面では（減塩、低コレステロールなど）調整、工夫ができます。家庭料理のあたたかさも感じることもできます。しかしながら、ファースト・フードと比較すると、その分の「時間」は犠牲となる点があるのも事実です。
それぞれ、忙しい人もいる、料理が大好きな人もいる、便利でいろいろ選択肢のある現代社会で生きている私たちにとって、食生活も千差万別。何がいい、悪いではなく、それぞれのライフスタイルの中で、上手に取り入れているのが現代版「食生活」となっているのではないでしょうか。その中で、体にも人にもやさしい「家庭料理」を大切にしていきたいと私は思います。",,native,10.0,283.0,28.3,0.4628975265017668,23.0,580.0,20.0,34.0,114.0,64.0,2.319,1.782,2.973,2.854,2.38,2.264
147,147,147,JJJ18,JPN,日本語,"何を重んじるのか。時間か健康かという選択が、ファースト・フードか家庭料理かという選択に関わってくる。
生活するために食事は必須である。そして、その時間を短縮することが望まれる場面は、現代社会に多い。しかし、時間短縮に特化したファースト・フードというと、まず米国系フードチェーンをはじめとする高カロリー食品と、それらの継続的摂取による肥満や健康障害が想起されるであろう。もちろん、実際には丼ものや麺類、カレーライスなど様々な種類がある。そして、これらに共通しているのは、いつでもどこでも（どの店舗でも）等しい味つけの食事が手早く可能であるということである。これは、誰もが「おいしい」と感じることを目的とし、濃い味つけや化学合成された調味料が使用されているということでもある。
対して家庭では、栄養や味つけなど健康を考慮した調理が可能である。個々の体調や体質に応じて、季節の食材を使用することができる。但し、材料を取得するところから始まり、調理には手間と時間がかかる。レトルト食品や冷凍食品、カット済みの食材などを用いることで短縮は可能となるが、添加物やアレルギー物質、調味料の過多などに対応することが困難となる。家庭で健康を考慮し、季節感のある食事をとるためには、そのための時間とそれにかける時間がなくてはならない。
優先するべきは時間であるのか、その時間を使うための健康であるのか、どちらに重点を置くかという問題が、ファースト・フードと家庭料理の天秤であると考えられる。","何を重んじるのか。時間か健康かという選択が、ファースト・フードか家庭料理かという選択に関わってくる。
生活するために食事は必須である。そして、その時間を短縮することが望まれる場面は、現代社会に多い。しかし、時間短縮に特化したファースト・フードというと、まず米国系フードチェーンをはじめとする高カロリー食品と、それらの継続的摂取による肥満や健康障害が想起されるであろう。もちろん、実際には丼ものや麺類、カレーライスなど様々な種類がある。そして、これらに共通しているのは、いつでもどこでも（どの店舗でも）等しい味つけの食事が手早く可能であるということである。これは、誰もが「おいしい」と感じることを目的とし、濃い味つけや化学合成された調味料が使用されているということでもある。
対して家庭では、栄養や味つけなど健康を考慮した調理が可能である。個々の体調や体質に応じて、季節の食材を使用することができる。但し、材料を取得するところから始まり、調理には手間と時間がかかる。レトルト食品や冷凍食品、カット済みの食材などを用いることで短縮は可能となるが、添加物やアレルギー物質、調味料の過多などに対応することが困難となる。家庭で健康を考慮し、季節感のある食事をとるためには、そのための時間とそれにかける時間がなくてはならない。
優先するべきは時間であるのか、その時間を使うための健康であるのか、どちらに重点を置く",,native,14.0,332.0,23.714285714285715,0.4246987951807229,23.0,635.0,36.0,37.0,123.0,83.0,2.478,1.965,3.067,2.985,2.463,2.356
148,148,148,JJJ19,JPN,日本語,"「食べる」が多様化している。狩猟・採集から農耕そして加工食品へと人間の食生活は、様々な変化を遂げてきた。衣食住は人間らしい生活の基本であり、その中でも「食」のスタイルは、細胞すべてに影響を及ぼす人間の生物的な側面を支えるものである。20世紀を象徴するものとして「ファストフード」産業の誕生が挙げられるだろう。ここで挙げる「ファストフード」とは、いわゆるハンバーガーに代表される大型工場で大量生産され、対面式に販売され（セルフサービス）、安価でなおかつ世界中で同じ味を享受できる食べ物を指したい。
ファストフードは若者や子育て世帯の味方だ。ファストフード店は、若者にはとにかくお金がかからずに友人たちと長時間居座れる場所を提供してくれる。子育て世帯には、子どもをターゲットにした魅力的なおまけや、少しぐらい騒いでも気兼ねしなくてよい雰囲気、そして自宅で調理する分の時間や労力のコストカットを提供してくれる。何より計算され尽くした「味」に、若者も子育て中の親世代も懐かしさを覚え、子どもはすっかり虜となる。しかしこれらは油脂が過剰だ。それが病気の根源、肥満を引き起こす。
一方、家庭料理は相対的に地位が低下したと言わざるを得ない。家庭での食事は、献立を考えることに始まり、買い物、調理、後片付けまでその工程は外食と比べて担当者の負担が大きい。担当者が会社員などの労働者であった場合、一層その負担は増していく。当然のことながら、調理時間が短くて済むような加工食品が増え、ファストフードを買わずとも、食卓の「ファストフード」化が進んでいるとも言えよう。当然健康を考えたら、自身で大部分をコントロールできる家庭料理に勝るものはない。
食べることが基本的な行為であるからこそ、単純な善悪二元論では片付かない。毎日の行為だからこそ、その集積結果としての健康を第一に考え、賢明な判断が日に最低３回、今の私たちには求められていることになる。もちろん、私は極力食材を自力で選択し、調理をコントロールしたいと願う。","「食べる」が多様化している。狩猟・採集から農耕そして加工食品へと人間の食生活は、様々な変化を遂げてきた。衣食住は人間らしい生活の基本であり、その中でも「食」のスタイルは、細胞すべてに影響を及ぼす人間の生物的な側面を支えるものである。20世紀を象徴するものとして「ファストフード」産業の誕生が挙げられるだろう。ここで挙げる「ファストフード」とは、いわゆるハンバーガーに代表される大型工場で大量生産され、対面式に販売され（セルフサービス）、安価でなおかつ世界中で同じ味を享受できる食べ物を指したい。
ファストフードは若者や子育て世帯の味方だ。ファストフード店は、若者にはとにかくお金がかからずに友人たちと長時間居座れる場所を提供してくれる。子育て世帯には、子どもをターゲットにした魅力的なおまけや、少しぐらい騒いでも気兼ねしなくてよい雰囲気、そして自宅で調理する分の時間や労力のコストカットを提供してくれる。何より計算され尽くした「味」に、若者も子育て中の親世代も懐かしさを覚え、子どもはすっかり虜となる。しかしこれらは油脂が過剰だ。それが病気の根源、肥満を引き起こす。
一方、家庭料理は相対的に地位が低下したと言わざるを得ない。家庭での食事は、献立を考えることに始まり、買い物、調理、後片付けまでその工程は外食と比べて担当者の負担が大きい。担当者が会社員などの労働者であった場合、一層その負担は増してい",,native,19.0,427.0,22.473684210526315,0.4918032786885246,36.0,846.0,42.0,76.0,169.0,108.0,2.19,1.857,2.962,2.92,2.4,2.313
149,149,149,JJJ20,JPN,日本語,"あらゆる行動は自己責任だと言われる社会だが、食の選択も私たちの責任による。街に出れば迷ってしまうほどの飲食店が立ち並び、料理サイトやレシピ本のおかげで私たちは色々な料理を作ることができる。選ぶ自由があるからこそ、その結果を引き受けるのもまた、自分自身なのだ。
ファーストフードは何よりも生活時間の短縮ができる。それに、あのハンバーガーの味を自分で再現するのはおそらく不可能だ。しかし、1か月ハンバーガーを食べ続けたあの男を思い出してみると、あれを食べて良いことがあるとは思えない。それに、ファストフードは意外と高くつく。生活習慣病の一因とも言われる食べ物にワンコイン（以上）かけるというのは、割に合わないような気もする。
それでは、家庭料理は健康的にも経済的にも安心なので、私たちは家庭料理を選択するべきだろうか。忙しい現代人にとってはそれも考えものだ。家庭料理は、何より時間と手間がかかる。具材を買い、調理の段取りを考え、限られた食材で飽きないようにクックパッドでレシピを検索する。食後には皿洗いという大変な仕事も待っている。もちろんコンロ周りの掃除も。家庭料理とは、面倒くさい行動なのである。
私たちがものを食べるとき、あらゆる行動と同様に、何を選んでも何かを失う、ファーストフードは健康とお金を、家庭料理は時間と手軽さを私たちから奪う。しかし、自己責任の社会においては、選択による結果は「自分のせい」なのである。","あらゆる行動は自己責任だと言われる社会だが、食の選択も私たちの責任による。街に出れば迷ってしまうほどの飲食店が立ち並び、料理サイトやレシピ本のおかげで私たちは色々な料理を作ることができる。選ぶ自由があるからこそ、その結果を引き受けるのもまた、自分自身なのだ。
ファーストフードは何よりも生活時間の短縮ができる。それに、あのハンバーガーの味を自分で再現するのはおそらく不可能だ。しかし、1か月ハンバーガーを食べ続けたあの男を思い出してみると、あれを食べて良いことがあるとは思えない。それに、ファストフードは意外と高くつく。生活習慣病の一因とも言われる食べ物にワンコイン（以上）かけるというのは、割に合わないような気もする。
それでは、家庭料理は健康的にも経済的にも安心なので、私たちは家庭料理を選択するべきだろうか。忙しい現代人にとってはそれも考えものだ。家庭料理は、何より時間と手間がかかる。具材を買い、調理の段取りを考え、限られた食材で飽きないようにクックパッドでレシピを検索する。食後には皿洗いという大変な仕事も待っている。もちろんコンロ周りの掃除も。家庭料理とは、面倒くさい行動なのである。
私たちがものを食べるとき、あらゆる行動と同様に、何を選んでも何かを失う、ファーストフードは健康とお金を、家庭料理は時間と手軽さを私たちから奪う。しかし、自己責任の社会においては、選択による結果は「自分の",,native,17.0,317.0,18.647058823529413,0.4700315457413249,30.0,609.0,30.0,33.0,130.0,64.0,2.406,2.016,3.194,3.082,2.632,2.495
150,150,150,JJJ21,JPN,日本語,"現代の日本人たちの多くは、日頃から様々な飲食店を利用する。街中には数えきれないほどの飲食店が立ち並び、庶民的な定食屋から高級中華料理屋まで、ありとあらゆる料理が様々なかたちで提供されている。このように、日本では時代とともにどんどん新しい飲食店が出現してきているが、その中でも特に若年層に多く利用され、勢いを衰えさせることなく発展を続けている飲食店がある。それはファストフード店である。
外食先としての利用にとどまらず、今や食卓にものぼるファストフード。マクロミルによる2014年11月の調査では、なんと31.3%にものぼる主婦たちがファストフードを食卓にも出していた。人々はなぜ、ファストフードを選ぶのか。
ファストフードの最大の利点として挙げられるのは、その「手軽さ」だろう。ファストフード店は街の至る所に存在するし、よほど活気のない街でもない限りはすぐに買いに行ける。注文すればすぐに出来上がり、テイクアウトもできる。献立を考え、食材を買い、調理する・・・そんな主婦たちの手間が一気に省けるのだ。働きながら育児をし、家庭も守る、そんな女性像が一般に浸透してきた現代では、時間に追われながら休む間もなく生活している主婦も珍しくない。若年層をターゲットにした安上がりな飲食店としてだけではなく、忙しい主婦たちの手間を省く画期的な飲食店としても、ファストフード店は機能しているのだ。
上に述べたように、ファストフードは便利なもので、現代の人々の生活にマッチしている。しかし、その利便性とは裏腹に、高カロリーで非健康的なメニューも数多くあり、家庭料理と比べると、その栄養の偏りはあまりにも大きい。利便性をとるのか、あるいは自分や家族の健康をとるのか。人々はファストフードの利点と家庭料理の利点をよく考え、慎重な選択をしていくべきだろう。","現代の日本人たちの多くは、日頃から様々な飲食店を利用する。街中には数えきれないほどの飲食店が立ち並び、庶民的な定食屋から高級中華料理屋まで、ありとあらゆる料理が様々なかたちで提供されている。このように、日本では時代とともにどんどん新しい飲食店が出現してきているが、その中でも特に若年層に多く利用され、勢いを衰えさせることなく発展を続けている飲食店がある。それはファストフード店である。
外食先としての利用にとどまらず、今や食卓にものぼるファストフード。マクロミルによる2014年11月の調査では、なんと31.3%にものぼる主婦たちがファストフードを食卓にも出していた。人々はなぜ、ファストフードを選ぶのか。
ファストフードの最大の利点として挙げられるのは、その「手軽さ」だろう。ファストフード店は街の至る所に存在するし、よほど活気のない街でもない限りはすぐに買いに行ける。注文すればすぐに出来上がり、テイクアウトもできる。献立を考え、食材を買い、調理する・・・そんな主婦たちの手間が一気に省けるのだ。働きながら育児をし、家庭も守る、そんな女性像が一般に浸透してきた現代では、時間に追われながら休む間もなく生活している主婦も珍しくない。若年層をターゲットにした安上がりな飲食店としてだけではなく、忙しい主婦たちの手間を省く画期的な飲食店としても、ファストフード店は機能しているのだ。
上に述べたように、",,native,18.0,394.0,21.88888888888889,0.4416243654822335,33.0,766.0,41.0,51.0,157.0,70.0,2.151,1.712,2.79,2.671,2.309,2.158
151,151,151,JJJ23,JPN,日本語,"私たちの食生活というタイトルでエッセイを書くというと、さらには、ファースト・フードと家庭料理の比較という内容でエッセイを書くというと、そして極め付けにそれぞれの良い点と悪い点を説明しながら意見を述べるというと、自分の食生活をあらためて振り返り、非常に困った。
消費者としての食生活、人としての食生活、という二つの視点で考えてみることにする。
まず、便利な場所にファースト・フード店があるのがいけない。それから、安いのがいけない。どうしても手が出る。空腹を満たすことができるから。
これは、非常に良い点であり、悪い点でもある。
次に、家庭料理について、欲が出るといけない。水道代が上がり、ガス代が上がり、野菜の値段は高騰し、これはちょっと、おいしいものを作って食べたければそれなりに金がかかる。
炊きたての玄米は美味しいが、仕込みから炊きあがるまでに時間がかかる。忍耐力のいる作業である。達成感があるけれど、惰性になっている場合もある。あまりこだわるのは、人としては精神的に不健康かも知れない。
ふむ。
健康管理は、確かに大事である。腹が減っては戦ができぬのである。
このようなエッセイを書くために自分が頭を悩ませているのが、すでに不健康だと感じる次第である。
好きなものを好きな時に食べ、良い点も悪い点もひっくるめて、確かに存在しているのだからファースト・フードを否定したり農薬に眉をひそめるのはやめて、食へのこだわりは捨てるべきだ。
食生活は、人の営みの礎となるものなのであって、たとえばドクターストップでも宗教上の理由もないのに、食べたい物を食べないのは不自然だと思うからだ。
健康な時は好きなものを好きなだけ食べて、元気に身体を動かすのがいい。","私たちの食生活というタイトルでエッセイを書くというと、さらには、ファースト・フードと家庭料理の比較という内容でエッセイを書くというと、そして極め付けにそれぞれの良い点と悪い点を説明しながら意見を述べるというと、自分の食生活をあらためて振り返り、非常に困った。
消費者としての食生活、人としての食生活、という二つの視点で考えてみることにする。
まず、便利な場所にファースト・フード店があるのがいけない。それから、安いのがいけない。どうしても手が出る。空腹を満たすことができるから。
これは、非常に良い点であり、悪い点でもある。
次に、家庭料理について、欲が出るといけない。水道代が上がり、ガス代が上がり、野菜の値段は高騰し、これはちょっと、おいしいものを作って食べたければそれなりに金がかかる。
炊きたての玄米は美味しいが、仕込みから炊きあがるまでに時間がかかる。忍耐力のいる作業である。達成感があるけれど、惰性になっている場合もある。あまりこだわるのは、人としては精神的に不健康かも知れない。
ふむ。
健康管理は、確かに大事である。腹が減っては戦ができぬのである。
このようなエッセイを書くために自分が頭を悩ませているのが、すでに不健康だと感じる次第である。
好きなものを好きな時に食べ、良い点も悪い点もひっくるめて、確かに存在しているのだからファースト・フードを否定したり農薬に眉をひそめるのはやめ",,native,20.0,371.0,18.55,0.4393530997304582,35.0,725.0,38.0,32.0,156.0,60.0,2.469,2.098,3.223,3.141,2.608,2.453
152,152,152,JJJ24,JPN,日本語,"まず私はファーストフードに賛成派であることを述べておきたい。
ファーストフード（fast food）とは、その言葉の通り、注文してから短時間で提供される食品や料理のことである。
代表的なのは、マクドナルドのようなハンバーガーであろう。
マクドナルドの画期的な点は、その価格の安さと、画一的な品質にあると考えられる。
これは、店舗のサービスをマニュアル化することで実現される。
その仕事のマニュアル化は「マックジョブ」という言葉を生み出し、批判される程になった。
ここから導かれるのは、外食産業における一番のコストとは、人件費等のサービス料ということだ。
高級料理店になるほどこのサービスに使われる料金が高くなり、相対的に原価率は下がる。
サービス料金を極限まで圧縮したのがファーストフードであり、より良いサービスを提供することで、料理以上に高級な時間を提供するのが高級料理店であると考えられる。
そう考えれば、私のようにサービスの質が悪くても美味しければ良いという、コストパフォーマンス重視の人間にとって、ファーストフードは立派な選択肢になるのだ。
次にファーストフード＝ジャンクフードという考え方も極端過ぎる気がしている。
例えば東南アジア各国には、多数の屋台が立ち並び、手軽に食べることができるが、
これは家庭内で作っているものを、そのまま低価格で外に提供する店も多い。つまり、日本と比較して家庭料理とファーストフードの垣根が低いのだ。
さらには、低価格な外食産業の発達による経済的な効果も見逃せない。
シンガポールなどは外食比率が高く、週の半分以上を外食ですませる家庭が60%弱あるとされ、その背景には、共働きの家庭が75％を超え、社会で女性の活躍している点がある。
低価格ファーストフードの普及が、女性が働く社会を支える要因の一つであることは疑いようがない。
以上のような理由から、私は「家庭的な」ファーストフードを推進している。","まず私はファーストフードに賛成派であることを述べておきたい。
ファーストフード（fast food）とは、その言葉の通り、注文してから短時間で提供される食品や料理のことである。
代表的なのは、マクドナルドのようなハンバーガーであろう。
マクドナルドの画期的な点は、その価格の安さと、画一的な品質にあると考えられる。
これは、店舗のサービスをマニュアル化することで実現される。
その仕事のマニュアル化は「マックジョブ」という言葉を生み出し、批判される程になった。
ここから導かれるのは、外食産業における一番のコストとは、人件費等のサービス料ということだ。
高級料理店になるほどこのサービスに使われる料金が高くなり、相対的に原価率は下がる。
サービス料金を極限まで圧縮したのがファーストフードであり、より良いサービスを提供することで、料理以上に高級な時間を提供するのが高級料理店であると考えられる。
そう考えれば、私のようにサービスの質が悪くても美味しければ良いという、コストパフォーマンス重視の人間にとって、ファーストフードは立派な選択肢になるのだ。
次にファーストフード＝ジャンクフードという考え方も極端過ぎる気がしている。
例えば東南アジア各国には、多数の屋台が立ち並び、手軽に食べることができるが、
これは家庭内で作っているものを、そのまま低価格で外に提供する店も多い。つまり、日本と比較して家庭",,native,17.0,403.0,23.705882352941178,0.4094292803970223,23.0,819.0,53.0,37.0,147.0,86.0,2.328,1.894,2.99,2.908,2.516,2.432
153,153,153,JJJ25,JPN,日本語,"今日本には、多種多様なファストフードが存在している。1970年代になって進出し始めたアメリカ系ハンバーガーチェーンは勿論、日本発のハンバーガーチェーンや牛丼、カレー、江戸時代から続く立ち食いそば。
そのどれも、レストランに比べれば比較的安く、そして圧倒的に速く食事が提供される事から、食事に時間を割けない労働者や学生には心強い味方だ。そして、核家族化と共働きが広がる現代社会においては、「家族」もファストフードの利用者の一部となっている。週末のファストフード店を覗いてみれば、それは顕著に分かるだろう。子どもを連れてファストフードを食べる家族が見つかるはずだ。
ファストフードを家族で利用することは、決して悪いことではない。忙しさが増す生活の中、家庭で料理を作り片付けをするよりは時間が浮くのは間違いない。濃い目の味付けと豊富なメニューが多いファストフードは、子どもにもきっと喜ばれるだろう。ただ、家族の日々の食事がファストフードばかりになってしまうと、少し寂しい。
子どもの頃に食べた日々の料理は、案外大人になってからも忘れないものだ。それぞれの家庭毎に独特の味付けがあり、子供は普段の食事を通して「家庭の味」を覚えていく。そうした食生活によって脈々と受け継がれてきたものが家庭料理であり、国や地域の食文化ではないだろうか。忙しい日々の中にあっても、たまにはゆっくり、家庭の味を仕込んで見て欲しい。","今日本には、多種多様なファストフードが存在している。1970年代になって進出し始めたアメリカ系ハンバーガーチェーンは勿論、日本発のハンバーガーチェーンや牛丼、カレー、江戸時代から続く立ち食いそば。
そのどれも、レストランに比べれば比較的安く、そして圧倒的に速く食事が提供される事から、食事に時間を割けない労働者や学生には心強い味方だ。そして、核家族化と共働きが広がる現代社会においては、「家族」もファストフードの利用者の一部となっている。週末のファストフード店を覗いてみれば、それは顕著に分かるだろう。子どもを連れてファストフードを食べる家族が見つかるはずだ。
ファストフードを家族で利用することは、決して悪いことではない。忙しさが増す生活の中、家庭で料理を作り片付けをするよりは時間が浮くのは間違いない。濃い目の味付けと豊富なメニューが多いファストフードは、子どもにもきっと喜ばれるだろう。ただ、家族の日々の食事がファストフードばかりになってしまうと、少し寂しい。
子どもの頃に食べた日々の料理は、案外大人になってからも忘れないものだ。それぞれの家庭毎に独特の味付けがあり、子供は普段の食事を通して「家庭の味」を覚えていく。そうした食生活によって脈々と受け継がれてきたものが家庭料理であり、国や地域の食文化ではないだろうか。忙しい日々の中にあっても、たまにはゆっくり、家庭の味を仕込んで見て欲しい。",,native,14.0,297.0,21.214285714285715,0.4915824915824915,28.0,600.0,29.0,37.0,121.0,57.0,2.231,1.795,2.743,2.674,2.425,2.294
154,154,154,JJJ26,JPN,日本語,"ファースト・フードとは一体何を指して言うのだろう。イメージとしては雑な食材を使って大雑把な料理の事だろうか。
一方で家庭料理という言葉がある。文字通り家庭で作る料理。子供の頃から慣れ親しんだ味だ。
しかし実際、家庭の事情は複雑である。料理を作らない両親に育てられた子供は、世間で言うファースト・フードが家庭の味って事もあり得る。
ファースト・フード店も商魂逞しく、子供のうちにその店のメニューを馴染ませ大人になれば、その人にとっては家庭の味となる。そして、家庭の味というのは基本的には毎日食べたいものだ。
しかし最近、日本の一般家庭では普通に食べていたいわゆる和食を家庭料理として売っている飲食店が現れた。
お店にいる赤の他人が作る家庭料理を楽しんで食べにくる。子供のころ、友達の家で御馳走になったその家庭での料理。美味しかったが、なぜか馴染めなかった。だから、私は他人の家の家庭料理を有難がる気持ちはよくわからない。
この現象に善悪はないのだろうが、なんとも奇妙な世の中になったものだと思ってしまう。
私は責めて、自分の気に行った料理を自宅でゆっくりと味わいたいと思う。例えそれが、ファースト・フードであったとしても。","ファースト・フードとは一体何を指して言うのだろう。イメージとしては雑な食材を使って大雑把な料理の事だろうか。
一方で家庭料理という言葉がある。文字通り家庭で作る料理。子供の頃から慣れ親しんだ味だ。
しかし実際、家庭の事情は複雑である。料理を作らない両親に育てられた子供は、世間で言うファースト・フードが家庭の味って事もあり得る。
ファースト・フード店も商魂逞しく、子供のうちにその店のメニューを馴染ませ大人になれば、その人にとっては家庭の味となる。そして、家庭の味というのは基本的には毎日食べたいものだ。
しかし最近、日本の一般家庭では普通に食べていたいわゆる和食を家庭料理として売っている飲食店が現れた。
お店にいる赤の他人が作る家庭料理を楽しんで食べにくる。子供のころ、友達の家で御馳走になったその家庭での料理。美味しかったが、なぜか馴染めなかった。だから、私は他人の家の家庭料理を有難がる気持ちはよくわからない。
この現象に善悪はないのだろうが、なんとも奇妙な世の中になったものだと思ってしまう。
私は責めて、自分の気に行った料理を自宅でゆっくりと味わいたいと思う。例えそれが、ファースト・フードであったとしても。",,native,17.0,269.0,15.823529411764708,0.4275092936802974,27.0,510.0,24.0,23.0,103.0,55.0,2.749,2.301,3.002,3.009,2.98,2.811
155,155,155,JJJ27,JPN,日本語,"私は家庭料理が好きだ。ゆっくり時間をかけ、家族で食卓を囲みコミュニケーションをとりながら、食事を楽しむことができる。さらに、栄養バランスにも優れている。しかし、現代の日本社会にとってファースト・フードはなくてはならないものだと考える。
社会に出て職に就くと、休憩時間を削って仕事をする社会人が多く、食事をゆっくりとる時間は乏しい。ファースト・フードは、そのような時間に追われる中でも短時間で食べることができる。ハンバーガー、牛丼などたくさんの種類から選ぶこともできる。さらに、家庭で料理を作るより、注文してから提供されるまでの時間が断然早い。時間が無い中で、効率よく食事を摂るのに適している。また、栄養が偏っているため嫌う人も少なくないが、ちょっとした工夫で改善することができると考える。サラダを追加して摂取したり、サプリメントや栄養補助のドリンク等を利用することだ。
時間に追われ仕事をする現代の日本人にとって、時間をかけて食事を摂ることは困難である。夫婦共働きであったり、単独世帯が増加したりと、社会の変化に沿ったファースト・フードといった食事の需要が高まっていると考える。","私は家庭料理が好きだ。ゆっくり時間をかけ、家族で食卓を囲みコミュニケーションをとりながら、食事を楽しむことができる。さらに、栄養バランスにも優れている。しかし、現代の日本社会にとってファースト・フードはなくてはならないものだと考える。
社会に出て職に就くと、休憩時間を削って仕事をする社会人が多く、食事をゆっくりとる時間は乏しい。ファースト・フードは、そのような時間に追われる中でも短時間で食べることができる。ハンバーガー、牛丼などたくさんの種類から選ぶこともできる。さらに、家庭で料理を作るより、注文してから提供されるまでの時間が断然早い。時間が無い中で、効率よく食事を摂るのに適している。また、栄養が偏っているため嫌う人も少なくないが、ちょっとした工夫で改善することができると考える。サラダを追加して摂取したり、サプリメントや栄養補助のドリンク等を利用することだ。
時間に追われ仕事をする現代の日本人にとって、時間をかけて食事を摂ることは困難である。夫婦共働きであったり、単独世帯が増加したりと、社会の変化に沿ったファースト・フードといった食事の需要が高まっていると考える。",,native,13.0,241.0,18.53846153846154,0.4647302904564315,24.0,489.0,16.0,27.0,98.0,52.0,2.248,1.747,2.86,2.731,2.429,2.315
156,156,156,JJJ28,JPN,日本語,"私は現在大学へ通っているが、ここ数年で大きく食生活が変わった。それに伴い、家庭料理とファーストフードについての考え方は、数年前から変わりつつある。一般的に、高校生までにとってのファーストフードと大学生以上にとってのファストフードの価値は、大きく異なるように感じる。
大抵の人が、実家で親族から料理を作ってもらえる高校生あたりまでは、ファーストフードを食べることは、ある一定のイベントが起きた場合に限られる。もちろん両親が仕事帰りに持ち帰ることもあるだろうが、基本的には友達と遊ぶためであったり、勉強をしにいったり、何かしらの食以外の理由があって行くことが多いだろう。なぜなら、基本的にお腹が空いても、家庭で料理が待っているためである。一方大学生以上なり、一人暮らしや実家に頼らない生活をし始めると、家で料理を作るには支度をしなくてはならなくなり、ファーストフードが本当の意味でファーストフードになる。
栄養バランスの良さや材料費の安さなどの点で考えると家庭料理の方が良く、さらには一家団欒のコミュニケーションの場であることを考えると、家庭料理で食事を済ますほうが圧倒的にリターンが大きい。よって、時間的に余裕のない場合にのみファーストフードに頼るのが一般的には良策である。しかし手間を考えずに瞬時に食べることができて、かつ、濃い味が病み付きになってしまうファーストフードに依存してしまうのは、大学生の宿命である。","私は現在大学へ通っているが、ここ数年で大きく食生活が変わった。それに伴い、家庭料理とファーストフードについての考え方は、数年前から変わりつつある。一般的に、高校生までにとってのファーストフードと大学生以上にとってのファストフードの価値は、大きく異なるように感じる。
大抵の人が、実家で親族から料理を作ってもらえる高校生あたりまでは、ファーストフードを食べることは、ある一定のイベントが起きた場合に限られる。もちろん両親が仕事帰りに持ち帰ることもあるだろうが、基本的には友達と遊ぶためであったり、勉強をしにいったり、何かしらの食以外の理由があって行くことが多いだろう。なぜなら、基本的にお腹が空いても、家庭で料理が待っているためである。一方大学生以上なり、一人暮らしや実家に頼らない生活をし始めると、家で料理を作るには支度をしなくてはならなくなり、ファーストフードが本当の意味でファーストフードになる。
栄養バランスの良さや材料費の安さなどの点で考えると家庭料理の方が良く、さらには一家団欒のコミュニケーションの場であることを考えると、家庭料理で食事を済ますほうが圧倒的にリターンが大きい。よって、時間的に余裕のない場合にのみファーストフードに頼るのが一般的には良策である。しかし手間を考えずに瞬時に食べることができて、かつ、濃い味が病み付きになってしまうファーストフードに依存してしまうのは、大学生の",,native,10.0,309.0,30.9,0.4401294498381877,27.0,606.0,24.0,29.0,126.0,61.0,2.405,1.958,3.052,3.004,2.422,2.292
157,157,157,JJJ29,JPN,日本語,"人は食べなければ生きていけない。私は食生活は自身の健康を左右すると考えている。
私たちはファーストフードと家庭料理を食べている。ファーストフードはハンバーガーやドーナツ、牛丼屋が思い浮かぶ。注文したらすぐ出てきて、手軽に食べられるのは利点だが、どこか冷たく寂しい感じがする。仕事中や外出時に小腹を満たすためだけのイメージがある。どこの誰が作ったかもわからず、誰が食べてくれるかもわからない。また、自分で健康管理をしなければならず、食べる物に偏りが出てくる。近年ではファーストフード業界も力を入れており、味も美味しく海外からの進出もあり人気が高く利用者も多い。私自身も無性に食べたくなることがある。
それに対して家庭料理は作るのに時間を要するのが、どこか温かい感じがする。私は家庭料理というと祖母の味を思い出す。炊き立てのご飯に焼き魚、ほくほくの煮物をイメージする。味付けも家庭や地域によって違うだろう。決して同じ味はないだろう。家族団らんで食卓を囲み、たわいもない話をしながら食べる。作る人は食べる人の顔を思い浮かべながら健康を考えて調理をする。
どちらにも言えることは、作ってくれる人がいるから食べることが出来るということである。美味しいものを食べられることに感謝しなければならない。
私は美味しいものを食べることに幸福を感じる。食生活は身体と心の健康を維持するためにとても重要なことだと思う。
「いただきます。ごちそうさまでした。」なんと素敵な言葉だろう。","人は食べなければ生きていけない。私は食生活は自身の健康を左右すると考えている。
私たちはファーストフードと家庭料理を食べている。ファーストフードはハンバーガーやドーナツ、牛丼屋が思い浮かぶ。注文したらすぐ出てきて、手軽に食べられるのは利点だが、どこか冷たく寂しい感じがする。仕事中や外出時に小腹を満たすためだけのイメージがある。どこの誰が作ったかもわからず、誰が食べてくれるかもわからない。また、自分で健康管理をしなければならず、食べる物に偏りが出てくる。近年ではファーストフード業界も力を入れており、味も美味しく海外からの進出もあり人気が高く利用者も多い。私自身も無性に食べたくなることがある。
それに対して家庭料理は作るのに時間を要するのが、どこか温かい感じがする。私は家庭料理というと祖母の味を思い出す。炊き立てのご飯に焼き魚、ほくほくの煮物をイメージする。味付けも家庭や地域によって違うだろう。決して同じ味はないだろう。家族団らんで食卓を囲み、たわいもない話をしながら食べる。作る人は食べる人の顔を思い浮かべながら健康を考えて調理をする。
どちらにも言えることは、作ってくれる人がいるから食べることが出来るということである。美味しいものを食べられることに感謝しなければならない。
私は美味しいものを食べることに幸福を感じる。食生活は身体と心の健康を維持するためにとても重要なことだと思う。
「",,native,24.0,328.0,13.666666666666666,0.4268292682926829,30.0,630.0,32.0,26.0,150.0,47.0,2.254,1.846,2.69,2.627,2.498,2.372
158,158,158,JJJ30,JPN,日本語,"仕事のプレッシャーから解放されたいとき、逆に集中したいときに、私は台所へ立つ時間を積極的に作るようにしている。
丁寧に食材を選び、丁寧に下ごしらえをし、じっくりと調理していく。
丹精込めて作った料理を味わうのはとても贅沢で心落ち着く時間だ。
そのような料理を味わうときは、ひとり暮らしであっても、温かい気持ちになる。
それは母が家庭で作ってくれた料理と、それを取り巻く時間とリンクするからだと思っている。
仕事から解放されて、家族の温かさを感じたいときに、料理を作るのだ。
今思い返してみると、母はずっと仕事をしながら子育てをしていたので、家庭料理といっても、時間をかけて作るようなものではなかったように思う。おなかを空かせた私たち兄弟がすぐに食事にありつけるように、それはさささっと、あっという間に作られるものだった。
ファーストフードを口にしたのは、大人になってからだった。
街中、国を変えてでも見つけられるので、海外に行った時にはその看板をみてほっとしたものだ。言葉は悪いが、こんな国にもファーストフードが根付いているのかと驚いたこともある。
世界旅行をしている際に、ファーストフードと味の素の進出で、世界の家庭料理が変わったと聞いたことがある。
家庭で料理する機会が少なくなったと。
私にとって家庭料理とは、お腹を満たすだけではなく、人をつなぎ、心を満たすものだと思っている。
現にひとりで食べたとしても、家族を思い返せしたいがために私は料理を作る。
そして、再び仕事に向かうエネルギーを得る。
母の家庭料理を通して知らず知らずに蓄えられたものは、その後何年経っても、
それを食べた人を支えるほどのパワーに満ちている。","仕事のプレッシャーから解放されたいとき、逆に集中したいときに、私は台所へ立つ時間を積極的に作るようにしている。
丁寧に食材を選び、丁寧に下ごしらえをし、じっくりと調理していく。
丹精込めて作った料理を味わうのはとても贅沢で心落ち着く時間だ。
そのような料理を味わうときは、ひとり暮らしであっても、温かい気持ちになる。
それは母が家庭で作ってくれた料理と、それを取り巻く時間とリンクするからだと思っている。
仕事から解放されて、家族の温かさを感じたいときに、料理を作るのだ。
今思い返してみると、母はずっと仕事をしながら子育てをしていたので、家庭料理といっても、時間をかけて作るようなものではなかったように思う。おなかを空かせた私たち兄弟がすぐに食事にありつけるように、それはさささっと、あっという間に作られるものだった。
ファーストフードを口にしたのは、大人になってからだった。
街中、国を変えてでも見つけられるので、海外に行った時にはその看板をみてほっとしたものだ。言葉は悪いが、こんな国にもファーストフードが根付いているのかと驚いたこともある。
世界旅行をしている際に、ファーストフードと味の素の進出で、世界の家庭料理が変わったと聞いたことがある。
家庭で料理する機会が少なくなったと。
私にとって家庭料理とは、お腹を満たすだけではなく、人をつなぎ、心を満たすものだと思っている。
現にひとりで食",,native,17.0,388.0,22.823529411764707,0.3711340206185567,43.0,713.0,18.0,25.0,164.0,44.0,2.466,2.063,3.044,2.95,2.635,2.55
159,159,159,JJJ31,JPN,日本語,"ファーストフードと家庭料理は、同じ食べ物であっても全く性質の異なるものであると考えます。今の日本では値段やお店に関わらず、おいしい食べ物を口にすることができますが、食べ物は味、だけではないですよね。
家庭料理はその家の味の伝承や作り手の愛情を感じ、人間形成としても重大な意味があります。誰でも家庭料理で子供時代の楽しい思い出や懐かしい味等、１つや２つ思い入れがあるのではないでしょうか。わたしは父がつくってくれたビーフンや母お手製のグラタンなど、あれから30年以上が過ぎても味を思い出し、またその頃の団欒を思い出します。
もちろん体のために、栄養やバランスを考えてくれたことでしょう。
ファーストフードは家庭料理と比べ、上記のようなものではありません。
しかし小学生時代のわたしにとって、ハンバーガーやドーナッツはすばらしく美味しく、また魅力的なものでした。嫌いな野菜もないし、やわらかい。味が濃くてたくさん食べても飽きないし、毎日食べたい。と本気で思ったものです。値段も安いので、友達と気軽に行けるのも魅力です。
月日がたち、味覚も変わった今ではそこまでの食べたい欲望はありませんが、いまも
子供たちが
大勢店にいるのを見かけます。
あまり体の健康のことばかりを考えず、楽しみや友達との交流を深めるためにも
ファーストフードのお店行くことをおすすめします。
もちろん、健康を考えて、たまに、ですけれど。","ファーストフードと家庭料理は、同じ食べ物であっても全く性質の異なるものであると考えます。今の日本では値段やお店に関わらず、おいしい食べ物を口にすることができますが、食べ物は味、だけではないですよね。
家庭料理はその家の味の伝承や作り手の愛情を感じ、人間形成としても重大な意味があります。誰でも家庭料理で子供時代の楽しい思い出や懐かしい味等、１つや２つ思い入れがあるのではないでしょうか。わたしは父がつくってくれたビーフンや母お手製のグラタンなど、あれから30年以上が過ぎても味を思い出し、またその頃の団欒を思い出します。
もちろん体のために、栄養やバランスを考えてくれたことでしょう。
ファーストフードは家庭料理と比べ、上記のようなものではありません。
しかし小学生時代のわたしにとって、ハンバーガーやドーナッツはすばらしく美味しく、また魅力的なものでした。嫌いな野菜もないし、やわらかい。味が濃くてたくさん食べても飽きないし、毎日食べたい。と本気で思ったものです。値段も安いので、友達と気軽に行けるのも魅力です。
月日がたち、味覚も変わった今ではそこまでの食べたい欲望はありませんが、いまも
子供たちが
大勢店にいるのを見かけます。
あまり体の健康のことばかりを考えず、楽しみや友達との交流を深めるためにも
ファーストフードのお店行くことをおすすめします。
もちろん、健康を考えて、たまに、ですけれ",,native,15.0,310.0,20.666666666666668,0.4645161290322581,22.0,602.0,28.0,26.0,131.0,48.0,2.863,2.293,3.372,3.311,2.788,2.67
160,160,160,JJJ32,JPN,日本語,"日頃、ファーストフードにはあまり頼らないように心がけているのですが、やはり時間がないときなどは本当に便利だなあ、と感じてしまいます。
ファーストフードは栄養のバランスやカロリー、材料の品質などが心配になってしまいますが、確かに美味しくて手頃な価格で購入できるのでつい食べてしまいます。
できれば家庭料理を食べて毎日暮らしていければ、健康も生活も安定出来るのだろうけど、現実はそんな感じには出来ないでいます。
仕事が終わって帰宅して、これから美味しい夕食作りなんていう気持ちは全然ならないし、
どちらかというと手間がかからない料理や、半分調理で半分お惣菜を買ってくるなんていう、とにかく時間をどう短縮して作るかを考えてしまいます。
自分自身ではこんな食生活ではいけないと思うことがたびたびあり、ちゃんとした家庭料理を作らなくては、と心の中では思っているのですがあまり実行できないでいる毎日です。
挙句の果てに家庭料理ともいえない料理を作る時間や体力がないときは、やはりファーストフードに頼ってしまいます。
ただし、せめてファーストフードの食事のときは出来るだけ野菜を多く食べるよう心がけています。
なのでファーストフードは私にとってお助けマン的な食事で考えています。
今のところゆっくり味わう家庭料理は模索中の状態です。","日頃、ファーストフードにはあまり頼らないように心がけているのですが、やはり時間がないときなどは本当に便利だなあ、と感じてしまいます。
ファーストフードは栄養のバランスやカロリー、材料の品質などが心配になってしまいますが、確かに美味しくて手頃な価格で購入できるのでつい食べてしまいます。
できれば家庭料理を食べて毎日暮らしていければ、健康も生活も安定出来るのだろうけど、現実はそんな感じには出来ないでいます。
仕事が終わって帰宅して、これから美味しい夕食作りなんていう気持ちは全然ならないし、
どちらかというと手間がかからない料理や、半分調理で半分お惣菜を買ってくるなんていう、とにかく時間をどう短縮して作るかを考えてしまいます。
自分自身ではこんな食生活ではいけないと思うことがたびたびあり、ちゃんとした家庭料理を作らなくては、と心の中では思っているのですがあまり実行できないでいる毎日です。
挙句の果てに家庭料理ともいえない料理を作る時間や体力がないときは、やはりファーストフードに頼ってしまいます。
ただし、せめてファーストフードの食事のときは出来るだけ野菜を多く食べるよう心がけています。
なのでファーストフードは私にとってお助けマン的な食事で考えています。
今のところゆっくり味わう家庭料理は模索中の状態です。",,native,9.0,281.0,31.22222222222222,0.4483985765124555,23.0,559.0,24.0,20.0,117.0,45.0,2.639,2.068,3.201,3.131,2.698,2.565
161,161,161,JJJ33,JPN,日本語,"手軽で安価で便利なファーストフードは現代人にとっては欠かせない存在です。
特に若者やビジネスマンは１日の中で１食は摂取してる方も多いと思います。
でも栄養についてはどうでしょか？確かに腹持ちが良くて食べた気がしますが実際のところ脂肪や添加物が多く決して健康食とは言えません。また、最近話題になっている異物混入もそうですが国産の食物は皆無に等しく作り手が見えないので不安が募ります。
また、味付けについても濃いものやしょっぱいものが多く喉が渇くので水分を取りながら流し込む感じで食べている人が多く見受けられます。はたしてこの調子で食べ続けると絶対に健康を害してしまうのは目に見えています。ゆえに絶対に家庭料理が良いに決まってますがこちらも難点があります。まず、昨今の社会情勢にあらわれている通り、物価が高く手作りしてる手間とコストパフォーマンスを考えると限度があると思います。また核家族化が進み家族全員で食事をとることが難しくなってきている現状もあります。子供は塾で夕飯を取っている、母親も仕事をしている等の現代社会には全て手作りは限界があります。なので、うまい具合にファーストフードも利用してはいかがでしょうか？割高ですが国産の野菜を使用してるお店もあります。選択肢が多い現代人だからこそ量より質を大事にした方が自分の為にも社会の為にも良いのではと思います。","手軽で安価で便利なファーストフードは現代人にとっては欠かせない存在です。
特に若者やビジネスマンは１日の中で１食は摂取してる方も多いと思います。
でも栄養についてはどうでしょか？確かに腹持ちが良くて食べた気がしますが実際のところ脂肪や添加物が多く決して健康食とは言えません。また、最近話題になっている異物混入もそうですが国産の食物は皆無に等しく作り手が見えないので不安が募ります。
また、味付けについても濃いものやしょっぱいものが多く喉が渇くので水分を取りながら流し込む感じで食べている人が多く見受けられます。はたしてこの調子で食べ続けると絶対に健康を害してしまうのは目に見えています。ゆえに絶対に家庭料理が良いに決まってますがこちらも難点があります。まず、昨今の社会情勢にあらわれている通り、物価が高く手作りしてる手間とコストパフォーマンスを考えると限度があると思います。また核家族化が進み家族全員で食事をとることが難しくなってきている現状もあります。子供は塾で夕飯を取っている、母親も仕事をしている等の現代社会には全て手作りは限界があります。なので、うまい具合にファーストフードも利用してはいかがでしょうか？割高ですが国産の野菜を使用してるお店もあります。選択肢が多い現代人だからこそ量より質を大事にした方が自分の為にも社会の為にも良いのではと思います。",,native,14.0,325.0,23.214285714285715,0.4769230769230769,26.0,579.0,33.0,33.0,148.0,60.0,2.626,1.993,3.132,3.081,2.625,2.478
162,162,162,JJJ35,JPN,日本語,"今や無くてはならない存在。「いつでもどこでも」食べれます。
しかし「いつでもどこでも」とは、色がなくなることだと思います。
寒い土地から温暖な土地までが同じ色になるのです。
色んな土地にあった料理。文化、生活。
何年にも渡って築いた歴史がその土地の食事になるものだと思います。
そして一番小さい単位が家庭料理になります。
その土地の歴史（食事）が「いつでもどこでも」になると、色が平坦になり、多様性が消えていくものなります。
（典型的なものにコンビニ・マクドナルド）
ただし、その土地の食事のみでも時間の早い今ではいずれ廃れていきます。
大切なのはバランス。
受け入れ、咀嚼して昔と今をミックスすることだと思います。
その土地の具材を使ったコンビニは逆輸入の可能性もあると思う。
食ではないが、ご当地キティやゆるキャラは良い成功例。
元より日本人はそこに長けている民族だからこそ
（黒船来航から明治維新、敗戦から植民地それからの復興）
ファーストフードと家庭料理のミックスは可能だと思う。","今や無くてはならない存在。「いつでもどこでも」食べれます。
しかし「いつでもどこでも」とは、色がなくなることだと思います。
寒い土地から温暖な土地までが同じ色になるのです。
色んな土地にあった料理。文化、生活。
何年にも渡って築いた歴史がその土地の食事になるものだと思います。
そして一番小さい単位が家庭料理になります。
その土地の歴史（食事）が「いつでもどこでも」になると、色が平坦になり、多様性が消えていくものなります。
（典型的なものにコンビニ・マクドナルド）
ただし、その土地の食事のみでも時間の早い今ではいずれ廃れていきます。
大切なのはバランス。
受け入れ、咀嚼して昔と今をミックスすることだと思います。
その土地の具材を使ったコンビニは逆輸入の可能性もあると思う。
食ではないが、ご当地キティやゆるキャラは良い成功例。
元より日本人はそこに長けている民族だからこそ
（黒船来航から明治維新、敗戦から植民地それからの復興）
ファーストフードと家庭料理のミックスは可能だと思う。",,native,15.0,226.0,15.066666666666666,0.4823008849557522,16.0,444.0,29.0,11.0,91.0,50.0,3.157,2.666,3.889,3.795,3.18,3.084
163,163,163,JJJ36,JPN,日本語,"いまや100円程度で買えるハンバーガーも特別なものだったと記憶している。
最近はコーヒーも100円程度で飲めるため、自分も週に数回は利用している。
そこでファーストフードの良いところはなんだろう。
初々しい女子高生のアルバイトの笑顔だろうか？
何時間居座っても追い出されない懐の深さだろうか？
それとも僕のような貧乏人が数百円で空腹を満たせる、
単価、（原材料！）の安さだろうか？
一番手頃なマクドナルドを例にとっても先週末などは家族連れで一杯だった。
いくら食の安全、健康などが騒がれていても、人間は便利さには勝てない。
かたや家庭料理はどうだろう。
美味しい肉じゃがを作れれば男を落とせると言われるが、
残念ながらそんな女性に会ったことはない。
先日Barで知り合った女性も食べ歩きが趣味だが、
家では全く料理しないと言っていた。
若い人達の間では急須で入れたものでなく、ペットボトルのお茶が
「茶の味」と認識しているらしい。
しかし、時代が変われば味覚も変わるのは当然だと思う。
「ファーストフードに時間をもとめ家庭料理に安らぎをもとめる」
これにつきるのではないだろうか？","いまや100円程度で買えるハンバーガーも特別なものだったと記憶している。
最近はコーヒーも100円程度で飲めるため、自分も週に数回は利用している。
そこでファーストフードの良いところはなんだろう。
初々しい女子高生のアルバイトの笑顔だろうか？
何時間居座っても追い出されない懐の深さだろうか？
それとも僕のような貧乏人が数百円で空腹を満たせる、
単価、（原材料！）の安さだろうか？
一番手頃なマクドナルドを例にとっても先週末などは家族連れで一杯だった。
いくら食の安全、健康などが騒がれていても、人間は便利さには勝てない。
かたや家庭料理はどうだろう。
美味しい肉じゃがを作れれば男を落とせると言われるが、
残念ながらそんな女性に会ったことはない。
先日Barで知り合った女性も食べ歩きが趣味だが、
家では全く料理しないと言っていた。
若い人達の間では急須で入れたものでなく、ペットボトルのお茶が
「茶の味」と認識しているらしい。
しかし、時代が変われば味覚も変わるのは当然だと思う。
「ファーストフードに時間をもとめ家庭料理に安らぎをもとめる」
これにつきるのではないだろうか？",,native,15.0,252.0,16.8,0.5119047619047619,21.0,490.0,21.0,13.0,90.0,50.0,2.69,2.293,3.162,3.062,3.107,2.92
164,164,164,JJJ37,JPN,日本語,"私たちの食生活にはファースト・フードの存在は切っても切れない存在となった。どこでも手軽に、安くて早く様々な種類の食べ物を口にすることが出来る。ファースト・フードの魅力はこうした点に尽きると言っても過言ではないだろう。
一方で昔からそれぞれの家庭で作られる料理もまた私たちの食生活の中で忘れることはできない存在である。個々の家庭ごとに作られる味は、時間や手間をかける事でいかようにも変化し、大量生産されているファースト・フードには真似出来ない（再現できない）独自の魅力である。
物事には必ず長所と短所が存在すると言えるが、これはファースト・フードと家庭料理においても同様である。魅力として述べた上記した「良い点」とは逆に、「悪い点」を考えてみたい。
まずファースト・フードは大量生産品のために味に個性はない。全て同じ味である。しかも安くて早く食事を提供するために、コストカットや食品の栄養の偏りが起きていると考えられる。味覚障害や肥満等といった事例も現れている。
家庭料理には何と言っても手間と時間がかかるのが難点である。忙しい朝に出汁をとってから味噌汁を作るというのは栄養面では最良だが、毎日となると都合がつかない家庭も多いのではないだろうか。
以上のことからファースト・フードは時間と早さ、家庭料理には味と個性が強みであり、それぞれの利点を自らの都合と状況に合わせて組み合わせて利用していければ、健康面においても「最良の食生活」が送れるのではないだろうかと私は思う。","私たちの食生活にはファースト・フードの存在は切っても切れない存在となった。どこでも手軽に、安くて早く様々な種類の食べ物を口にすることが出来る。ファースト・フードの魅力はこうした点に尽きると言っても過言ではないだろう。
一方で昔からそれぞれの家庭で作られる料理もまた私たちの食生活の中で忘れることはできない存在である。個々の家庭ごとに作られる味は、時間や手間をかける事でいかようにも変化し、大量生産されているファースト・フードには真似出来ない（再現できない）独自の魅力である。
物事には必ず長所と短所が存在すると言えるが、これはファースト・フードと家庭料理においても同様である。魅力として述べた上記した「良い点」とは逆に、「悪い点」を考えてみたい。
まずファースト・フードは大量生産品のために味に個性はない。全て同じ味である。しかも安くて早く食事を提供するために、コストカットや食品の栄養の偏りが起きていると考えられる。味覚障害や肥満等といった事例も現れている。
家庭料理には何と言っても手間と時間がかかるのが難点である。忙しい朝に出汁をとってから味噌汁を作るというのは栄養面では最良だが、毎日となると都合がつかない家庭も多いのではないだろうか。
以上のことからファースト・フードは時間と早さ、家庭料理には味と個性が強みであり、それぞれの利点を自らの都合と状況に合わせて組み合わせて利用していければ、健",,native,14.0,349.0,24.928571428571427,0.4011461318051575,28.0,634.0,30.0,49.0,138.0,74.0,2.278,1.894,2.818,2.771,2.397,2.308
165,165,165,JJJ43,JPN,日本語,"ファーストフード、家庭料理という二極の食生活スタイルがあるが、他方で両者の中庸的なスタイルが現在浸透して来ているように感じる。小稿ではファーストフードと家庭料理の特徴を述べつつ、この現在の姿を議論したい。
典型的なファーストフードといえば、早い、速い、手軽、という良い点がある反面、栄養面のバランスが悪いという欠点がある。これに対して家庭料理は、栄養のバランスが良く愛情という調味料も加わる反面、調理に時間がかかる。
現在自分を含め周囲を見てみると、上のような典型的なファーストフードと家庭料理の良いところを組み合せたような食生活をしているように思う。例えば家庭でも、野菜や肉を用意すれば、配合済みの調味料で調理でき、手軽さや迅速さを追求しつつも手作り感のある料理が作れる。またコンビニでも、電子レンジで調理でき、かつ栄養面を考慮した食品が多数売られている。
このような食生活は、需要に応えようとする企業の商品開発に依るところが大きいだろう。生活スタイルが多様化した今日、個々人のスタイルに合った、それでいて時間がかからず栄養面も良い食事に対する消費者の欲求を、企業は敏感にキャッチし、様々な商品合戦をしているように見受けられる。
これはポジティブに捉えるべきだと私は考える。なぜなら食の選択の幅が広がるからである。同時に典型的な家庭料理も実践可能であり、選択肢は広がる一方である。私は現在の多様な食文化を歓迎したいし、これからも更に食の自由を可能にする社会を願いたい。","ファーストフード、家庭料理という二極の食生活スタイルがあるが、他方で両者の中庸的なスタイルが現在浸透して来ているように感じる。小稿ではファーストフードと家庭料理の特徴を述べつつ、この現在の姿を議論したい。
典型的なファーストフードといえば、早い、速い、手軽、という良い点がある反面、栄養面のバランスが悪いという欠点がある。これに対して家庭料理は、栄養のバランスが良く愛情という調味料も加わる反面、調理に時間がかかる。
現在自分を含め周囲を見てみると、上のような典型的なファーストフードと家庭料理の良いところを組み合せたような食生活をしているように思う。例えば家庭でも、野菜や肉を用意すれば、配合済みの調味料で調理でき、手軽さや迅速さを追求しつつも手作り感のある料理が作れる。またコンビニでも、電子レンジで調理でき、かつ栄養面を考慮した食品が多数売られている。
このような食生活は、需要に応えようとする企業の商品開発に依るところが大きいだろう。生活スタイルが多様化した今日、個々人のスタイルに合った、それでいて時間がかからず栄養面も良い食事に対する消費者の欲求を、企業は敏感にキャッチし、様々な商品合戦をしているように見受けられる。
これはポジティブに捉えるべきだと私は考える。なぜなら食の選択の幅が広がるからである。同時に典型的な家庭料理も実践可能であり、選択肢は広がる一方である。私は現在の多様な食",,native,13.0,337.0,25.923076923076923,0.4421364985163205,27.0,635.0,42.0,49.0,123.0,92.0,2.326,1.907,2.85,2.83,2.299,2.252
166,166,166,JJJ44,JPN,日本語,"子供のころ、我が家はめったにファストフードを食べることがありませんでした。ハンバーガーを食べるのはたまに一家で遊びに行くときくらいのもので、たまのご馳走でした。上京した今では、ハンバーガーショップを利用することも増え、逆にたまに実家に帰って食べる母の料理がご馳走に感じられるのですから不思議なものです。身近なもののありがたさは、身近でなくなって初めて気付くもののようです。
ハンバーガーのようなファストフードは脂肪や炭水化物が多く、あまり健康的な食べ物とは言えません。その点家庭料理は栄養のバランスを考えてメニューを選び、作ることができます。
量が同じならば、ファストフードのほうがお金が掛かります。その分、家庭料理は作るのに手間暇が掛かります。しかしそれは、作る人の愛情を感じることができ、料理を作ることで食べる人に愛情を伝えることができるということでもあります。家族で一緒に食事の用意をすることも団欒につながります。
ファストフードは栄養が偏りますが、毎日そればかり食べるのでなければ、神経質になるべきではないと思います。たまに遊びに行くときに食べるくらいならば、手間もかからず、むしろ家族の団欒にもつながるでしょう。
友人を家に招くとなると大事になってしまいますから、友人との気楽な会話にはファストフードがちょうどよいでしょう。
家庭料理とファストフードと、時と場合によってそのときに適したものを選んで食べたいものです。","子供のころ、我が家はめったにファストフードを食べることがありませんでした。ハンバーガーを食べるのはたまに一家で遊びに行くときくらいのもので、たまのご馳走でした。上京した今では、ハンバーガーショップを利用することも増え、逆にたまに実家に帰って食べる母の料理がご馳走に感じられるのですから不思議なものです。身近なもののありがたさは、身近でなくなって初めて気付くもののようです。
ハンバーガーのようなファストフードは脂肪や炭水化物が多く、あまり健康的な食べ物とは言えません。その点家庭料理は栄養のバランスを考えてメニューを選び、作ることができます。
量が同じならば、ファストフードのほうがお金が掛かります。その分、家庭料理は作るのに手間暇が掛かります。しかしそれは、作る人の愛情を感じることができ、料理を作ることで食べる人に愛情を伝えることができるということでもあります。家族で一緒に食事の用意をすることも団欒につながります。
ファストフードは栄養が偏りますが、毎日そればかり食べるのでなければ、神経質になるべきではないと思います。たまに遊びに行くときに食べるくらいならば、手間もかからず、むしろ家族の団欒にもつながるでしょう。
友人を家に招くとなると大事になってしまいますから、友人との気楽な会話にはファストフードがちょうどよいでしょう。
家庭料理とファストフードと、時と場合によってそのときに適したもの",,native,14.0,305.0,21.785714285714285,0.3934426229508196,24.0,613.0,26.0,19.0,119.0,37.0,2.133,1.607,2.913,2.834,2.235,2.113
167,167,167,JJJ46,JPN,日本語,"ファースト・フードと家庭料理、このふたつは別のカテゴリーに分類されるように見えるが、忙しい現代生活を生きる私たちは、少なくとも月に何回か、または年に何回か、人によっては週に何回もファースト・フードに頼っており、私たちの食生活と健康を考える上では「食生活」という大きなカテゴリーの中に共存するものとして捉えることができると思う。
ファースト・フードの捉え方は人によって様々であろう。時間のないときにすぐに食べられる、また、若い世代ほどファースト・フードの味に慣れている、その味が好きである、ということも言えると思う。ただ、一般的にはファースト・フードはカロリーが高く、食品添加物等を考慮すると、健康に良いとは言えないと思う。
家庭料理もまた、それぞれの家庭により千差万別ではあるが、いわゆる「母の味」として日本の家庭で普通に食べられている家庭料理は、栄養面や健康面を考えると本来人間にとって理想的で健康的な「食」であり、長い歴史においても人間の活動の原点を担ってきたと言えるであろう。
現代の忙しい生活においてはいつも家庭料理を、というわけにはいかない状況も多いので、各人が各人の健康を考え、食生活のバランスを保っていくことが何より重要であると思う。私は、できる限りは食品添加物の少ない家庭料理を食べる機会を多く持ち、ファースト・フードはほどほどに、としたいところだ。","ファースト・フードと家庭料理、このふたつは別のカテゴリーに分類されるように見えるが、忙しい現代生活を生きる私たちは、少なくとも月に何回か、または年に何回か、人によっては週に何回もファースト・フードに頼っており、私たちの食生活と健康を考える上では「食生活」という大きなカテゴリーの中に共存するものとして捉えることができると思う。
ファースト・フードの捉え方は人によって様々であろう。時間のないときにすぐに食べられる、また、若い世代ほどファースト・フードの味に慣れている、その味が好きである、ということも言えると思う。ただ、一般的にはファースト・フードはカロリーが高く、食品添加物等を考慮すると、健康に良いとは言えないと思う。
家庭料理もまた、それぞれの家庭により千差万別ではあるが、いわゆる「母の味」として日本の家庭で普通に食べられている家庭料理は、栄養面や健康面を考えると本来人間にとって理想的で健康的な「食」であり、長い歴史においても人間の活動の原点を担ってきたと言えるであろう。
現代の忙しい生活においてはいつも家庭料理を、というわけにはいかない状況も多いので、各人が各人の健康を考え、食生活のバランスを保っていくことが何より重要であると思う。私は、できる限りは食品添加物の少ない家庭料理を食べる機会を多く持ち、ファースト・フードはほどほどに、としたいところだ。",,native,7.0,295.0,42.142857142857146,0.4271186440677966,21.0,583.0,27.0,29.0,119.0,66.0,2.286,1.842,2.58,2.556,2.286,2.197
168,168,168,JJJ47,JPN,日本語,ファースト・フードといえば、真っ先に思い浮かぶのはハンバーガーだろう。手軽で便利なため日常的に食べている人も少なくない。さらに欧米から輸入されたフライドチキンやドーナツなどに加え、牛丼やラーメンなど、その多くがチェーン店で展開されている。しかし一方で、健康に悪いという理由でファースト・フードを避ける人もいる。野菜が不足しがちな点や、濃い味付け、使用されている食品添加物については、特に育ちざかりの子どもにとっては看過できない問題である。食品添加物はキレる子どもの原因の一つだという意見も聞かれ、また、近年ではうつ病との関連も話題になっている。ファースト・フードの対極にあるのは、家庭で丁寧に作られる料理である。高級食材でなくとも、材料や調味料に気を配り、添加物に注意を払って栄養を考慮した食事は、心身ともに健康に過ごすために欠かせない。忙しい日々の中で、つい便利さを求めてファースト・フードに頼りたくなることもあるかもしれない。また半ば中毒のように食べたくなることもあるかもしれない。仕事や様々な事情により食事の準備に手間をかけられない家庭もあるだろう。だが、食事が身体を作るという。目先の満足に負けず、心身の健康が何にも代えがたいものであると気づき、過度の調味料や添加物が引き起こす健康障害に目を向けられるようになったとき、ファースト・フードに手を伸ばす前に思いとどまることができるようになるかもしれない。,ファースト・フードといえば、真っ先に思い浮かぶのはハンバーガーだろう。手軽で便利なため日常的に食べている人も少なくない。さらに欧米から輸入されたフライドチキンやドーナツなどに加え、牛丼やラーメンなど、その多くがチェーン店で展開されている。しかし一方で、健康に悪いという理由でファースト・フードを避ける人もいる。野菜が不足しがちな点や、濃い味付け、使用されている食品添加物については、特に育ちざかりの子どもにとっては看過できない問題である。食品添加物はキレる子どもの原因の一つだという意見も聞かれ、また、近年ではうつ病との関連も話題になっている。ファースト・フードの対極にあるのは、家庭で丁寧に作られる料理である。高級食材でなくとも、材料や調味料に気を配り、添加物に注意を払って栄養を考慮した食事は、心身ともに健康に過ごすために欠かせない。忙しい日々の中で、つい便利さを求めてファースト・フードに頼りたくなることもあるかもしれない。また半ば中毒のように食べたくなることもあるかもしれない。仕事や様々な事情により食事の準備に手間をかけられない家庭もあるだろう。だが、食事が身体を作るという。目先の満足に負けず、心身の健康が何にも代えがたいものであると気づき、過度の調味料や添加物が引き起こす健康障害に目を向けられるようになったとき、ファースト・フードに手を伸ばす前に思いとどまることができるようになるかも,,native,13.0,318.0,24.46153846153846,0.4811320754716981,32.0,605.0,33.0,41.0,131.0,56.0,2.139,1.703,2.767,2.69,2.28,2.17
169,169,169,JJJ48,JPN,日本語,"朝食は取らず、栄養ドリンク・ゼリー・サプリメント。昼食は手軽にコンビニエンスストアのお弁当やおにぎりで済ます人も少なくないはずである。むしろ、家からお弁当を持参している人のほうが少ないように感じられる。
中でもファーストフードは日頃の食生活において無くてはならないと言える。
好きな時に手軽に出来立ての食事をとれる。日常生活において食材を準備し、調理する時間を省けるというメリットは現代社会において必要不可欠である。特に、社会で働いている人にとっては利便性が非常に高いと思われる。対照的にデメリットも存在する。
自分の思考に偏りがちになるため、栄養バランスは良いものとは言い難い。
また、食事時間においても何時でも都合の良い時間に取れるため不規則な食生活になりがちである。
対照的に家庭料理は好き嫌い問わずの食事なので栄養価という点では家庭料理に勝るものはないと言える。家庭で家族と一緒に会話をしながらのゆっくりした食事と、一人で時間に追われながらのファーストフードの食事を選ぶのであれば、間違いなく私は家庭での食事を選ぶ。","朝食は取らず、栄養ドリンク・ゼリー・サプリメント。昼食は手軽にコンビニエンスストアのお弁当やおにぎりで済ます人も少なくないはずである。むしろ、家からお弁当を持参している人のほうが少ないように感じられる。
中でもファーストフードは日頃の食生活において無くてはならないと言える。
好きな時に手軽に出来立ての食事をとれる。日常生活において食材を準備し、調理する時間を省けるというメリットは現代社会において必要不可欠である。特に、社会で働いている人にとっては利便性が非常に高いと思われる。対照的にデメリットも存在する。
自分の思考に偏りがちになるため、栄養バランスは良いものとは言い難い。
また、食事時間においても何時でも都合の良い時間に取れるため不規則な食生活になりがちである。
対照的に家庭料理は好き嫌い問わずの食事なので栄養価という点では家庭料理に勝るものはないと言える。家庭で家族と一緒に会話をしながらのゆっくりした食事と、一人で時間に追われながらのファーストフードの食事を選ぶのであれば、間違いなく私は家庭での食事を選ぶ。",,native,12.0,232.0,19.33333333333333,0.4956896551724138,20.0,462.0,17.0,30.0,93.0,53.0,2.371,1.899,2.784,2.752,2.504,2.385
170,170,170,JJJ49,JPN,日本語,"こんな対決番組があったとしたら間違いなく後者の圧勝だろう。
管理栄養士の資格をもった学者や料理教室を経営する評論家がこぞってファーストフードの悪口を並べ、家庭料理の素晴らしさを延々と並べるに違いない。
栄養学の見地からいえば納得せざるを得ないし、家族の団欒、このコミュニティー形成の意義は大きいだろう。
しかしだ、ファーストフードを悪と決めつけるのはいかがなものか、とも思う。
働く者にとってスピーディーに腹を満たす食べ物はこの上ない味方なのだ。
営業回りをしているビジネスマンなんかは次のクライアントへ行く前に20分しか時間がないケースは多々ある。
そんな時のハンバーガーやチキンは実にありがたいスピードチャージとなるのである。
夜の立ち食いそばは、心の活力となるのである。
聞くところによると、江戸時代の庶民は屋台ですしを食べていた。
ざっかけないその空間で、長居することなく素早く口の中へ抛りこんでいたのである。
もちろん、こればっかりでは栄養失調になる。
要するに「食生活」の肝はバランスだと思う。
忙しいときはファーストフードのお世話になり
有閑なときは家庭で包丁を握って、家族との触れ合いを楽しめばいい。「私たちの食生活」というなかれ、「自分なりの食生活」スタイルを築くことが肝心なのである。","こんな対決番組があったとしたら間違いなく後者の圧勝だろう。
管理栄養士の資格をもった学者や料理教室を経営する評論家がこぞってファーストフードの悪口を並べ、家庭料理の素晴らしさを延々と並べるに違いない。
栄養学の見地からいえば納得せざるを得ないし、家族の団欒、このコミュニティー形成の意義は大きいだろう。
しかしだ、ファーストフードを悪と決めつけるのはいかがなものか、とも思う。
働く者にとってスピーディーに腹を満たす食べ物はこの上ない味方なのだ。
営業回りをしているビジネスマンなんかは次のクライアントへ行く前に20分しか時間がないケースは多々ある。
そんな時のハンバーガーやチキンは実にありがたいスピードチャージとなるのである。
夜の立ち食いそばは、心の活力となるのである。
聞くところによると、江戸時代の庶民は屋台ですしを食べていた。
ざっかけないその空間で、長居することなく素早く口の中へ抛りこんでいたのである。
もちろん、こればっかりでは栄養失調になる。
要するに「食生活」の肝はバランスだと思う。
忙しいときはファーストフードのお世話になり
有閑なときは家庭で包丁を握って、家族との触れ合いを楽しめばいい。「私たちの食生活」というなかれ、「自分なりの食生活」スタイルを築くことが肝心なのである。",,native,14.0,267.0,19.071428571428573,0.5580524344569289,21.0,552.0,24.0,35.0,113.0,38.0,2.698,2.176,3.42,3.348,2.879,2.759
171,171,171,JJJ50,JPN,日本語,"そもそも料理の楽しみとは何でしょうか？私はその一番の要素は「偶然性」であると考えます。例えば鳥ももの照り焼きをつくろうとした場合、醤油と砂糖と蜂蜜のバランスは言うまでもなく、それらを入れる順番でさえ最後の味に影響を与えます。食べられないほどの失敗作でなければ、それらの微妙な味覚の差異すらいとおしく感じ、次の料理への構想を練るといった楽しみも導くことができます。
一方でてりやきバーガー等はどのショップでも味は均一で個性は感じられません。つまりよほど美味くなければ二度目の購入は無いということです。ただこうした画一化を品質として評価する考えも理解はできます。
しかし画一化されていると信じ込まれているからこそ、各地のファーストフードの味の差異を見つけ出すことはある意味プロフェッショナルな行為とも言えます。例えばロンドンのマクドナルドではフライドポテトは無く、代わりにオニオンリングがサイドメニューです。台北では五香粉がパテに混ざっており、恐らく多少のごま油で焼いております。こうしたわずかなご当地の個性を強引に見出していくのも私にとって旅のささやかな楽しみの一つとなっております。","そもそも料理の楽しみとは何でしょうか？私はその一番の要素は「偶然性」であると考えます。例えば鳥ももの照り焼きをつくろうとした場合、醤油と砂糖と蜂蜜のバランスは言うまでもなく、それらを入れる順番でさえ最後の味に影響を与えます。食べられないほどの失敗作でなければ、それらの微妙な味覚の差異すらいとおしく感じ、次の料理への構想を練るといった楽しみも導くことができます。
一方でてりやきバーガー等はどのショップでも味は均一で個性は感じられません。つまりよほど美味くなければ二度目の購入は無いということです。ただこうした画一化を品質として評価する考えも理解はできます。
しかし画一化されていると信じ込まれているからこそ、各地のファーストフードの味の差異を見つけ出すことはある意味プロフェッショナルな行為とも言えます。例えばロンドンのマクドナルドではフライドポテトは無く、代わりにオニオンリングがサイドメニューです。台北では五香粉がパテに混ざっており、恐らく多少のごま油で焼いております。こうしたわずかなご当地の個性を強引に見出していくのも私にとって旅のささやかな楽しみの一つとなっております。",,native,11.0,247.0,22.454545454545453,0.562753036437247,25.0,491.0,15.0,33.0,97.0,36.0,2.643,2.177,3.332,3.193,2.879,2.748
172,172,172,JJJ51,JPN,日本語,"安くて速い。料理や片付けといった手間もかからない。そんなファーストフード店が至る所にある昨今、何も自分ひとりのために何か作ることが億劫になることは自然なことです。かくいう私もファーストフードに入り浸るように頼っている一人です。
子供のときは、マクドナルドやケンタッキーといったファーストフードは、とても魅力的で特別なものでした。両親が忙しいときや、どこかに出かけたときにだけ食べることが出来る。ファーストフード店に行けるとわかったときは、心が躍ったものでした。反対に家で食べる母や祖母の料理は、いつも食べているからか、どこか地味に感じ、特別に食べたいといった気持ちを持つことは少なかったように思います。
自分の好きなときに好きなだけファーストフードを楽しめる。そんな日が来ないかなあという子供のときの願いが今現在叶っているわけですが、その夢は思っていたものと違っていました。あんなに食べたかった照り焼きバーガーは、今はもう空腹を満たす一つの手段でしかありません。出来立てのハンバーガーは確かに温かいですが、それはただ温かいだけ。ハンバーガーを一口かじるたびに、「ああ、母の肉じゃがが食べたいなあ」と溜め息がこぼれます。
ただ、それと同時にファーストフードへの感謝の気持ちも浮かびます。それは、ファーストフードがなければ、家庭料理のありがたみやおいしさを自覚することはなかったろうと思うからです。こうやって複雑な気持ちを持って、ファーストフード店へと足を運ぶ人はきっと私だけじゃない。今日も私は、家庭料理の温かさとファーストフードへの感謝を感じながら、ぐるぐると鳴るお腹を引き連れてハンバーガーを食べにいき、きっと明日もいくのでしょう。","安くて速い。料理や片付けといった手間もかからない。そんなファーストフード店が至る所にある昨今、何も自分ひとりのために何か作ることが億劫になることは自然なことです。かくいう私もファーストフードに入り浸るように頼っている一人です。
子供のときは、マクドナルドやケンタッキーといったファーストフードは、とても魅力的で特別なものでした。両親が忙しいときや、どこかに出かけたときにだけ食べることが出来る。ファーストフード店に行けるとわかったときは、心が躍ったものでした。反対に家で食べる母や祖母の料理は、いつも食べているからか、どこか地味に感じ、特別に食べたいといった気持ちを持つことは少なかったように思います。
自分の好きなときに好きなだけファーストフードを楽しめる。そんな日が来ないかなあという子供のときの願いが今現在叶っているわけですが、その夢は思っていたものと違っていました。あんなに食べたかった照り焼きバーガーは、今はもう空腹を満たす一つの手段でしかありません。出来立てのハンバーガーは確かに温かいですが、それはただ温かいだけ。ハンバーガーを一口かじるたびに、「ああ、母の肉じゃがが食べたいなあ」と溜め息がこぼれます。
ただ、それと同時にファーストフードへの感謝の気持ちも浮かびます。それは、ファーストフードがなければ、家庭料理のありがたみやおいしさを自覚することはなかったろうと思うからです。こうや",,native,17.0,357.0,21.0,0.4145658263305322,32.0,717.0,24.0,20.0,160.0,29.0,2.321,1.936,2.918,2.906,2.591,2.516
173,173,173,JJJ52,JPN,日本語,"今日、日本人にとってファーストフードと家庭料理はどちらも重要な食文化の一つとなっている。見た目や含んでいる栄養素に至るまで両者は違った特徴を持っており、私たちは両方を時と場合によって食べ分けているといえる。
現代人は忙しいとよく言うが、確かに勉強に仕事にやることが多すぎる中で、食事はやむを得ずないがしろにされてしまうことがある。そんな時、名前の通りファーストフードは素早く手頃な価格で、中には携帯しながら食べられるものもあるという点で便利なものだ。家庭料理は食材を選び、加工し、食べるまでに時間がかかるので時間がない時には向かない。時短という点ではファーストフードは家庭料理より優遇されやすい。
一方、ファーストフードには数々の落とし穴がある。たとえば、一日の推奨基準量をはるかに超えた塩分や糖質、脂質を豊富に含むものが多く濃い味付けだったり、人工着色料を多く使っているため見た目が派手だったりと、消費者を誘惑する反面健康には悪影響を及ぼすものがある。その点、家庭料理では自分たちで食材を取捨選択したり、調理する際に調味料に気を使ったりと比較的健康志向になりやすい。また、家庭料理は実際にかけた手間がある分美味しいと感じることも多い上に、食について学ぶことができる。さらに一緒に感想を言いながら食を共有できる家庭という空間は食生活を豊かにするといって間違いないであろう。
私たちの食生活のスタイルはそれぞれだが、今一度人間が生きていく上で根底にある食のあり方を見直し、じっくり考えていくことが必要だと思う。","今日、日本人にとってファーストフードと家庭料理はどちらも重要な食文化の一つとなっている。見た目や含んでいる栄養素に至るまで両者は違った特徴を持っており、私たちは両方を時と場合によって食べ分けているといえる。
現代人は忙しいとよく言うが、確かに勉強に仕事にやることが多すぎる中で、食事はやむを得ずないがしろにされてしまうことがある。そんな時、名前の通りファーストフードは素早く手頃な価格で、中には携帯しながら食べられるものもあるという点で便利なものだ。家庭料理は食材を選び、加工し、食べるまでに時間がかかるので時間がない時には向かない。時短という点ではファーストフードは家庭料理より優遇されやすい。
一方、ファーストフードには数々の落とし穴がある。たとえば、一日の推奨基準量をはるかに超えた塩分や糖質、脂質を豊富に含むものが多く濃い味付けだったり、人工着色料を多く使っているため見た目が派手だったりと、消費者を誘惑する反面健康には悪影響を及ぼすものがある。その点、家庭料理では自分たちで食材を取捨選択したり、調理する際に調味料に気を使ったりと比較的健康志向になりやすい。また、家庭料理は実際にかけた手間がある分美味しいと感じることも多い上に、食について学ぶことができる。さらに一緒に感想を言いながら食を共有できる家庭という空間は食生活を豊かにするといって間違いないであろう。
私たちの食生活のスタイルは",,native,12.0,348.0,29.0,0.4798850574712643,34.0,654.0,42.0,39.0,145.0,73.0,2.412,1.926,2.916,2.849,2.522,2.396
174,174,174,JJJ54,JPN,日本語,"「ファストフード」という言葉には、多くの人は否定的な印象を持つのではないだろうか。例えば、インターネットで「ファストフード」を検索してみると、「体に悪い」「味気ない」「安っぽい」などの形容語が並んでいる。
このファストフードに対し、伝統的に家庭などで作られ供される料理が「スローフード」である。同様に「スローフード」をインターネットで検索してみると、「健康」「伝統」「文化」などの形容語が並んでいる。
つまり、多くの人の間で、「ファストフード＝悪」、「スローフード＝善」、という図式が成り立っていることが分かる。しかし、この図式は本当に絶対的なものなのだろうか。ファストフードが本当に単純に悪ならば、これほどまでにファストフードが隆盛していないはずである。また、スローフードがそれほどまでに重要なものなのであれば、常日頃からスローフードを食べているはずである。
ファストフードのメリットは、何より「手軽である」ということであろう。食事以外にも時間や手間を割かなければならない現代人にとって、手軽であるということは、大変な価値のあることである。仕事の合間の限られた時間で摂らなければならない昼食には、ファストフードが有難いものである。また、共働きなどで夕食を調理に時間をかけられない主婦にとっても、ファストフードは便利なものであろう。
しかし、手軽だからといって、体に悪いものを常日頃摂取して良いわけではないは確かである。しかし、ここで考えてみたいのは、「ファストフード」と「スローフード」というものは、本当に対立するものなのだろうか、ということである。例えば、日本文化を代表する伝統料理であり、健康的な食事とされているものに、寿司がある。寿司は、江戸時代には手軽に食べられるファストフードであった。また、今や高級料理の一つとされている天麩羅や鰻の蒲焼きなども、江戸時代にはファストフードであった。
つまり、ファストフードも時代を経れば伝統的な食事となり得るし、また、必ずしも「体に悪い」ものばかりでもないはずである。ファストフードを全面的に否定するのではなく、健康面を考慮した上で、ファストフードの便利さを上手に採り入れて行けば良いのではないだろうか。","「ファストフード」という言葉には、多くの人は否定的な印象を持つのではないだろうか。例えば、インターネットで「ファストフード」を検索してみると、「体に悪い」「味気ない」「安っぽい」などの形容語が並んでいる。
このファストフードに対し、伝統的に家庭などで作られ供される料理が「スローフード」である。同様に「スローフード」をインターネットで検索してみると、「健康」「伝統」「文化」などの形容語が並んでいる。
つまり、多くの人の間で、「ファストフード＝悪」、「スローフード＝善」、という図式が成り立っていることが分かる。しかし、この図式は本当に絶対的なものなのだろうか。ファストフードが本当に単純に悪ならば、これほどまでにファストフードが隆盛していないはずである。また、スローフードがそれほどまでに重要なものなのであれば、常日頃からスローフードを食べているはずである。
ファストフードのメリットは、何より「手軽である」ということであろう。食事以外にも時間や手間を割かなければならない現代人にとって、手軽であるということは、大変な価値のあることである。仕事の合間の限られた時間で摂らなければならない昼食には、ファストフードが有難いものである。また、共働きなどで夕食を調理に時間をかけられない主婦にとっても、ファストフードは便利なものであろう。
しかし、手軽だからといって、体に悪いものを常日頃摂取して良いわけで",,native,19.0,448.0,23.57894736842105,0.3058035714285714,23.0,926.0,28.0,52.0,171.0,60.0,1.887,1.473,2.151,2.036,1.958,1.87
175,175,175,JJJ55,JPN,日本語,"ファストフードと家庭料理を比較した時の一般的な意見としては、ファストフードは手軽だが栄養バランスが悪く、家庭料理は手間がかかるが健康に良い、というものが主流である。しかし、映画「スーパーサイズ・ミー」や書籍「ファストフードが世界を食いつくす」等により食の安全性の問題が言及されるようになってからはファストフードのありかたに変化が生じており、今後は両者の差は縮まっていくと考えられる。
例えば、ファストフード産業が盛んなアメリカでは近年はマクドナルドの売上高が減少傾向にある一方で、チポトレやフレッシー等の健康志向のファストフードが人気を博している。日本でもモスバーガーやサブウェイといった野菜摂取を押し出したチェーンが業績を伸ばしており、栄養面がファストフードの欠点とはならない時代がそのうち訪れるにちがいない。
また、家庭料理は栄養バランスを取りやすいとされていても、その実現には栄養素の知識が必要である。少なくとも味に関してはある程度の保証があるファストフードに対し、味も栄養も満たす料理を作るのは容易ではないことから漠然と献立を考えているのではファストフードよりも優れているとは必ずしもいえない。
結局のところ、ファストフードと家庭料理の比較は単純にどちらがどうと言えるものではなくなってきており、豊かな食生活を求めるにあたって外食を闇雲に避けるのではなく、状況に応じた個人の意識がより重要になっていくのではないだろうか。","ファストフードと家庭料理を比較した時の一般的な意見としては、ファストフードは手軽だが栄養バランスが悪く、家庭料理は手間がかかるが健康に良い、というものが主流である。しかし、映画「スーパーサイズ・ミー」や書籍「ファストフードが世界を食いつくす」等により食の安全性の問題が言及されるようになってからはファストフードのありかたに変化が生じており、今後は両者の差は縮まっていくと考えられる。
例えば、ファストフード産業が盛んなアメリカでは近年はマクドナルドの売上高が減少傾向にある一方で、チポトレやフレッシー等の健康志向のファストフードが人気を博している。日本でもモスバーガーやサブウェイといった野菜摂取を押し出したチェーンが業績を伸ばしており、栄養面がファストフードの欠点とはならない時代がそのうち訪れるにちがいない。
また、家庭料理は栄養バランスを取りやすいとされていても、その実現には栄養素の知識が必要である。少なくとも味に関してはある程度の保証があるファストフードに対し、味も栄養も満たす料理を作るのは容易ではないことから漠然と献立を考えているのではファストフードよりも優れているとは必ずしもいえない。
結局のところ、ファストフードと家庭料理の比較は単純にどちらがどうと言えるものではなくなってきており、豊かな食生活を求めるにあたって外食を闇雲に避けるのではなく、状況に応じた個人の意識がより重要にな",,native,7.0,301.0,43.0,0.4784053156146179,29.0,614.0,21.0,47.0,108.0,64.0,2.059,1.601,2.459,2.474,2.111,2.04
176,176,176,JJJ56,JPN,日本語,"私たちの食生活は変わってきた。ファーストフードで食事を済ませることが多い。ハンバーガー、ラーメン、そば、牛丼等はどれも早くて安くてうまいで知られている。しかしファーストフードは身体に悪いのが欠点である。なぜなら、使う食材が少ないからである。ハンバーガーなら肉とパンと少しのレタス、牛丼なら肉と玉ねぎとごはん、そば、ラーメンは単品である。栄養のバランスが悪い。ファーストフード中心の食生活だと、肥満や糖尿病などの生活習慣病になってしまう恐れがある。
それに対して家庭料理は手間をかけ品数も多く大概の過程では野菜も取り入れた食事でバランスが良い。それによりバランスの良い食事は健康につながる。家庭料理などのスローフードは調理に時間がかかるというのは欠点だ。昔は男性が働き女性は家で家事をしていたので、食事の準備に時間がかけられていた。
だが現代社会では単身者はもちろん世帯持ちでも不景気のため共働きなので時間にゆとりがない。仕事に追われ疲れている状態では早く済ませられるファーストフードがやはり多くなってしまう。そこでファーストフードの食事のときはサラダなどの野菜や具の入った味噌汁を追加するなどの工夫をし、普段はなるべく自炊することが良いと考える。
時代の流れにより食生活が変わるのは仕方ない。その中でどのようにして健康を維持していくかが大事である","私たちの食生活は変わってきた。ファーストフードで食事を済ませることが多い。ハンバーガー、ラーメン、そば、牛丼等はどれも早くて安くてうまいで知られている。しかしファーストフードは身体に悪いのが欠点である。なぜなら、使う食材が少ないからである。ハンバーガーなら肉とパンと少しのレタス、牛丼なら肉と玉ねぎとごはん、そば、ラーメンは単品である。栄養のバランスが悪い。ファーストフード中心の食生活だと、肥満や糖尿病などの生活習慣病になってしまう恐れがある。
それに対して家庭料理は手間をかけ品数も多く大概の過程では野菜も取り入れた食事でバランスが良い。それによりバランスの良い食事は健康につながる。家庭料理などのスローフードは調理に時間がかかるというのは欠点だ。昔は男性が働き女性は家で家事をしていたので、食事の準備に時間がかけられていた。
だが現代社会では単身者はもちろん世帯持ちでも不景気のため共働きなので時間にゆとりがない。仕事に追われ疲れている状態では早く済ませられるファーストフードがやはり多くなってしまう。そこでファーストフードの食事のときはサラダなどの野菜や具の入った味噌汁を追加するなどの工夫をし、普段はなるべく自炊することが良いと考える。
時代の流れにより食生活が変わるのは仕方ない。その中でどのようにして健康を維持していくかが大事である",,native,16.0,298.0,18.625,0.4563758389261745,22.0,573.0,25.0,31.0,121.0,57.0,2.194,1.777,2.854,2.795,2.291,2.207
177,177,177,JJJ57,JPN,日本語,"初めてファースト・フード店に入ったのは中学生の時で、30年ほど前の当時、その地域では1号店だった。おしゃれで明るく雰囲気で、友達どうしで入るのも心が弾んだものだった。その、珍しかったファースト・フード店は、いまでは町中にたくさんある。
特別な存在だった出来立ての頃とちがい、ファースト・フード店はもはや日常生活の一部だ。忙し時、ちょっと立ち寄れば空腹を満たすことができる。食べ物のことを考えたり、用意したりする時間を惜しんで何かしたい、現代の私たちを助けてくれる。
この便利なファースト・フード店、親しみ深いファースト・フード店、しかし私はこのファースト・フード店で「食事をする」とは、言い難い気持ちを持っている。「ファースト・フード店で食べ物をとる「のは「食事をする」ということと何かが決定的に違うように思うのだ。その違いはなんなのだろう。
私の場合、「食事をする」という言葉がぴったりくると思うのは、やはり家庭で自分で作った料理を家族と一緒にとるときだろう。「食事をする」ことで大切なのは「食べる」という行為だけではない。「体によいものが食べられる」という信頼、単に「食べる」という以上に、家族・友人・自分以外の誰かと一緒にその場を楽しめる、ということだ。
私は自分の3人の息子たちには、友人や近しい人と「食事」を楽しめるために、凝ったものでなくてもいい、家庭料理を自分たちで調理できる技術を身につけてほしい。
素材を選び、調理をし、一緒に食べる過程での人とのコミュニケーションが、ファースト・フードにはない。仮に今後ファースト・フード店が大変健康的なものを出すようになったとしても、こういったコミュニケーションから生まれる満足が、ファースト・フードからは得られないと思うからである。","初めてファースト・フード店に入ったのは中学生の時で、30年ほど前の当時、その地域では1号店だった。おしゃれで明るく雰囲気で、友達どうしで入るのも心が弾んだものだった。その、珍しかったファースト・フード店は、いまでは町中にたくさんある。
特別な存在だった出来立ての頃とちがい、ファースト・フード店はもはや日常生活の一部だ。忙し時、ちょっと立ち寄れば空腹を満たすことができる。食べ物のことを考えたり、用意したりする時間を惜しんで何かしたい、現代の私たちを助けてくれる。
この便利なファースト・フード店、親しみ深いファースト・フード店、しかし私はこのファースト・フード店で「食事をする」とは、言い難い気持ちを持っている。「ファースト・フード店で食べ物をとる「のは「食事をする」ということと何かが決定的に違うように思うのだ。その違いはなんなのだろう。
私の場合、「食事をする」という言葉がぴったりくると思うのは、やはり家庭で自分で作った料理を家族と一緒にとるときだろう。「食事をする」ことで大切なのは「食べる」という行為だけではない。「体によいものが食べられる」という信頼、単に「食べる」という以上に、家族・友人・自分以外の誰かと一緒にその場を楽しめる、ということだ。
私は自分の3人の息子たちには、友人や近しい人と「食事」を楽しめるために、凝ったものでなくてもいい、家庭料理を自分たちで調理できる技術を身に",,native,15.0,367.0,24.466666666666665,0.4141689373297003,31.0,744.0,22.0,28.0,154.0,54.0,2.627,2.164,3.001,2.956,2.735,2.622
178,178,178,JJN13,XJP,*国内学習者,"現代社会にともなって、外食が増える傾向があります。夫婦共働きしており、経済的に苦しいとの理由として二人とも社会に出って、忙しいから、お家で手料理していないです。それはとっても残念です。
昔、女性はお家で家事と子育てで一生懸命尽くしていました。その中料理も手作りでした。今思い出すと、とっても懐かしいと思います。
今の若者たち、食べ物や栄養について正しい知識がないです。家庭環境も悪いです、できたら、学校でも「食育」の授業が必要となってきました時代であるかも知らない。
もしお家で家族と一緒に料理を作れたら、きっと家庭内でコミュニケーションがよくなります。相談や会話自然環境になるに違いないです。
手料理が家族一緒に食べたら、本当の幸せの気持ちがわいてくる、感謝の気分がどんどん感じるようになります。それで手料理のやりがいが分かります。
これから各家庭でルール作りのはとってもよいことです、週末に多くの若者が積極的に料理に取り組み、健康にもつながります。
また、母親にも負担を減ります、みんな仲良く取り組みすれば、次の世代に続けると思います。
一方にファストーフードと言いえば、すぐ浮かぶイメージはハンバーガやフライドポテトと炭酸飲料。
もちろん、たまに本当に急いでいる時、行くこともいいですが、とくに若者同士の中、お金があまりないから、おとくとなります。
結局、ファストーフード食べるしかない、でも長い間にそのモノを食べると、体に影響がします。
栄養バランスが悪い、カロリーが高い、健康的にお勧めになりません。とくに女性の方にセルライトが倍に増える、それでメタボーと糖尿病などなど。
どお見えても、いいことは、安さと速さだけです。
ですから、若者たちのライフスタイルが変われるようにしんしています。","現代社会にともなって、外食が増える傾向があります。夫婦共働きしており、経済的に苦しいとの理由として二人とも社会に出って、忙しいから、お家で手料理していないです。それはとっても残念です。
昔、女性はお家で家事と子育てで一生懸命尽くしていました。その中料理も手作りでした。今思い出すと、とっても懐かしいと思います。
今の若者たち、食べ物や栄養について正しい知識がないです。家庭環境も悪いです、できたら、学校でも「食育」の授業が必要となってきました時代であるかも知らない。
もしお家で家族と一緒に料理を作れたら、きっと家庭内でコミュニケーションがよくなります。相談や会話自然環境になるに違いないです。
手料理が家族一緒に食べたら、本当の幸せの気持ちがわいてくる、感謝の気分がどんどん感じるようになります。それで手料理のやりがいが分かります。
これから各家庭でルール作りのはとってもよいことです、週末に多くの若者が積極的に料理に取り組み、健康にもつながります。
また、母親にも負担を減ります、みんな仲良く取り組みすれば、次の世代に続けると思います。
一方にファストーフードと言いえば、すぐ浮かぶイメージはハンバーガやフライドポテトと炭酸飲料。
もちろん、たまに本当に急いでいる時、行くこともいいですが、とくに若者同士の中、お金があまりないから、おとくとなります。
結局、ファストーフード食べるしかない、でも長",59.0,intermediate,21.0,365.0,17.38095238095238,0.5041095890410959,31.0,749.0,51.0,38.0,165.0,61.0,3.176,2.618,4.228,4.154,3.109,2.987
179,179,179,JJN14,XJP,*国内学習者,"ファストフードは、日本に1970年本格的に流入してきました。
短時間での調理ができ、安価で注文してからすぐ食べられるという手軽さで人気があります。
ファストフードの種類というとハンバーガー、フライドポテト、ホットドッグ、ピザ、うどん、そば、牛丼、フライドチキン等があります。
日本でのファストフードランキングを調べたところ、１位はハンバーガー、２位は餃子、３位はうどんでした。
海外でも、日本のファストフードは大きな注目を集めています。
世界で発信したい日本発ファストフードは、１位おにぎり、２位うどん、３位そば、でした。
こちらも手軽で美味しく日本食のあっさりとしていて、低カロリーのイメージが要因だと思われます。
日本の歴史を少し遡ってみると、いわゆるファストフードのような日本式の食文化が江戸時代にはあり、そばやてんぷら、寿司、おでんなどがあったことから、手軽さがうけアメリカ式のファストフードが人気になったのだと思われます。
ファストフードが流入し、人気が出てきた裏では健康問題に影響を及ぼすことが報告されるようになりました。
第一に、肥満のリスクが高まるということや、肥満からくる糖尿病、癌、生活習慣病などがあげられます。
ファストフードには早くて安いというメリットがありますが、高カロリー、高脂質、高糖質、添加物、化学調味料といったものが多く含まれています。
現代社会での忙しい仕事のスタイルや生活習慣などで、ファストフードが流行し人気はありますが健康面を考えるとデメリットが多く感じられます。
私が子供のころはファストフードがあまり流行ではなく、母が毎日台所に立ち料理を作ってくれるのが我が家の日課でした。休日になると家族全員で長いテーブルを囲み、母の手料理を食べながらの団らんが一つの楽しみでした。
ちょっと小腹がすいた時や、仕事などで忙しく食事を作れない時にすぐに手に入る面ではすごく便利だとは思いますが、栄養のバランスや食事のバランスを考えると、健康や、食事のバランスを考えてファストフードとつきあっていく事が大事だと思います。","ファストフードは、日本に1970年本格的に流入してきました。
短時間での調理ができ、安価で注文してからすぐ食べられるという手軽さで人気があります。
ファストフードの種類というとハンバーガー、フライドポテト、ホットドッグ、ピザ、うどん、そば、牛丼、フライドチキン等があります。
日本でのファストフードランキングを調べたところ、１位はハンバーガー、２位は餃子、３位はうどんでした。
海外でも、日本のファストフードは大きな注目を集めています。
世界で発信したい日本発ファストフードは、１位おにぎり、２位うどん、３位そば、でした。
こちらも手軽で美味しく日本食のあっさりとしていて、低カロリーのイメージが要因だと思われます。
日本の歴史を少し遡ってみると、いわゆるファストフードのような日本式の食文化が江戸時代にはあり、そばやてんぷら、寿司、おでんなどがあったことから、手軽さがうけアメリカ式のファストフードが人気になったのだと思われます。
ファストフードが流入し、人気が出てきた裏では健康問題に影響を及ぼすことが報告されるようになりました。
第一に、肥満のリスクが高まるということや、肥満からくる糖尿病、癌、生活習慣病などがあげられます。
ファストフードには早くて安いというメリットがありますが、高カロリー、高脂質、高糖質、添加物、化学調味料といったものが多く含まれています。
現代社会での忙しい仕事のスタ",76.0,intermediate,15.0,432.0,28.8,0.4212962962962963,32.0,874.0,44.0,32.0,166.0,78.0,2.082,1.658,2.744,2.735,2.113,2.015
180,180,180,JJN15,XJP,*国内学習者,"食べることって私達には何よりの楽しみです。神様からさずかった食べ物、楽しい会話と共にテーブルを囲んで頂けるなんてとても幸せです。
昔と違って今は外食やインスタント、ファーストフードによってお金さえあれば簡単に食事が食べられるようになりました。そのうえ、家庭ではまねが出来ない味、種類が豊富に楽しめます。
手作り料理は作り手の家庭の味、おふくろの味、地域の味がでますのでファストフードとは違った美味しさがあります。スーパなどでは食料品が季節とは関係なく一年中いろいろ売られていて、海外から取り寄せて簡単に食材を手に入れる事が出来ます。
でも、毎日の忙しさについ外食、コンビニ、冷凍食品に頼ってしまいます。こういう食品の問題点は多くの人々に満足してもらうことを目的として作られて販売されています。その食品は揚げ物や肉料理が中心で、野菜は少なめで、味付けは冷めても美味しく食べられるように濃い目です。そしてボリュウムは多めです。
その為、最近多くの人がカロリーの摂り過ぎとなり栄養バランスが乱れています。それは塩分と脂肪の摂りすぎで高血圧や脂質異常症となり、動脈硬化になりやすくなっています。食物繊維やビタミン、ミネラルなどの栄養素でも生活習慣病にも繋がるといわれています。成長期の子供には欠かせない栄養素が野菜に多くビタミンＡとＣが含まれています。そのうえ、ミネラルの中でカルシュウムもあり、骨や歯などが形成する加工食品には、カルシュウムの吸収を阻害する食品添加物が多く使われています。
手作り料理は体に良いことはわかっていても、毎日の食事で摂取するのはなかなか大変です。つまり、健康面を意識して出来る範囲で子供の成長、お年寄りの健康、私達の生活習慣を向上するよう努力して手作り料理をバランス良く作り、ご家族で好みの材料、味付けで満足した食事を摂りましょう。","食べることって私達には何よりの楽しみです。神様からさずかった食べ物、楽しい会話と共にテーブルを囲んで頂けるなんてとても幸せです。
昔と違って今は外食やインスタント、ファーストフードによってお金さえあれば簡単に食事が食べられるようになりました。そのうえ、家庭ではまねが出来ない味、種類が豊富に楽しめます。
手作り料理は作り手の家庭の味、おふくろの味、地域の味がでますのでファストフードとは違った美味しさがあります。スーパなどでは食料品が季節とは関係なく一年中いろいろ売られていて、海外から取り寄せて簡単に食材を手に入れる事が出来ます。
でも、毎日の忙しさについ外食、コンビニ、冷凍食品に頼ってしまいます。こういう食品の問題点は多くの人々に満足してもらうことを目的として作られて販売されています。その食品は揚げ物や肉料理が中心で、野菜は少なめで、味付けは冷めても美味しく食べられるように濃い目です。そしてボリュウムは多めです。
その為、最近多くの人がカロリーの摂り過ぎとなり栄養バランスが乱れています。それは塩分と脂肪の摂りすぎで高血圧や脂質異常症となり、動脈硬化になりやすくなっています。食物繊維やビタミン、ミネラルなどの栄養素でも生活習慣病にも繋がるといわれています。成長期の子供には欠かせない栄養素が野菜に多くビタミンＡとＣが含まれています。そのうえ、ミネラルの中でカルシュウムもあり、骨や歯などが",85.0,advanced,17.0,407.0,23.94117647058824,0.4643734643734644,32.0,777.0,44.0,51.0,165.0,84.0,2.483,1.9,3.148,3.072,2.499,2.38
181,181,181,JJN24,XJP,*国内学習者,"みなは食べますね。子供は食べます。友達も食べます。おばあさんもたべます。でも、どんな食べ物を食べますか。人々は色々食べ物を食べます。すかし、二つ大切種類があります。ファストフードと手料理です。
この頃の生活は大変ですから人々よくファストフードを食べます。便利しやすいし美味しいしです。疲れてるサラリーマンはいつも遅くまで働いていますね。仕事の後で本当に疲れましたね。ですから、手料理をやりたくないね。面倒くさいですね。ファストフードを食べて家にかえりたいですね。其れ故ファストフードはとても便利で重要な料理ですね。
しかし、ファストフードをよく食べている人々は概して不健康な人ですね。ファストフード概して手料理より不健康ですね。あの例はスーパサイズミーと言う映画が説明しました。でぶでぶになりますね。よくないと思ういます。ですから、時間があったら手料理の方がいいだと思ういます。でも、たくさん人々は料理が下手ですね。なお一般的に人々は忙しいですね。ですから、健康なファストフードが必要だと思ういます。じゃあ、今から私は美味しくて安くて健康でファストフードを探しましょう！
目つけたら教えます！
よろしくお願いします。","みなは食べますね。子供は食べます。友達も食べます。おばあさんもたべます。でも、どんな食べ物を食べますか。人々は色々食べ物を食べます。すかし、二つ大切種類があります。ファストフードと手料理です。
この頃の生活は大変ですから人々よくファストフードを食べます。便利しやすいし美味しいしです。疲れてるサラリーマンはいつも遅くまで働いていますね。仕事の後で本当に疲れましたね。ですから、手料理をやりたくないね。面倒くさいですね。ファストフードを食べて家にかえりたいですね。其れ故ファストフードはとても便利で重要な料理ですね。
しかし、ファストフードをよく食べている人々は概して不健康な人ですね。ファストフード概して手料理より不健康ですね。あの例はスーパサイズミーと言う映画が説明しました。でぶでぶになりますね。よくないと思ういます。ですから、時間があったら手料理の方がいいだと思ういます。でも、たくさん人々は料理が下手ですね。なお一般的に人々は忙しいですね。ですから、健康なファストフードが必要だと思ういます。じゃあ、今から私は美味しくて安くて健康でファストフードを探しましょう！
目つけたら教えます！
よろしくお願いします。",47.0,beginner,28.0,235.0,8.392857142857142,0.4425531914893617,17.0,508.0,18.0,9.0,101.0,19.0,2.919,2.429,3.928,3.787,2.925,2.754
182,182,182,JJN30,XJP,*国内学習者,これは大きもんだいです。レストランの食べ物は安くて、よく美味しくて、そして一番大体べんりなです。皆さん今急ぎます。むかしで、男性だけ働きまし。女性はいつも家ではたらきました。そのかんじで、毎日、手作りなりょうりを作ることができました。今、男性は女性も外の仕事があらいます。仕事の後皆さん使えなりました、だから誰もりょうりを作りたくないです。レストランは、ちかいしはやいです。そして、食べるの終わり時に、なんでもない洗います。でも、このスタイルはあまりげんきじゃない。もしレスランでよく食べる、なれば太くなります。そして、びょ奇なります、最後早い死ぬと思います。家で食むずかしです。一番、考える、何が食べたいか。何を作ることができますか。習わなかったら、このステープは多分一番難し。二番、買い物しなければなります。三番、野菜とか肉とか食べ物やきます。四番、洗います。このスタイルはぜいたいたいへん。でも、このかんじで、すごい元気なです。よく、レストランの食べ物いぱい野菜がない。オイルがたくさんがあります。生食べ物、どこから来ますか。もし自分買ったら、知っています。私たちバランスするすべき。時々、レストランで食べますは大丈夫です。男性と女性もりょうりをつくるがいいです。りょうりを作る時にいぱい作る。だから、次日に、弁当とかばんごはんもうあります。そのかんじで、一番かしこいと思います。,これは大きもんだいです。レストランの食べ物は安くて、よく美味しくて、そして一番大体べんりなです。皆さん今急ぎます。むかしで、男性だけ働きまし。女性はいつも家ではたらきました。そのかんじで、毎日、手作りなりょうりを作ることができました。今、男性は女性も外の仕事があらいます。仕事の後皆さん使えなりました、だから誰もりょうりを作りたくないです。レストランは、ちかいしはやいです。そして、食べるの終わり時に、なんでもない洗います。でも、このスタイルはあまりげんきじゃない。もしレスランでよく食べる、なれば太くなります。そして、びょ奇なります、最後早い死ぬと思います。家で食むずかしです。一番、考える、何が食べたいか。何を作ることができますか。習わなかったら、このステープは多分一番難し。二番、買い物しなければなります。三番、野菜とか肉とか食べ物やきます。四番、洗います。このスタイルはぜいたいたいへん。でも、このかんじで、すごい元気なです。よく、レストランの食べ物いぱい野菜がない。オイルがたくさんがあります。生食べ物、どこから来ますか。もし自分買ったら、知っています。私たちバランスするすべき。時々、レストランで食べますは大丈夫です。男性と女性もりょうりをつくるがいいです。りょうりを作る時にいぱい作る。だから、次日に、弁当とかばんごはんもうあります。そのかんじで、一番かしこいと思います。,41.0,beginner,32.0,270.0,8.4375,0.4925925925925926,26.0,593.0,19.0,2.0,128.0,32.0,3.51,3.045,5.298,5.088,3.553,3.361
183,183,183,KKD01,KOR,韓国語,"人間が生活することでもっとも重要な三つに衣食住を挙げる。この三つは自分の好みによって選ぶことができ、生活をもっと豊かにすることができる。この中で「食」の問題は健康に深くかかわっていて、満ちた生活をしている現代の人々に第一の関心事である。
その中で10年ほど前は、ファーストフードの危険性についての論議が多かったが、今では忙しい現代の社会人にとって食事を抜きにしないためには不可欠な存在になった。やはり一番の長所は短い時間で食事を済ませることができることであろう。また、サンドイッチやハンバーガーなど手軽に持ち歩くこともできるのもメリットである。一方、ファーストフードが栄養のバランスが悪いのは良く知られていることだ。運動不足にバランスの悪い食べ物...体はもうボロボロになってしまうだろう。消費者もこういう問題に気付き、最近はその欠点を補うため、栄養高い食材を使ったり新鮮な材料を使ったりする動きもある。
一方、家庭でつくる手作り料理は調味料や量を自分でコントロールすることで健康な食生活ができることがもっとも良いところである。しかし、料理を作るためかかる時間と手間は無視できない。それに加え、いい食材を使うためコストがもっとかかる場合もある。
結局、個人の生活パターンによってどっちかを選ぶことになる。私が一番重要だと思うことは、満足する食生活をすることと自分が食べる物の良いところ、悪いところを常に認識することである。","人間が生活することでもっとも重要な三つに衣食住を挙げる。この三つは自分の好みによって選ぶことができ、生活をもっと豊かにすることができる。この中で「食」の問題は健康に深くかかわっていて、満ちた生活をしている現代の人々に第一の関心事である。
その中で10年ほど前は、ファーストフードの危険性についての論議が多かったが、今では忙しい現代の社会人にとって食事を抜きにしないためには不可欠な存在になった。やはり一番の長所は短い時間で食事を済ませることができることであろう。また、サンドイッチやハンバーガーなど手軽に持ち歩くこともできるのもメリットである。一方、ファーストフードが栄養のバランスが悪いのは良く知られていることだ。運動不足にバランスの悪い食べ物...体はもうボロボロになってしまうだろう。消費者もこういう問題に気付き、最近はその欠点を補うため、栄養高い食材を使ったり新鮮な材料を使ったりする動きもある。
一方、家庭でつくる手作り料理は調味料や量を自分でコントロールすることで健康な食生活ができることがもっとも良いところである。しかし、料理を作るためかかる時間と手間は無視できない。それに加え、いい食材を使うためコストがもっとかかる場合もある。
結局、個人の生活パターンによってどっちかを選ぶことになる。私が一番重要だと思うことは、満足する食生活をすることと自分が食べる物の良いところ、悪いところを常",89.0,advanced,15.0,313.0,20.866666666666667,0.4568690095846645,23.0,611.0,25.0,39.0,129.0,62.0,2.591,2.101,3.196,3.186,2.479,2.385
184,184,184,KKD06,KOR,韓国語,"現代の食生活において、ファーストフードの比重が高くなっていますが、ファーストフードと家庭料理の良い点と悪い点を比べてみたいとおもいます。
ファーストフードの良い点は、早く簡単に食べることができる、とても美味しいということです。
デリバリーサービスを利用すれば、家まで食べることができて便利です。
また、悪い点は、栄養のバランスが悪く健康に良くないことです。そしてカロリーが高いので、太ってしまいます。
家庭料理の良い点は、バランスの取れた食事ができることです。自分で選んだ材料で食事を作るので、安心して食べることができます。
家庭料理の悪い点は、材料を作る手間がかかるので、忙しい人は作ることが難しいという点です。
どちらにも良い点と悪い点があります。
時間がない時には。手軽なファーストフードを食べ、健康のために、時間のある時には家庭料理を食べるようにすると良いと思います。","現代の食生活において、ファーストフードの比重が高くなっていますが、ファーストフードと家庭料理の良い点と悪い点を比べてみたいとおもいます。
ファーストフードの良い点は、早く簡単に食べることができる、とても美味しいということです。
デリバリーサービスを利用すれば、家まで食べることができて便利です。
また、悪い点は、栄養のバランスが悪く健康に良くないことです。そしてカロリーが高いので、太ってしまいます。
家庭料理の良い点は、バランスの取れた食事ができることです。自分で選んだ材料で食事を作るので、安心して食べることができます。
家庭料理の悪い点は、材料を作る手間がかかるので、忙しい人は作ることが難しいという点です。
どちらにも良い点と悪い点があります。
時間がない時には。手軽なファーストフードを食べ、健康のために、時間のある時には家庭料理を食べるようにすると良いと思います。",60.0,intermediate,11.0,192.0,17.454545454545453,0.4010416666666667,16.0,388.0,25.0,5.0,85.0,35.0,1.737,1.405,2.115,2.18,1.67,1.68
185,185,185,KKD07,KOR,韓国語,"最近の忙しい社会人は、マクドナルドやロッテリアなどのファストフード店で食事を済ませる。限りのあるランチタイム、家庭料理のように出来上がるのをずっと待っている暇はない。それは悲しいことである。人が「生きていく」のは究極的に「食べる」という行儀により、命を繋いでいくことだ。それだけに「食べる」というのは我々の生活の中で重要な意味を持つ。
どんな物を食べるか、我々はいつも悩む。その選択により我々の体に入ってきた食べ物は私たちの健康に莫大な影響を及ぼす。ある医者は「今、私たちの体は、今から二年前まで口にする全ての結果だ」という。いま、どういう形の体の持ち主か、痩せているか、太っているかは、つまり選択の結果だといえる。
我々は、様々な選択肢から、自分のために選択する権利がある。時間を大切にして、食べ物はあまり気にしないほうなら、ファストフード店にいく。健康を大切にして、どういう物を食べるかが重要なら、値段は少し高くて時間は少しかかっても、家庭料理店や家で食事をするのだ。
私はその選択の中、健康を選ぶように努力している。いつも同じ選択をするのは難しい、しかし心がけておくのは誰でもできる。自分が何を大切にするのか、それを考えて健康な食生活を過ごすべきだ。","最近の忙しい社会人は、マクドナルドやロッテリアなどのファストフード店で食事を済ませる。限りのあるランチタイム、家庭料理のように出来上がるのをずっと待っている暇はない。それは悲しいことである。人が「生きていく」のは究極的に「食べる」という行儀により、命を繋いでいくことだ。それだけに「食べる」というのは我々の生活の中で重要な意味を持つ。
どんな物を食べるか、我々はいつも悩む。その選択により我々の体に入ってきた食べ物は私たちの健康に莫大な影響を及ぼす。ある医者は「今、私たちの体は、今から二年前まで口にする全ての結果だ」という。いま、どういう形の体の持ち主か、痩せているか、太っているかは、つまり選択の結果だといえる。
我々は、様々な選択肢から、自分のために選択する権利がある。時間を大切にして、食べ物はあまり気にしないほうなら、ファストフード店にいく。健康を大切にして、どういう物を食べるかが重要なら、値段は少し高くて時間は少しかかっても、家庭料理店や家で食事をするのだ。
私はその選択の中、健康を選ぶように努力している。いつも同じ選択をするのは難しい、しかし心がけておくのは誰でもできる。自分が何を大切にするのか、それを考えて健康な食生活を過ごすべきだ。",87.0,advanced,15.0,281.0,18.73333333333333,0.4341637010676156,26.0,528.0,17.0,30.0,122.0,44.0,2.752,2.299,3.431,3.357,2.823,2.694
186,186,186,KKD08,KOR,韓国語,"忙しい現代人にとって欠かせないファストフードは時間の節約が出来てとても便利である。しかし、高エネルギーの食品が多いため、各種の成人病の原因にもなり、ダイエットにもあまり良くないのである。さらに、ファストフードは使い捨ての皿やコップを多く使うため、環境にも悪い影響を与えている。つまり、簡単で便利な長点はあっても体にも地球にも優しくない。
ところが、ファストフードは人気がどんどんなくなり、自然主義ブームで手作りのスローフードが流行ってきた。時間と手間がかかってもヘルシーな食べ物を食べて、体を大切にできるのである。
食生活は個人の好みや考え方が多く反映されるが、私は健康を一番大事だと思うので、体に一番健康的な食生活をした方がいいと思う。今すぐは便利で効率的に見えるかもしれないが、長期的にみたら手作りのスローフードの方が効率的だと思うからである。","忙しい現代人にとって欠かせないファストフードは時間の節約が出来てとても便利である。しかし、高エネルギーの食品が多いため、各種の成人病の原因にもなり、ダイエットにもあまり良くないのである。さらに、ファストフードは使い捨ての皿やコップを多く使うため、環境にも悪い影響を与えている。つまり、簡単で便利な長点はあっても体にも地球にも優しくない。
ところが、ファストフードは人気がどんどんなくなり、自然主義ブームで手作りのスローフードが流行ってきた。時間と手間がかかってもヘルシーな食べ物を食べて、体を大切にできるのである。
食生活は個人の好みや考え方が多く反映されるが、私は健康を一番大事だと思うので、体に一番健康的な食生活をした方がいいと思う。今すぐは便利で効率的に見えるかもしれないが、長期的にみたら手作りのスローフードの方が効率的だと思うからである。",84.0,advanced,8.0,196.0,24.5,0.5153061224489796,20.0,374.0,19.0,28.0,85.0,38.0,2.653,2.019,3.14,3.07,2.521,2.427
187,187,187,KKD09,KOR,韓国語,"現代の人々はどんどんファーストフードに馴染んでいっている。便利で気軽に食べられるという理由でもあるだろうが、食事をする時間も削って忙しい毎日を送ることにいつの間にか慣れてしまった私たちにファーストフードはもはや「食事代わり」ではなく「食事」になってしまった。ファーストフードの長所はやはり早くて、食べやすいということだが、栄養面においてはあまり望ましくないと言える。ファーストフードを食べるのが日常になってしまうと整った栄養の摂取が不可能になるだけでなく、また主に使われる材料から見てコレステロール等により健康に影響を及ぼす恐れもある。
反面、家で直接作った家庭料理はどうだろうか。さすがにファーストフードよりは整った栄養を摂取することが出来るだろうが、家庭料理にも心配点は存在する。韓国人の場合しょっぱい料理を楽しむ食習慣をもっていて、家庭料理でも塩分を過大摂取する傾向がある。このような点を踏まえて家庭料理の長所を挙げるなら、家族と一緒に料理や時間を共有できるというところだろう。
すなわち私は現代人の食生活を、ファーストフードと家庭料理に分けて考えるのではなく、両方の長所と短所を考えながら栄養と健康を十分に考慮して適切な食事をするのが大切だと思う。","現代の人々はどんどんファーストフードに馴染んでいっている。便利で気軽に食べられるという理由でもあるだろうが、食事をする時間も削って忙しい毎日を送ることにいつの間にか慣れてしまった私たちにファーストフードはもはや「食事代わり」ではなく「食事」になってしまった。ファーストフードの長所はやはり早くて、食べやすいということだが、栄養面においてはあまり望ましくないと言える。ファーストフードを食べるのが日常になってしまうと整った栄養の摂取が不可能になるだけでなく、また主に使われる材料から見てコレステロール等により健康に影響を及ぼす恐れもある。
反面、家で直接作った家庭料理はどうだろうか。さすがにファーストフードよりは整った栄養を摂取することが出来るだろうが、家庭料理にも心配点は存在する。韓国人の場合しょっぱい料理を楽しむ食習慣をもっていて、家庭料理でも塩分を過大摂取する傾向がある。このような点を踏まえて家庭料理の長所を挙げるなら、家族と一緒に料理や時間を共有できるというところだろう。
すなわち私は現代人の食生活を、ファーストフードと家庭料理に分けて考えるのではなく、両方の長所と短所を考えながら栄養と健康を十分に考慮して適切な食事をするのが大切だと思う。",90.0,advanced,9.0,274.0,30.444444444444443,0.437956204379562,28.0,528.0,27.0,29.0,101.0,64.0,2.33,1.853,3.016,2.943,2.262,2.139
188,188,188,KKD10,KOR,韓国語,"ファーストフードは作り方が簡単で、注文してからすぐ出て食べられる飲食である。
矢宅て手軽にたべられるので忙しすぎる現代人にはとても便利な食べ物である。
それだけではない。われわれは国内だけではなく、海外のどこでもファーストフードが手軽く見つけられる。それに、値段もやすいのでだれでもファーストフーをたべられる。
しかし、ファーストフードはジャンクフードという不名誉な名前を持っているほど人体に悪い飲食として知られている。ファーストフードど問題はチーズ、肉、ケチャップなどの塩分をおおく含むもの使用し、調理法も油で揚げたりするので高いカロリーと脂肪を摂取してしまうことである。これはただ肥満ではなく、成人病、癌など恐ろしい病気を起こす。
最近の調査によるとファーストフードには中毒性もあって、一度食べだしたら止まらなくなるそうだ。タバコや麻薬などとまちがいないあわゆる中毒物なのだ。
こんなファーストフードに比べて家庭で作るのはまず安全性の高い飲食だと言える。
自分が直接選んださまざまな材料で時間をかかって作った料理は健康によいはずだからである。栄養は豊かでファーストフードに含まれている有害成分がないので家庭で作っる料理を食べたら肥満になる心配もする必要がないのだ。
我々は食べるものによって作られる身体を持つようになる。食生活は人間の肉体、精神の健康を左右するもっとも大事なものだと思っている。","ファーストフードは作り方が簡単で、注文してからすぐ出て食べられる飲食である。
矢宅て手軽にたべられるので忙しすぎる現代人にはとても便利な食べ物である。
それだけではない。われわれは国内だけではなく、海外のどこでもファーストフードが手軽く見つけられる。それに、値段もやすいのでだれでもファーストフーをたべられる。
しかし、ファーストフードはジャンクフードという不名誉な名前を持っているほど人体に悪い飲食として知られている。ファーストフードど問題はチーズ、肉、ケチャップなどの塩分をおおく含むもの使用し、調理法も油で揚げたりするので高いカロリーと脂肪を摂取してしまうことである。これはただ肥満ではなく、成人病、癌など恐ろしい病気を起こす。
最近の調査によるとファーストフードには中毒性もあって、一度食べだしたら止まらなくなるそうだ。タバコや麻薬などとまちがいないあわゆる中毒物なのだ。
こんなファーストフードに比べて家庭で作るのはまず安全性の高い飲食だと言える。
自分が直接選んださまざまな材料で時間をかかって作った料理は健康によいはずだからである。栄養は豊かでファーストフードに含まれている有害成分がないので家庭で作っる料理を食べたら肥満になる心配もする必要がないのだ。
我々は食べるものによって作られる身体を持つようになる。食生活は人間の肉体、精神の健康を左右するもっとも大事なものだと思っている。",81.0,advanced,15.0,301.0,20.066666666666663,0.4883720930232558,28.0,599.0,24.0,30.0,111.0,54.0,2.825,2.296,3.543,3.471,2.854,2.745
189,189,189,KKD11,KOR,韓国語,"私達は「食」に関しては、今までにないほど恵まれている時代を生きている。私達は真夏にカキ氷が食べれるということを濃く自然に思って、それに対し、何の疑問も、ありがたさも感じない。でもそれは、冷蔵庫が一般化される前までは想像にさえ出来ない、画期的で、まさに夢の様なライフスタイルだ。
毎日いつも食べているご飯だってそうだ。最近の若者達にはお母さんの愛情（と支度にかかる時間）がたっぷり入ったご飯をいただくより、お金を払えばたった1分も待たずにいただけるハムバーガーなどのファストフードの方を好む傾向がある。それだって数十年前には考えられなかったはずだ。
こういった現象を一刻では‘若者たちがファストフードのせいで体調を崩している’だの、偏った栄養バランスに焦点を合せて非難の声を上げているが、それよりもっと真剣に考えるべきは‘時間’だ。
食事にどれだけ時間を使うか。これは色んな意味で重要なことだ。世界を変えた発明品の中で洗濯機があるのはご存じですかな。家事にものすごい時間を費やすしかなかった女性が洗濯機の発明のおかげで家事から開放され、社会への進出の道が開かれたのだ。それに同じく、ファストフードの登場は、さらにご飯の支度からにも女性を開放させた。しかし、その分、食事の時に感じる家族の絆は弱まって行ったとも言える。即ち、家庭料理の長所がファストフードの短所になり、ファストフードの長所が家庭料理の短所になる。
という訳で、ゆっくりした家庭料理と、ファストフードのどっちが良い悪いとは一言で断言するのは難しい。だが、ここではっきり言えるのは、変化しつつある食生活で‘時間’持つ意味は多彩で、それを長所に取るか、短所に取るかを決めるのは、このエッセイを読んでいるあなたであって、あなたのライフスタイルに口出し好きなお偉いさんではないということだ。","私達は「食」に関しては、今までにないほど恵まれている時代を生きている。私達は真夏にカキ氷が食べれるということを濃く自然に思って、それに対し、何の疑問も、ありがたさも感じない。でもそれは、冷蔵庫が一般化される前までは想像にさえ出来ない、画期的で、まさに夢の様なライフスタイルだ。
毎日いつも食べているご飯だってそうだ。最近の若者達にはお母さんの愛情（と支度にかかる時間）がたっぷり入ったご飯をいただくより、お金を払えばたった1分も待たずにいただけるハムバーガーなどのファストフードの方を好む傾向がある。それだって数十年前には考えられなかったはずだ。
こういった現象を一刻では‘若者たちがファストフードのせいで体調を崩している’だの、偏った栄養バランスに焦点を合せて非難の声を上げているが、それよりもっと真剣に考えるべきは‘時間’だ。
食事にどれだけ時間を使うか。これは色んな意味で重要なことだ。世界を変えた発明品の中で洗濯機があるのはご存じですかな。家事にものすごい時間を費やすしかなかった女性が洗濯機の発明のおかげで家事から開放され、社会への進出の道が開かれたのだ。それに同じく、ファストフードの登場は、さらにご飯の支度からにも女性を開放させた。しかし、その分、食事の時に感じる家族の絆は弱まって行ったとも言える。即ち、家庭料理の長所がファストフードの短所になり、ファストフードの長所が家庭料理の短所",87.0,advanced,16.0,402.0,25.125,0.472636815920398,37.0,771.0,36.0,36.0,167.0,73.0,2.832,2.252,3.457,3.35,2.75,2.611
190,190,190,KKD12,KOR,韓国語,"現代になって人生の質という所に人々の関心が集中されている。これは子供育てより自分たちの人生にもっと気を使う事になり、少子化の傾向を呼び起こした。傍ら、どんどん難しくなる就職などが原因で今の若者は就職も結婚も諦めている現象が増えている。これが意味しているのはつまり、一人暮らしの増加である。一人暮らしではなくても家族という単語が示している人数は昔と比べて減少しているのである。
家庭で消費される材料の減少はその食生活に影響を与えた。特に一人暮らしの若者達は自宅での食事にそんなに気を使わないのである。一回に使う材料の減少、少なくなった料理時間は既存の家庭料理を簡単な事に変化させたのである。つまりファーストフード化しているのだ。
一方、ファーストフードもその時代に合わせた変化を見せている。自宅での食事にあまり気を使わない一人暮らしの若者達は完成された食事自体を利用する頻度が多くなったのである。両親が会社で働いて遅く帰宅するゆえ、子供たちが食事を外から買って来る事も増加した。この変化に合わせてコンビにや食堂のメニューも変わってきたのである。前のメニューよりもっとクオリティーの高いものが登場し始めた。さらに選択できるメニューも多くなった。今ではコンビになどで家庭料理に近い完成品が見られるのも普通な事になったのである。
このように家庭料理とファーストフードの境界は崩壊している。今のような核家族化が進んだらこの境界は完全に意味がなくなるはずである。両方は短い調理時間、食べる方法が簡単な事、高い栄養などのメリットを受容して発展しているのである。","現代になって人生の質という所に人々の関心が集中されている。これは子供育てより自分たちの人生にもっと気を使う事になり、少子化の傾向を呼び起こした。傍ら、どんどん難しくなる就職などが原因で今の若者は就職も結婚も諦めている現象が増えている。これが意味しているのはつまり、一人暮らしの増加である。一人暮らしではなくても家族という単語が示している人数は昔と比べて減少しているのである。
家庭で消費される材料の減少はその食生活に影響を与えた。特に一人暮らしの若者達は自宅での食事にそんなに気を使わないのである。一回に使う材料の減少、少なくなった料理時間は既存の家庭料理を簡単な事に変化させたのである。つまりファーストフード化しているのだ。
一方、ファーストフードもその時代に合わせた変化を見せている。自宅での食事にあまり気を使わない一人暮らしの若者達は完成された食事自体を利用する頻度が多くなったのである。両親が会社で働いて遅く帰宅するゆえ、子供たちが食事を外から買って来る事も増加した。この変化に合わせてコンビにや食堂のメニューも変わってきたのである。前のメニューよりもっとクオリティーの高いものが登場し始めた。さらに選択できるメニューも多くなった。今ではコンビになどで家庭料理に近い完成品が見られるのも普通な事になったのである。
このように家庭料理とファーストフードの境界は崩壊している。今のような核家族化が",87.0,advanced,19.0,382.0,20.105263157894736,0.3769633507853403,28.0,673.0,37.0,48.0,140.0,87.0,2.682,2.217,3.4,3.307,2.738,2.585
191,191,191,KKD15,KOR,韓国語,"忙しい現代。私たちにとって時間は金です。ファーストフードはそんな大切な時間を節約するこよができます。安い！美味しい！早い！この三つがファーストフードのモットーです。色々便利な食べ物ですがファーストフードには致命的な弱点があります。それは簡単に言うと「健康によくない！」という点です。じゃあ、家庭料理はどうでしょうか。
いい食材を使う。ゆっくり楽しめる。健康にやさしい。この三つが家庭料理のモットーです。お母さんが作ってくれたものと似た味がする、こころまで暖かくしてくれる料理こそ家庭料理だといえます。ですが、今のように忙しい現代のなかで家庭料理を楽しめる時間はないです。また、いい食材を使った分、値段も高くなるのも事実です。
じゃあ、忙しい現代の中で私達はどうすればいいでしょうか。ファーストフードはファーストフードのみのいい点があり、家庭料理は家庭料理のみのいい点があります。私はまずファーストフードの偏見をなくすのが重要だと思います。
ファーストフードと言えば一番先に「健康によくない」というイメージですがどうでしょうか。例えばハンバーガーの場合普通「パン（炭水化物）肉（たんぱく質）キャベツ（野菜）」で作られています。考えてみればバランス的な食べ物です。いい食材を使うハンバーガーは健康に悪影響はならない。という研究結果もあります。問題はコーラとフライドポテトです。いい食材をつかって、いい料理をつくる。ファーストフードも家庭料理あれが一番大切だと思います。","忙しい現代。私たちにとって時間は金です。ファーストフードはそんな大切な時間を節約するこよができます。安い！美味しい！早い！この三つがファーストフードのモットーです。色々便利な食べ物ですがファーストフードには致命的な弱点があります。それは簡単に言うと「健康によくない！」という点です。じゃあ、家庭料理はどうでしょうか。
いい食材を使う。ゆっくり楽しめる。健康にやさしい。この三つが家庭料理のモットーです。お母さんが作ってくれたものと似た味がする、こころまで暖かくしてくれる料理こそ家庭料理だといえます。ですが、今のように忙しい現代のなかで家庭料理を楽しめる時間はないです。また、いい食材を使った分、値段も高くなるのも事実です。
じゃあ、忙しい現代の中で私達はどうすればいいでしょうか。ファーストフードはファーストフードのみのいい点があり、家庭料理は家庭料理のみのいい点があります。私はまずファーストフードの偏見をなくすのが重要だと思います。
ファーストフードと言えば一番先に「健康によくない」というイメージですがどうでしょうか。例えばハンバーガーの場合普通「パン（炭水化物）肉（たんぱく質）キャベツ（野菜）」で作られています。考えてみればバランス的な食べ物です。いい食材を使うハンバーガーは健康に悪影響はならない。という研究結果もあります。問題はコーラとフライドポテトです。いい食材をつかって、いい料理",83.0,advanced,29.0,297.0,10.241379310344827,0.3939393939393939,19.0,632.0,28.0,13.0,107.0,54.0,2.468,1.99,3.114,3.038,2.435,2.315
192,192,192,KKD16,KOR,韓国語,"私たちは日常生活の中で、ファストフードと家庭料理を食べています。
この二つの食べ物はそれぞれの長所と短所を持ち、もはや私たちの食生活で欠かせないものになりました。では、果たして、ファストフードと家庭料理の長所と短所にはどのようなものがあるのでしょうか。
まず、ファストフードの長所は、早く食べられるところです。ファストフードは早く作られるし、食べ方も便利で、あまり時間がかかりません。そしてファストフードはその値段が安いと言う長所もあります。
しかし、ファストフードには健康に悪いと言う短所が存在します。それで、ファストフードばかり食べる食習慣は健康に悪影響を与えますので、気をつける必要があります。
これとは逆に、手作りの家庭料理は健康にいいし、家族との食事を通じてその絆を深まり、身と心に余裕をもたせると言う長所があります。しかし、時間がかかり、手間がかかると言う短所を持っています。
私たちは、ファストフードと家庭料理をバランスよく摂取し、これらの長所だけをいかせる食生活を保つべきだと思います。","私たちは日常生活の中で、ファストフードと家庭料理を食べています。
この二つの食べ物はそれぞれの長所と短所を持ち、もはや私たちの食生活で欠かせないものになりました。では、果たして、ファストフードと家庭料理の長所と短所にはどのようなものがあるのでしょうか。
まず、ファストフードの長所は、早く食べられるところです。ファストフードは早く作られるし、食べ方も便利で、あまり時間がかかりません。そしてファストフードはその値段が安いと言う長所もあります。
しかし、ファストフードには健康に悪いと言う短所が存在します。それで、ファストフードばかり食べる食習慣は健康に悪影響を与えますので、気をつける必要があります。
これとは逆に、手作りの家庭料理は健康にいいし、家族との食事を通じてその絆を深まり、身と心に余裕をもたせると言う長所があります。しかし、時間がかかり、手間がかかると言う短所を持っています。
私たちは、ファストフードと家庭料理をバランスよく摂取し、これらの長所だけをいかせる食生活を保つべきだと思います。",86.0,advanced,11.0,219.0,19.90909090909091,0.4520547945205479,20.0,451.0,29.0,13.0,102.0,41.0,2.05,1.552,2.583,2.503,1.811,1.862
193,193,193,KKD21,KOR,韓国語,"現代の人の食文化は普通、二つに分かれる。速くて簡単なファーストフード、そして手がかるが栄誉的に良い家庭料理である。まず、ファーストフードは時間のない現代の人に愛されている。注文するとすぐできあがるし、スプーンとか箸などもいらない。15分内に食事を済ませる。値段も比較的に安い。しかし、高熱量で栄養的にも炭水化物、脂肪に傾いている。
家庭料理は昔から伝えてきた栄養たっぷりの料理で、健康に気を使う現代の人に注目されている。韓国では「身土不二」という言葉があるように、その土壌で生じた食材で心を込めた料理をつくれば体に良いことは間違いない。だが忙しい人に時間をかけて料理をするのは大変なことであり、美味しい料理をするためには腕前も養わなきゃならない。料理によって費用も様々だ。
現代になって、人々の生き方が変わった。だがそれに反して現代の食文化は二元化になった。時間？金銭的余力のある人は健康を優先する食事をするが、そうする余力のない人は健康より安くて迅速な食事をする。したがって、新しい現代の食文化は昔とは違って、多様な要求を満たさなければならない。─ファーストフード如く迅速で簡単であること、家庭料理如く体に良いこと、その以外に合理的な値段。新しい現代の食文化は昔とは違って、多様な要求を満たさなければならない。─ファーストフード如く迅速で簡単であること、家庭料理如く体に良いこと、その以外に合理的な値段。「新しい現代的食文化を作ること」は全ての社会が考えるべきの「話頭」である。","現代の人の食文化は普通、二つに分かれる。速くて簡単なファーストフード、そして手がかるが栄誉的に良い家庭料理である。まず、ファーストフードは時間のない現代の人に愛されている。注文するとすぐできあがるし、スプーンとか箸などもいらない。15分内に食事を済ませる。値段も比較的に安い。しかし、高熱量で栄養的にも炭水化物、脂肪に傾いている。
家庭料理は昔から伝えてきた栄養たっぷりの料理で、健康に気を使う現代の人に注目されている。韓国では「身土不二」という言葉があるように、その土壌で生じた食材で心を込めた料理をつくれば体に良いことは間違いない。だが忙しい人に時間をかけて料理をするのは大変なことであり、美味しい料理をするためには腕前も養わなきゃならない。料理によって費用も様々だ。
現代になって、人々の生き方が変わった。だがそれに反して現代の食文化は二元化になった。時間？金銭的余力のある人は健康を優先する食事をするが、そうする余力のない人は健康より安くて迅速な食事をする。したがって、新しい現代の食文化は昔とは違って、多様な要求を満たさなければならない。─ファーストフード如く迅速で簡単であること、家庭料理如く体に良いこと、その以外に合理的な値段。新しい現代の食文化は昔とは違って、多様な要求を満たさなければならない。─ファーストフード如く迅速で簡単であること、家庭料理如く体に良いこと、その以外に合理的な",84.0,advanced,20.0,349.0,17.45,0.3638968481375358,25.0,640.0,36.0,30.0,131.0,81.0,2.413,2.032,2.871,2.856,2.449,2.342
194,194,194,KKD23,KOR,韓国語,"パスとフウドは言葉通りに忙しい現代人に合わせた早くできる食べ物です。
時間的にも用意で、自ら作ることなく間単に食べることができます。
それに自分の好みの食べ物を一個づつ売っているので、科学的な面で見ても安いし、量も残さないので、一人暮らしが増えているこの世では便利で実用的だと思います。
しかし、熱量が高いため健康にも悪いし、食べ過ぎると、肥満や気が立ちやすい性格に変わります。それにビールやプラスチックのようなリサイクルのかかりすぎる環境汚染物がたまります。
その反面、家庭で作った手作り料理は、時間がかかりすぎます。それに食べた後の後付方とか、面倒なので手がかかりすぎます。
しかし、健康に良いし、作った甲斐あるので慮入りの腕前もあがるとおもいます。
また、料理を作る人たちは大抵料理を作ることが好きで、面倒だけど性格がまじめでゆっくり待つことができます。それで心も広いし、いい人であることが多いと思います。","パスとフウドは言葉通りに忙しい現代人に合わせた早くできる食べ物です。
時間的にも用意で、自ら作ることなく間単に食べることができます。
それに自分の好みの食べ物を一個づつ売っているので、科学的な面で見ても安いし、量も残さないので、一人暮らしが増えているこの世では便利で実用的だと思います。
しかし、熱量が高いため健康にも悪いし、食べ過ぎると、肥満や気が立ちやすい性格に変わります。それにビールやプラスチックのようなリサイクルのかかりすぎる環境汚染物がたまります。
その反面、家庭で作った手作り料理は、時間がかかりすぎます。それに食べた後の後付方とか、面倒なので手がかかりすぎます。
しかし、健康に良いし、作った甲斐あるので慮入りの腕前もあがるとおもいます。
また、料理を作る人たちは大抵料理を作ることが好きで、面倒だけど性格がまじめでゆっくり待つことができます。それで心も広いし、いい人であることが多いと思います。",82.0,advanced,10.0,214.0,21.4,0.5280373831775701,21.0,406.0,20.0,22.0,109.0,30.0,3.589,3.002,4.433,4.347,3.221,3.104
195,195,195,KKD24,KOR,韓国語,"ファーストフードだと言ったら、fast foodという名前の通り、短い時間で作って食べることができるということが、ファーストフードだの長所ではないかと思う。忙しい一日を生きている現代の学生や会社員の生活に合う代表な発明品だとも言えるほど、注文から食べ終わるまでかかる時間は短かったら15分～20分くらいである。また、様々な年齢が楽しめるパンと肉の美味しさや安い値段もファーストフードが私たちの生活に深く入っている理由になるかもしれない。でも、本当にこれだけでいいのか。本当にただ心配なく楽しんでもいいのか。これは考えてみる必要がある問題だと私は考えていた。早く作れれば作るほど、そうするために、建国には良くない添加物が入っているはずだ。また、早く食べられる長所がある一方、その分、回りの人との時間をゆっくり楽しめないという短所もある。
それに比べて、家庭料理は、作るのに時間や手間がかかるし、料理を作るための費用も結構かかる。しかし、作る人の愛情のこもった料理を食べれる嬉しさや家族、友だちと話しながらゆっくり楽しめる時間は何物にも代えられない大切なものである。
現代、私たちの生活はもっと便利でもっと簡単にできるのを求めているし、それに合わせて衣食住の生活も変わっているが、その中でも特に食生活は多くの影響を与えられるとおもう。でも身体の健康だけではなく、精神の健康にも関係ある食生活だけはゆっくりのままでいいのではないかと私は思っている。","ファーストフードだと言ったら、fast foodという名前の通り、短い時間で作って食べることができるということが、ファーストフードだの長所ではないかと思う。忙しい一日を生きている現代の学生や会社員の生活に合う代表な発明品だとも言えるほど、注文から食べ終わるまでかかる時間は短かったら15分～20分くらいである。また、様々な年齢が楽しめるパンと肉の美味しさや安い値段もファーストフードが私たちの生活に深く入っている理由になるかもしれない。でも、本当にこれだけでいいのか。本当にただ心配なく楽しんでもいいのか。これは考えてみる必要がある問題だと私は考えていた。早く作れれば作るほど、そうするために、建国には良くない添加物が入っているはずだ。また、早く食べられる長所がある一方、その分、回りの人との時間をゆっくり楽しめないという短所もある。
それに比べて、家庭料理は、作るのに時間や手間がかかるし、料理を作るための費用も結構かかる。しかし、作る人の愛情のこもった料理を食べれる嬉しさや家族、友だちと話しながらゆっくり楽しめる時間は何物にも代えられない大切なものである。
現代、私たちの生活はもっと便利でもっと簡単にできるのを求めているし、それに合わせて衣食住の生活も変わっているが、その中でも特に食生活は多くの影響を与えられるとおもう。でも身体の健康だけではなく、精神の健康にも関係ある食生活だけはゆっくり",84.0,advanced,12.0,334.0,27.83333333333333,0.437125748502994,32.0,621.0,28.0,20.0,146.0,54.0,2.799,2.368,3.487,3.464,2.873,2.766
196,196,196,KKD25,KOR,韓国語,"我々が普段口にしている家庭料理とファーストフード、それにはそれぞれの長所と短所がある。まず、家庭料理は栄養バランスをとれることができる。家で料理を作るとすると自分の好みに合わせて調理することができる。調味料の量を少なめにしたり、体に悪いものは入れないなどとして栄養バランスをとれることができる。しかし、家庭料理の短所としては時間がかかるという点がある。自分でいちいち野菜を料理し、調理することで1時間以上かかる場合もある。それなら、お金を使ってでも外食した方が、楽で時間の節約になるかもしれない。
また、ファーストフードの長所としてはどこでも簡単に食べられるという点である。例えば、マクドナルドは今はどこでも見ることができる。そして、調理時間も短いのでスピード化している今の社会ではもってこいの食べ物になるのである。しかし、ファーストフードにも短所がある。それは、体に悪い影響を与える点である。簡単だからといって、食べ続けることになると、生活習慣病になる可能性は高くなる。それは高血圧、糖尿、心筋梗塞などの疾病を起こすことになる。
スピード化している今の社会では仕事も大事だが、もっと大事なのは健康である。面倒だから外食、忙しいから外食といった考えを変えるべきである。まずくても体のことを思って家庭での料理にした方がいいと思うのである。","我々が普段口にしている家庭料理とファーストフード、それにはそれぞれの長所と短所がある。まず、家庭料理は栄養バランスをとれることができる。家で料理を作るとすると自分の好みに合わせて調理することができる。調味料の量を少なめにしたり、体に悪いものは入れないなどとして栄養バランスをとれることができる。しかし、家庭料理の短所としては時間がかかるという点がある。自分でいちいち野菜を料理し、調理することで1時間以上かかる場合もある。それなら、お金を使ってでも外食した方が、楽で時間の節約になるかもしれない。
また、ファーストフードの長所としてはどこでも簡単に食べられるという点である。例えば、マクドナルドは今はどこでも見ることができる。そして、調理時間も短いのでスピード化している今の社会ではもってこいの食べ物になるのである。しかし、ファーストフードにも短所がある。それは、体に悪い影響を与える点である。簡単だからといって、食べ続けることになると、生活習慣病になる可能性は高くなる。それは高血圧、糖尿、心筋梗塞などの疾病を起こすことになる。
スピード化している今の社会では仕事も大事だが、もっと大事なのは健康である。面倒だから外食、忙しいから外食といった考えを変えるべきである。まずくても体のことを思って家庭での料理にした方がいいと思うのである。",87.0,advanced,17.0,298.0,17.529411764705884,0.3892617449664429,21.0,568.0,44.0,20.0,117.0,63.0,2.361,1.825,2.868,2.827,2.245,2.16
197,197,197,KKD26,KOR,韓国語,"過去より現代には多くの人がファーストフードを食べる。その理由はファーストフードは言葉そのまま早いもので、忙しい現代人たちにアピールをしているためだ。特に遅刻をする人はぎりぎりた昼食時間にはよくファーストフードをたべる。このような点では、ファーストフードが時間を節約してくれるために利点だと言える。しかし、もちろん短所もある。
大きく二つ挙げることができる。第一、ファーストフードにはほとんど揚げた食べ物しかない。それで脂肪が多くて健康に悪影響を及ぼす事がある。反面、家庭料理は時間が遅れても健康には有料に作ることができる。第二、ファーストフードは人のコミュニケーションの時間を減らしている。ファーストフードをたべるのに要する時間が短いし、ほとんど一人で食べる場合が多くて食事時間に人との対語が足りなくなる。反面、家庭料理は一般的に家族や客と一緒に食べる。それでお互いに対語が行われる。
個人的に私はファーストフードを好きじゃなくてよく食べない。なぜなら私は揚げた食べ物を食べたらお腹が痛くなってくるからだ。そして食事時間がなければ家族や友達に会って一緒に話する時間があまりない。それでその時だけは余裕のあるように人達と過ごしたいからだ。でも、たまに急ぎの時にはファーストフードをたべる。早くて簡便でかなり便利だ。このようにそれぞれ長所と短所がある。もちろんそれぞれの趣向どおり食べるのだが、その日の感情や状況によって何を食べるが選択することもいいと思う。何より重要なことは規則的で均衡のある食生活だ。","過去より現代には多くの人がファーストフードを食べる。その理由はファーストフードは言葉そのまま早いもので、忙しい現代人たちにアピールをしているためだ。特に遅刻をする人はぎりぎりた昼食時間にはよくファーストフードをたべる。このような点では、ファーストフードが時間を節約してくれるために利点だと言える。しかし、もちろん短所もある。
大きく二つ挙げることができる。第一、ファーストフードにはほとんど揚げた食べ物しかない。それで脂肪が多くて健康に悪影響を及ぼす事がある。反面、家庭料理は時間が遅れても健康には有料に作ることができる。第二、ファーストフードは人のコミュニケーションの時間を減らしている。ファーストフードをたべるのに要する時間が短いし、ほとんど一人で食べる場合が多くて食事時間に人との対語が足りなくなる。反面、家庭料理は一般的に家族や客と一緒に食べる。それでお互いに対語が行われる。
個人的に私はファーストフードを好きじゃなくてよく食べない。なぜなら私は揚げた食べ物を食べたらお腹が痛くなってくるからだ。そして食事時間がなければ家族や友達に会って一緒に話する時間があまりない。それでその時だけは余裕のあるように人達と過ごしたいからだ。でも、たまに急ぎの時にはファーストフードをたべる。早くて簡便でかなり便利だ。このようにそれぞれ長所と短所がある。もちろんそれぞれの趣向どおり食べるのだが、その日の感",65.0,intermediate,22.0,329.0,14.954545454545457,0.4224924012158054,23.0,650.0,40.0,20.0,144.0,57.0,2.621,2.083,3.464,3.349,2.497,2.395
198,198,198,KKD28,KOR,韓国語,"ファストフードとは何か。辞書によると、「短時間で調理、あるいは注文をしてから直ぐ食べられる手軽の食品」を呼ぶ言葉である。なら、家庭料理とは何か。これは辞書を引くまでもない。家庭で作られた料理のことをいう言葉だ。つまり、どちらも身体に悪い、あるいはいいなどの意味を含んではいないということだ。
だが、世間はそう思っていないらしい。実際、「ファストフード」という言葉はロークオリティ食品の対名詞のように使われ、「家庭料理」と言えばなんとなく身体によさそうなイメージがある。私たちはそのイメージに目を取られ、それぞれの本質を見逃しているのではないだろうか。
もちろん、ファストフードは家で作るものでないだけに、質の低いものが多く、衛生についても怪しいものも多い。だが、すべてが質の悪いものばかりではない。栄養と品質を考えた質の良いファストフードを売りにしている店だってある。それらは「速い」というファストフードの長所とシナジー効果を起こし、忙しい現代人のよき食事になれる。
家庭料理もそうだ。単に家庭内で作られただけで身体にいいものが出来上がるとは限らない。注意深く食材を選んで、栄養も考慮しなければならない。だが、やはり現代人は忙しく、毎日ちゃんとした料理を作る人は案外少ない。一人暮らしの学生などは特にそうだ。家で作りはしたが、衛生などがあまり考慮されてない、いい加減の料理ばかりを食べている人と、ファストフードではあるが栄養や品質がよく工夫されたちゃんとした食事を取っている人。どちらの食生活がより良いものであるかは言うまでもないだろう。
要は、私たち自身の心持が重要だということだ。ファーストフードも家庭料理も各自の短所と長所がある。だが、それは人の努力次第に逆転させることもできる。私たちはそれをよく理解した上、先入観にとらわれず、時々の状況に合わせて、自分の食生活をより良いものにしていくための努力をしなければならない。","ファストフードとは何か。辞書によると、「短時間で調理、あるいは注文をしてから直ぐ食べられる手軽の食品」を呼ぶ言葉である。なら、家庭料理とは何か。これは辞書を引くまでもない。家庭で作られた料理のことをいう言葉だ。つまり、どちらも身体に悪い、あるいはいいなどの意味を含んではいないということだ。
だが、世間はそう思っていないらしい。実際、「ファストフード」という言葉はロークオリティ食品の対名詞のように使われ、「家庭料理」と言えばなんとなく身体によさそうなイメージがある。私たちはそのイメージに目を取られ、それぞれの本質を見逃しているのではないだろうか。
もちろん、ファストフードは家で作るものでないだけに、質の低いものが多く、衛生についても怪しいものも多い。だが、すべてが質の悪いものばかりではない。栄養と品質を考えた質の良いファストフードを売りにしている店だってある。それらは「速い」というファストフードの長所とシナジー効果を起こし、忙しい現代人のよき食事になれる。
家庭料理もそうだ。単に家庭内で作られただけで身体にいいものが出来上がるとは限らない。注意深く食材を選んで、栄養も考慮しなければならない。だが、やはり現代人は忙しく、毎日ちゃんとした料理を作る人は案外少ない。一人暮らしの学生などは特にそうだ。家で作りはしたが、衛生などがあまり考慮されてない、いい加減の料理ばかりを食べている人と、ファ",87.0,advanced,24.0,417.0,17.375,0.381294964028777,31.0,813.0,28.0,44.0,181.0,67.0,2.524,2.022,3.188,3.089,2.534,2.422
199,199,199,KKD33,KOR,韓国語,"私たちは日常生活の中、家でゆっくりと家庭料理を食べることがあれば、時々ハムバーガーなどに代表されるファーストフードを食べることもある。この二種類の食事方式は、現代社会でそれぞれの役割を持っている。
家庭料理を食べるという事は一家の人々が同じ場所に集まるという事から、構成員同士の紐帯が深まる所になり、お互いが自然に話し合える、対話の場にもなる。このように家庭料理を食べるという事は、単に食事を取ることだけでなく、人々に安定感や帰属感などを与えると言えるのだ。
一方、ファーストフードは多忙な現代人にとって欠かせないものである。料理のできあがりを待つ必要もないし、シンプルな構成や簡単に食べられる事もあり若者の間で愛されたりもする。「腹は減っている、でも時間が長くかかってはいけない」という場合にファーストフードは本当に良い選択肢になろう。
私に言わせれば、「家庭料理の方はまともな食事だがもう片方はそうでない」、「今の時代にはファーストフードが一番合っている」など優劣関係を見いだすよりは、どちらも現代社会の姿として認めるのが大事だと思う。","私たちは日常生活の中、家でゆっくりと家庭料理を食べることがあれば、時々ハムバーガーなどに代表されるファーストフードを食べることもある。この二種類の食事方式は、現代社会でそれぞれの役割を持っている。
家庭料理を食べるという事は一家の人々が同じ場所に集まるという事から、構成員同士の紐帯が深まる所になり、お互いが自然に話し合える、対話の場にもなる。このように家庭料理を食べるという事は、単に食事を取ることだけでなく、人々に安定感や帰属感などを与えると言えるのだ。
一方、ファーストフードは多忙な現代人にとって欠かせないものである。料理のできあがりを待つ必要もないし、シンプルな構成や簡単に食べられる事もあり若者の間で愛されたりもする。「腹は減っている、でも時間が長くかかってはいけない」という場合にファーストフードは本当に良い選択肢になろう。
私に言わせれば、「家庭料理の方はまともな食事だがもう片方はそうでない」、「今の時代にはファーストフードが一番合っている」など優劣関係を見いだすよりは、どちらも現代社会の姿として認めるのが大事だと思う。",90.0,advanced,8.0,245.0,30.625,0.5020408163265306,27.0,470.0,26.0,27.0,98.0,52.0,2.82,2.134,3.318,3.183,2.499,2.399
200,200,200,KKD34,KOR,韓国語,"現代に入って、二様のひとがいます。手つくりがすきなひとと、ファーストフードがすきなひとがいるだと思います。別々に長所と短所があるから、二様のひとがいるだと思います。
手つくりの長所は、自分で作ると、いい材料と作れるから、健康のために、いい方法だと思います。そして、家で食べると、母が作りますから、子供が母にありがたみを感じられます。それで、どんどん愛情が積もることができます。
手つくりの短所は、ちょっとめんどくさいです。材料を準備して、食事が終わったら、皿も洗う。
ファーストフードの長所は、時間が掛からないです。それで、忙しい人たちが、仕事を早く終わるたかったら、いい方式だと思います。
ファーストフードの短所は、健康にいいか、どうかわからないです。材料がどこから来たのかもしらないです。そして、どう作ったのかも分からないです。ちょっと危ないだとおもいます。
私の意見は‘私たちの食生活’に手つくりのフードがいいだとおもいます。家族といっしょに食べられるし、ゆっくり話せます。それをしながら、家族ともっと近くなります。それだけではなく、いろんな友人を誘ってあげて、手つくりの食事をあげたら、私の思いやりを見せられます。手つくりの料理は友人や家族との関係をいいになってくれます。そして、自分で見て選択した材料と作れますから、健康を考えたら、いい方式だと思います。","現代に入って、二様のひとがいます。手つくりがすきなひとと、ファーストフードがすきなひとがいるだと思います。別々に長所と短所があるから、二様のひとがいるだと思います。
手つくりの長所は、自分で作ると、いい材料と作れるから、健康のために、いい方法だと思います。そして、家で食べると、母が作りますから、子供が母にありがたみを感じられます。それで、どんどん愛情が積もることができます。
手つくりの短所は、ちょっとめんどくさいです。材料を準備して、食事が終わったら、皿も洗う。
ファーストフードの長所は、時間が掛からないです。それで、忙しい人たちが、仕事を早く終わるたかったら、いい方式だと思います。
ファーストフードの短所は、健康にいいか、どうかわからないです。材料がどこから来たのかもしらないです。そして、どう作ったのかも分からないです。ちょっと危ないだとおもいます。
私の意見は‘私たちの食生活’に手つくりのフードがいいだとおもいます。家族といっしょに食べられるし、ゆっくり話せます。それをしながら、家族ともっと近くなります。それだけではなく、いろんな友人を誘ってあげて、手つくりの食事をあげたら、私の思いやりを見せられます。手つくりの料理は友人や家族との関係をいいになってくれます。そして、自分で見て選択した材料と作れますから、健康を考えたら、いい方式だと思います。",68.0,intermediate,20.0,294.0,14.7,0.3673469387755102,29.0,582.0,27.0,8.0,130.0,38.0,2.544,2.153,3.351,3.241,2.631,2.452
201,201,201,KKD35,KOR,韓国語,"最近忙しい日々を過している人達にプァーストフードは簡単で手軽く食べられるものです。
そんな食べ物はだいたい揚げ物で野菜が不足だから栄養が足りないことが問題になります。
でも家庭料理は作るのに結構時間がかかってしまうので夜遅く仕事が終わった人には相当面倒くさいものです。それで食べるのをやめてしまうのです。
でも家で作った食べ物には科学調味料とか塩の量を調節することができてダイエットにも役に立ちます。
たまに外食するのは憂鬱な時気分転換もできていいと思うが、体のためにはできれば家庭料理を食べることにするのがいいと思います。","最近忙しい日々を過している人達にプァーストフードは簡単で手軽く食べられるものです。
そんな食べ物はだいたい揚げ物で野菜が不足だから栄養が足りないことが問題になります。
でも家庭料理は作るのに結構時間がかかってしまうので夜遅く仕事が終わった人には相当面倒くさいものです。それで食べるのをやめてしまうのです。
でも家で作った食べ物には科学調味料とか塩の量を調節することができてダイエットにも役に立ちます。
たまに外食するのは憂鬱な時気分転換もできていいと思うが、体のためにはできれば家庭料理を食べることにするのがいいと思います。",81.0,advanced,6.0,139.0,23.166666666666668,0.5755395683453237,15.0,262.0,12.0,6.0,59.0,23.0,3.107,2.511,3.739,3.603,3.069,2.999
202,202,202,KKD37,KOR,韓国語,"世の中はあまりにも急速に回るのだが、人が生きていく基本的な要素である食品の摂取は欠かせない。現代人の代表的な食べ物の形の家庭料理とファーストフードは、それぞれ長所と短所がある。家庭料理からは新鮮な野菜、肉、魚などをバランスよく合わせる健康な食べ物を摂取することができる。また、心をこめた食べ物で心理的安定をとることもできる。しかし、家庭料理は準備材料を購入するためお金がたくさんかかる。
一方、ファーストフードは、1分1秒がもったいない現代人にとって、注文すれば食事がすぐに出てくるという面で時間の節約が長所である。また、ファーストフードは大量の材料を購入する必要がないので、お金を節約される。しかし、甘みが強い調味料を多く使用しているファーストフードを多く摂取したときは、栄養不均衡が憂慮のたえない。これは、肥満、糖尿病を誘発する可能性が高い。
時間は金なりの現代人の生活の中で健康のために家庭料理だけ固執することができず、また時間を節するためにファーストフードだけこだわりすることもできない。したがって、現代人は家庭料理とファーストフードのバランスを合わせることが必要で、「食べる」ことは腹を拵えるためのものではなく、人生の喜びを分かち合う瞬間であることを忘れてはならない。","世の中はあまりにも急速に回るのだが、人が生きていく基本的な要素である食品の摂取は欠かせない。現代人の代表的な食べ物の形の家庭料理とファーストフードは、それぞれ長所と短所がある。家庭料理からは新鮮な野菜、肉、魚などをバランスよく合わせる健康な食べ物を摂取することができる。また、心をこめた食べ物で心理的安定をとることもできる。しかし、家庭料理は準備材料を購入するためお金がたくさんかかる。
一方、ファーストフードは、1分1秒がもったいない現代人にとって、注文すれば食事がすぐに出てくるという面で時間の節約が長所である。また、ファーストフードは大量の材料を購入する必要がないので、お金を節約される。しかし、甘みが強い調味料を多く使用しているファーストフードを多く摂取したときは、栄養不均衡が憂慮のたえない。これは、肥満、糖尿病を誘発する可能性が高い。
時間は金なりの現代人の生活の中で健康のために家庭料理だけ固執することができず、また時間を節するためにファーストフードだけこだわりすることもできない。したがって、現代人は家庭料理とファーストフードのバランスを合わせることが必要で、「食べる」ことは腹を拵えるためのものではなく、人生の喜びを分かち合う瞬間であることを忘れてはならない。",78.0,intermediate,11.0,280.0,25.454545454545453,0.4535714285714285,24.0,539.0,37.0,25.0,105.0,67.0,2.566,2.071,3.256,3.159,2.466,2.428
203,203,203,KKD46,KOR,韓国語,ファストフードは大体カロリが高い。代表的なファストフードのハンバガーは９００カロリーくらいだ。これは一日に勧めるカロリーせっしゅ量の略二分の一である。ファストフードを過度に食べすぎると肥満になる。またチーズやバターみたいな食品が入っている。この食品はコレステロールが高い。たからファストフードをたべるとコレステロールが高い料理をだべりころになる。韓国人の食生活に一番問題になっていることはしおのせっしゅ量である。ファストフードはしおがだくさん含有されている。たからキムチやしょっぱいおつゆをたべる韓国の食生活にはファストフードは悪とも言われてもちかいないであろう。その反面、家庭料理は完全栄養食ができる。たから、体が成長するのにやくにたつ。しかし、家庭料理は時間がかかるけってんがある。２４時間でも時間がたりない現代に時間を少しでも効率的に使うためにファストフードを食べる人もいる。私は食生活でつめたり文化生活でつめたりすることは人生の浪費することだと思う。つまり何を食べろうと一番重要なことは食生活を楽しむことである。,ファストフードは大体カロリが高い。代表的なファストフードのハンバガーは９００カロリーくらいだ。これは一日に勧めるカロリーせっしゅ量の略二分の一である。ファストフードを過度に食べすぎると肥満になる。またチーズやバターみたいな食品が入っている。この食品はコレステロールが高い。たからファストフードをたべるとコレステロールが高い料理をだべりころになる。韓国人の食生活に一番問題になっていることはしおのせっしゅ量である。ファストフードはしおがだくさん含有されている。たからキムチやしょっぱいおつゆをたべる韓国の食生活にはファストフードは悪とも言われてもちかいないであろう。その反面、家庭料理は完全栄養食ができる。たから、体が成長するのにやくにたつ。しかし、家庭料理は時間がかかるけってんがある。２４時間でも時間がたりない現代に時間を少しでも効率的に使うためにファストフードを食べる人もいる。私は食生活でつめたり文化生活でつめたりすることは人生の浪費することだと思う。つまり何を食べろうと一番重要なことは食生活を楽しむことである。,72.0,intermediate,16.0,230.0,14.375,0.4739130434782608,24.0,460.0,12.0,21.0,86.0,41.0,2.949,2.558,3.863,3.721,3.179,3.007
204,204,204,KKD47,KOR,韓国語,"現代人の生活について食生活は二つに分けている。一つはファーストフードをよく食べる食生活ともう一つは家庭食をよく食べる食生活だ。昔はファーストフードと言う言葉が無かったけど西欧文化の入と共に
まずはファーストフードの長所は名前通り食事に余る時間が掛からないことだ。だが、その長所が短所になるかも知れない。食事を早く終われば消化に問題が出来る事もあるし、不規則的な食生活に繋がる事になるかも知れない。だが最近、ファーストフードの短所を開栓するため、ファーストフードは変化している。ウェルビーイングと言う名をかけて身体にいい食材を入れてそれに対して値段が上がっている。それに比べて家庭食は昔には作ることが面倒だったけど新鮮な食材を使って食べる直前に作って食べるから身体によかった。だが、最近は家庭食のレトルト製品が出て短所と長所が変っている。","現代人の生活について食生活は二つに分けている。一つはファーストフードをよく食べる食生活ともう一つは家庭食をよく食べる食生活だ。昔はファーストフードと言う言葉が無かったけど西欧文化の入と共に
まずはファーストフードの長所は名前通り食事に余る時間が掛からないことだ。だが、その長所が短所になるかも知れない。食事を早く終われば消化に問題が出来る事もあるし、不規則的な食生活に繋がる事になるかも知れない。だが最近、ファーストフードの短所を開栓するため、ファーストフードは変化している。ウェルビーイングと言う名をかけて身体にいい食材を入れてそれに対して値段が上がっている。それに比べて家庭食は昔には作ることが面倒だったけど新鮮な食材を使って食べる直前に作って食べるから身体によかった。だが、最近は家庭食のレトルト製品が出て短所と長所が変っている。",74.0,intermediate,9.0,192.0,21.33333333333333,0.4791666666666667,21.0,368.0,23.0,22.0,81.0,40.0,2.893,2.322,3.623,3.568,2.803,2.668
205,205,205,KKD48,KOR,韓国語,"我が人生において、時間というものはいうまでもなく大事なものである。時間をかければかけるほど物事の完成度が上がるのは当然なことだ。
この点からしてみれば、文字の通りファーストフードは一般的な家庭料理に比べてその完成度がいちじるく足りないものだといえる。逆に、時間のたくさんかかる家庭料理はその分完成度が高く、健康にいい影響を与えるものだともいえる。
しかし、我が現代人の時間は少なく、限られている。この世には、あまりにも忙しすぎて食べきればそのまま終わってしまう料理なんかに自分の大切な時間を分けるにはいかない人もあるだろう。そんな人にとってはファーストフードが最適だ。もっとも、ファーストフードの第一長所が短い時間のかかる便利さであるからだ。
最近ニュースとかいろんなテレビ番組で使っているスローフードという言葉がある。ファーストフードの反対語であるこの言葉は時間に襲われて結局健康を失ってしまう現代人に警告をする意味も含んでいる。ファーストとスロー。どっちにせよ長所だけのものではなく、また短所だけのものでもない。重要なのはバランスだ。ある一方にかたよらないよう、自分の食生活をチェックする努力が必要な時である。","我が人生において、時間というものはいうまでもなく大事なものである。時間をかければかけるほど物事の完成度が上がるのは当然なことだ。
この点からしてみれば、文字の通りファーストフードは一般的な家庭料理に比べてその完成度がいちじるく足りないものだといえる。逆に、時間のたくさんかかる家庭料理はその分完成度が高く、健康にいい影響を与えるものだともいえる。
しかし、我が現代人の時間は少なく、限られている。この世には、あまりにも忙しすぎて食べきればそのまま終わってしまう料理なんかに自分の大切な時間を分けるにはいかない人もあるだろう。そんな人にとってはファーストフードが最適だ。もっとも、ファーストフードの第一長所が短い時間のかかる便利さであるからだ。
最近ニュースとかいろんなテレビ番組で使っているスローフードという言葉がある。ファーストフードの反対語であるこの言葉は時間に襲われて結局健康を失ってしまう現代人に警告をする意味も含んでいる。ファーストとスロー。どっちにせよ長所だけのものではなく、また短所だけのものでもない。重要なのはバランスだ。ある一方にかたよらないよう、自分の食生活をチェックする努力が必要な時である。",80.0,intermediate,14.0,262.0,18.714285714285715,0.4694656488549618,26.0,507.0,26.0,28.0,98.0,51.0,2.939,2.358,3.587,3.538,2.946,2.803
206,206,206,KKD52,KOR,韓国語,"まず、ファーストフードの良い点について3つを話します。第一に、簡単に食べられます。第二に、価格が安いです。第三に、おいしいです。でも良くないものも存在します。第一に、健康によくないです。第二に、ファーストフードを食べたら太るやすいです。これと反対で家庭料理の長所は何でしょうか。家庭料理の長所は健康に良いという点です。でも値段が高く、食べ物を準備するのに時間がかかります。私が考える良い食生活は朝を食べることです。私は朝ごはんを食べるときと食べない時と生活に大きな差があります。朝ごはんを食べずに学校に行くと、その日は体が疲れます。
そして肉と野菜二つあまねく食べることも重要だと思います。私は肉をあまり食べない方です。そのせいか、他の人に比べて貧弱します。よく、肉をたくさん食べたら健康に良くないと言うが、肉と野菜をもあまねく食べるのがもっと重要だと思います。なぜなら、肉食も菜食も重要だと思うからです。","まず、ファーストフードの良い点について3つを話します。第一に、簡単に食べられます。第二に、価格が安いです。第三に、おいしいです。でも良くないものも存在します。第一に、健康によくないです。第二に、ファーストフードを食べたら太るやすいです。これと反対で家庭料理の長所は何でしょうか。家庭料理の長所は健康に良いという点です。でも値段が高く、食べ物を準備するのに時間がかかります。私が考える良い食生活は朝を食べることです。私は朝ごはんを食べるときと食べない時と生活に大きな差があります。朝ごはんを食べずに学校に行くと、その日は体が疲れます。
そして肉と野菜二つあまねく食べることも重要だと思います。私は肉をあまり食べない方です。そのせいか、他の人に比べて貧弱します。よく、肉をたくさん食べたら健康に良くないと言うが、肉と野菜をもあまねく食べるのがもっと重要だと思います。なぜなら、肉食も菜食も重要だと思うからです。",58.0,intermediate,18.0,219.0,12.166666666666666,0.4474885844748858,13.0,403.0,27.0,7.0,97.0,45.0,2.492,1.995,3.069,2.924,2.332,2.264
207,207,207,KKD53,KOR,韓国語,"私たちは今、溢れ出す数多い食べ物によって、「何を食べるか」という幸せな悩みができている。時代がだんだん発達していくにより、私たちは世界各地の食べ物を以前よりすぐ、速く食べられるようになっている。
しかし、速い、いわばファストフードは様々な問題を抱えている。まずは素材が明確ではないため、本当に新鮮なのか、安心して信じて食べてもいいのか、悩むようになる。実際ある研究ではファストフードだけ摂取した人は肥満や各種疾病にかかりやすいと現れた。
それに対して、家庭料理、所為スローフードはいい食材を使い、悪い調味料は加えないため、健康に頼もしい。母親の愛情もたっぷり感じられる。食材を直接購入するため、値段の側面でも確かに安い。そして家でもその家だけの料理ができるのも大きい長所だと思う。
こんなに長所が多いにもかかわらず、家庭料理は大きい手間がかかる。そして料理を作るには別に買い物にもいけなくてはならない。スーパーでは得にくい食材があったり、作る方法をわからない場合は外食したほうがいいと思う。
反面、ファストフードは一言で言うと、簡単だ。いつでもどこへ行ってもファストフード店は何店かある。お金だけ払えば短時間ですぐ食べられる便利さが一番の長所である。しかも、刺激的で独特なその味も逸品である。思わず、手が言ってしまうほどのその味はたまらない。
ファストフードも家庭料理も、どちらも長所、短所はある。体には少し悪い影響を与える恐れがあるファストフードだけ食べるのは少し抑えて、家庭料理を主に食べながら、時間がない時とかどうしても食べたい時だけ、ファストフード店に寄ってみるのはどうだろうか。","私たちは今、溢れ出す数多い食べ物によって、「何を食べるか」という幸せな悩みができている。時代がだんだん発達していくにより、私たちは世界各地の食べ物を以前よりすぐ、速く食べられるようになっている。
しかし、速い、いわばファストフードは様々な問題を抱えている。まずは素材が明確ではないため、本当に新鮮なのか、安心して信じて食べてもいいのか、悩むようになる。実際ある研究ではファストフードだけ摂取した人は肥満や各種疾病にかかりやすいと現れた。
それに対して、家庭料理、所為スローフードはいい食材を使い、悪い調味料は加えないため、健康に頼もしい。母親の愛情もたっぷり感じられる。食材を直接購入するため、値段の側面でも確かに安い。そして家でもその家だけの料理ができるのも大きい長所だと思う。
こんなに長所が多いにもかかわらず、家庭料理は大きい手間がかかる。そして料理を作るには別に買い物にもいけなくてはならない。スーパーでは得にくい食材があったり、作る方法をわからない場合は外食したほうがいいと思う。
反面、ファストフードは一言で言うと、簡単だ。いつでもどこへ行ってもファストフード店は何店かある。お金だけ払えば短時間ですぐ食べられる便利さが一番の長所である。しかも、刺激的で独特なその味も逸品である。思わず、手が言ってしまうほどのその味はたまらない。
ファストフードも家庭料理も、どちらも長所、短所はある。体",84.0,advanced,19.0,348.0,18.31578947368421,0.4827586206896552,32.0,694.0,31.0,35.0,158.0,56.0,2.975,2.431,3.667,3.601,2.783,2.667
208,208,208,KKD54,KOR,韓国語,"私たちは色々な料理を食べながら現代を行き続けている。だがそれは家庭料理に限らず、外食やファストフードにまで至る。
家庭料理、つまり家で自ら作る食事は栄養学的に健康である。もちろん食材にあって偏らない場合に限るが、ファストフードと比べるといくら肉だけ、野菜だけの食事をするとしても元気で信じられるということだけでもより勝る。
では、どうして人々はファストフードを食べるのか。それはファストフードが名の通り速いからだと考えられる。ファストフードは速い。速く出て、速く食べられる。そして値段も高くない。もちろん自ら料理することがもっと安いが、そのためにはキッチンが必要だ。食器も食料品も必要だ。さらに料理への経験も必要だ。ファストフードにはただお金だけが必要だ。
でも、それは便利だが栄養的にバランスが悪い。大体のファストフード、コンビニの弁当などは油と塩と砂糖を大量含んでりる。カロリーも脂肪も炭水化物も過剰で様々な病気の原因となる。実際にハムバーガーにコーラ、フレンチフライのセットなら一日勧奨摂取カロリーのほぼ半分を超える。それも野菜といえるものは少しだけのトマトとレタスだけだ。
現代の人は忙しい生活をしている。料理をする暇が無い。結婚するとしても、男女問わず働き、子供を育つ時間も無いので、料理はさらに難しい。だから朝と昼の食事をファストフードやコンビニの弁当で解決する人が増えてる。社会が変わった故の生活の変化だと思う。だがそれは必ず体を壊す。少し面倒なことになっても栄養のバランスを考えながら料理をして食べる習慣が身に付ければ、より元気な生活ができるはずだ。","私たちは色々な料理を食べながら現代を行き続けている。だがそれは家庭料理に限らず、外食やファストフードにまで至る。
家庭料理、つまり家で自ら作る食事は栄養学的に健康である。もちろん食材にあって偏らない場合に限るが、ファストフードと比べるといくら肉だけ、野菜だけの食事をするとしても元気で信じられるということだけでもより勝る。
では、どうして人々はファストフードを食べるのか。それはファストフードが名の通り速いからだと考えられる。ファストフードは速い。速く出て、速く食べられる。そして値段も高くない。もちろん自ら料理することがもっと安いが、そのためにはキッチンが必要だ。食器も食料品も必要だ。さらに料理への経験も必要だ。ファストフードにはただお金だけが必要だ。
でも、それは便利だが栄養的にバランスが悪い。大体のファストフード、コンビニの弁当などは油と塩と砂糖を大量含んでりる。カロリーも脂肪も炭水化物も過剰で様々な病気の原因となる。実際にハムバーガーにコーラ、フレンチフライのセットなら一日勧奨摂取カロリーのほぼ半分を超える。それも野菜といえるものは少しだけのトマトとレタスだけだ。
現代の人は忙しい生活をしている。料理をする暇が無い。結婚するとしても、男女問わず働き、子供を育つ時間も無いので、料理はさらに難しい。だから朝と昼の食事をファストフードやコンビニの弁当で解決する人が増えてる。社会が変わっ",85.0,advanced,25.0,347.0,13.88,0.4668587896253602,30.0,683.0,33.0,35.0,148.0,68.0,2.567,2.152,3.502,3.472,2.477,2.392
209,209,209,KKD59,KOR,韓国語,"最近、家庭料理よりは、ファーストフードでお食事を済ませる人が増えています。
ハンバーガーやフライドチキン、ピーザーのようなファーストフードは、値段も安い上に便利で、特に若者の中では１日３食をファーストフードにする場合も少なくありません。
ですが、そのような食べ物は、短時間内で調理するために塩や砂糖、サラダ油などを入れすぎたものが多いです。
例えば、老若男女問わず大人気のフライドチキンは、味付けのためのナトリウムが１匹当たり2500mg、カロリーは2000kcal以上であります。
このような塩分と脂肪分の取り過ぎは、きっと健康に悪い影響を及ぼすでしょう。
それに比べて家庭料理の「鶏肉とキャベツの炒め物」のカロリーは、4人分当たり720kcalに過ぎず、ご飯と一緒に摂取するためナトリウム摂取量もずっと抑えられます。
もちろん、ファーストフードの刺激的で濃い味と、家庭でやりにくい調理の便利さはとても魅力的で、それは味覚のために必要なものでもあります。
だが野菜、魚、肉などのおかずとご飯でできた家庭料理に比べると、ファーストフードは栄養が偏りやすいのも事実です。
体にいいビタミンの摂取と健康のために、ややスローでも、手作り料理を食べたほうがいいでしょう。
毎日の原動力となるスローフードを主食に、時々ファーストフードも楽しむ方が、私たちの賢明な食生活にとって大事なことです。","最近、家庭料理よりは、ファーストフードでお食事を済ませる人が増えています。
ハンバーガーやフライドチキン、ピーザーのようなファーストフードは、値段も安い上に便利で、特に若者の中では１日３食をファーストフードにする場合も少なくありません。
ですが、そのような食べ物は、短時間内で調理するために塩や砂糖、サラダ油などを入れすぎたものが多いです。
例えば、老若男女問わず大人気のフライドチキンは、味付けのためのナトリウムが１匹当たり2500mg、カロリーは2000kcal以上であります。
このような塩分と脂肪分の取り過ぎは、きっと健康に悪い影響を及ぼすでしょう。
それに比べて家庭料理の「鶏肉とキャベツの炒め物」のカロリーは、4人分当たり720kcalに過ぎず、ご飯と一緒に摂取するためナトリウム摂取量もずっと抑えられます。
もちろん、ファーストフードの刺激的で濃い味と、家庭でやりにくい調理の便利さはとても魅力的で、それは味覚のために必要なものでもあります。
だが野菜、魚、肉などのおかずとご飯でできた家庭料理に比べると、ファーストフードは栄養が偏りやすいのも事実です。
体にいいビタミンの摂取と健康のために、ややスローでも、手作り料理を食べたほうがいいでしょう。
毎日の原動力となるスローフードを主食に、時々ファーストフードも楽しむ方が、私たちの賢明な食生活にとって大事なことです。",89.0,advanced,10.0,286.0,28.6,0.5209790209790209,21.0,591.0,37.0,31.0,103.0,56.0,2.426,1.939,3.216,3.147,2.272,2.171
210,210,210,KKR03,KOR,韓国語,"人類にとって、自分の食事を自分の手で作り自分の家で食べるということは、長い間、当然なこととして受け入れられてきた。ところが、いつの間にかこのような食生活はだんだん変わってきて、もはや現在は他人の作った料理を、外で食べることも当然なことになった。しかも、現代を生きる忙しい現代人は「ファーストフード」という、ただ空腹を満たすための食生活を現れてきた。では、このような食文化の変化を、私たちはどう受けいるべきだろうか。ただの文化の変遷として自然に受けいるべきだろうか。これからは「家庭食」と「ファーストフード」の特徴を比較しながら、もっと深く考えてみる。
まず、「家庭食」について考えてみよう。「家庭食」は何よりも料理という楽しみを提供することでメリットを持つ。料理を作ることはただ食べること以上の楽しみであり、時によっては面倒に感じられるが、決して無視できないことであろう。また、食べる人を喜ばせるためにつくす努力は料理をもっとおいしくするだけではなく、健康に役立つ料理を作りだす。たまには外食をする中でも、結局、母親や家内の料理を懐かしがることはこのためであろう。時間や努力が必要であることは確かに面倒なことかもしれないが、このくらいのことを除くと「家庭食」はもっとも自然で、健康で、おいしい食事になると考えられる。
一方、「ファーストフード」は確かに作るという努力はいらない。いつでもメニューを読むだけで、すぐに食事ができる。忙しい現代人にとって、これはもっとも便利で魅力的なことであろう。だが、その分、「ファーストフード」には「家庭食」から感じられる愛情や丁寧さが含まれていない。ひたすら早く差し出すために食べ物を作る人には、味も、健康も、食べる人の気持ちも考える余裕がないためだ。
耐えられなく忙しいときには、たまに「ファーストフード」を食べることもしかたないと考えられる。しかし、「ファーストフード」は「家庭食」を完全に代替できない。健康も幸福も考えず、ただ生きているために食うことはとても人間らしくない。人類にとって、主食はいつまでも「家庭食」であるべきだ。","人類にとって、自分の食事を自分の手で作り自分の家で食べるということは、長い間、当然なこととして受け入れられてきた。ところが、いつの間にかこのような食生活はだんだん変わってきて、もはや現在は他人の作った料理を、外で食べることも当然なことになった。しかも、現代を生きる忙しい現代人は「ファーストフード」という、ただ空腹を満たすための食生活を現れてきた。では、このような食文化の変化を、私たちはどう受けいるべきだろうか。ただの文化の変遷として自然に受けいるべきだろうか。これからは「家庭食」と「ファーストフード」の特徴を比較しながら、もっと深く考えてみる。
まず、「家庭食」について考えてみよう。「家庭食」は何よりも料理という楽しみを提供することでメリットを持つ。料理を作ることはただ食べること以上の楽しみであり、時によっては面倒に感じられるが、決して無視できないことであろう。また、食べる人を喜ばせるためにつくす努力は料理をもっとおいしくするだけではなく、健康に役立つ料理を作りだす。たまには外食をする中でも、結局、母親や家内の料理を懐かしがることはこのためであろう。時間や努力が必要であることは確かに面倒なことかもしれないが、このくらいのことを除くと「家庭食」はもっとも自然で、健康で、おいしい食事になると考えられる。
一方、「ファーストフード」は確かに作るという努力はいらない。いつでもメニューを読む",85.0,advanced,21.0,431.0,20.52380952380953,0.3758700696055684,32.0,884.0,47.0,37.0,165.0,77.0,2.64,2.095,3.242,3.149,2.461,2.415
211,211,211,KKR04,KOR,韓国語,"フアーストフードは持ち歩けることが最も良い点だと思います。一般的にフアーストフードは名前とおり早く食べさせることが目的なので、一口で解決できることが多いです。それで現代に入って忙しい人々にたくさん愛されてきました。それから他の食べ物より安いということも大きい長所です。安い値段で美味しいハンバーガーセットなどで楽しめるし、お腹もいっぱいになるので大勢の人々がフアーストフード店を訪ねていると思います。最近は出前もできるようになってどこからでも楽しめます。しかし、健康のところや犠牲のところでいつも問題と指摘されています。フアーストフードを食べすぎると高血圧や肥満など成人病がかかりやすいということはもすでに町名な事実である。つまり、フアーストフードは安くて持ち歩くことが楽だという点でよいが、健康の側ではあまりおすすめできないことだ。
ところが家庭の料理の場合、それぞれの好みに味付けができます。それから何よりお母さんが気にしていただいた料理をたべるこどでこの世のどんな料理より健康な料理を食べることができます。その他、家庭料理は家族を繋ぐ基本的な役割をすることもあります。家族といえばお母さんの特技の料理が思い出したりしますから。しかし家庭料理は材料代がかかったり作らなければならないのでめんどくさいなところがあります。忙しい現代人にとって家庭料理は好まれていません。家庭料理を作る時間があまり無くてだんだん減ってきました。","フアーストフードは持ち歩けることが最も良い点だと思います。一般的にフアーストフードは名前とおり早く食べさせることが目的なので、一口で解決できることが多いです。それで現代に入って忙しい人々にたくさん愛されてきました。それから他の食べ物より安いということも大きい長所です。安い値段で美味しいハンバーガーセットなどで楽しめるし、お腹もいっぱいになるので大勢の人々がフアーストフード店を訪ねていると思います。最近は出前もできるようになってどこからでも楽しめます。しかし、健康のところや犠牲のところでいつも問題と指摘されています。フアーストフードを食べすぎると高血圧や肥満など成人病がかかりやすいということはもすでに町名な事実である。つまり、フアーストフードは安くて持ち歩くことが楽だという点でよいが、健康の側ではあまりおすすめできないことだ。
ところが家庭の料理の場合、それぞれの好みに味付けができます。それから何よりお母さんが気にしていただいた料理をたべるこどでこの世のどんな料理より健康な料理を食べることができます。その他、家庭料理は家族を繋ぐ基本的な役割をすることもあります。家族といえばお母さんの特技の料理が思い出したりしますから。しかし家庭料理は材料代がかかったり作らなければならないのでめんどくさいなところがあります。忙しい現代人にとって家庭料理は好まれていません。家庭料理を作る時間があまり無く",83.0,advanced,16.0,299.0,18.6875,0.4581939799331103,26.0,613.0,24.0,26.0,123.0,44.0,2.962,2.47,3.758,3.72,2.993,2.862
212,212,212,KKR05,KOR,韓国語,"ファーストフードは、比較的に他の外食より安くて、量が多い。そして、大企業のノーハウが込められて、味もかなり良い。特に注文してから注文した品が出る速度が非常に早く、忙しい現代人にとっては、食事の時間を短縮することができる有用な食べ物である。しかし、カロリが高くて太りやすくて、肉と脂肪の比率が高くて栄養バランスよくないので、健康に良いとは言えない。
これと比べて家庭で作って食べる料理は、作る時間が比較的に長くて、作る人によっては味もいまいちかも知れないが、栄養のバランスを自ら調節できる。そのため、自分に必要とする栄養を取ることができる。それに、材料を自分が見てから買うので、質が落ちる材料で作られた料理を食べる恐れもないのである。つまり、家庭の料理の方がファーストフードより断然健康に良いと言えるのである。
食べ物は生物が生きていくためには、必ず必要なものであり、生物の健康と直接繋がる。その食べ物をどんなものをどのように食べていくのかという問題は、人生の中で非常に重要な問題である。勿論、忙しく生きる中で、ファーストフードを一つや、二つ食べるのはあまり健康に悪くない。しかし、ファーストフードを主に食べる食生活は健康に悪影響を与えるため、どんなに、忙しくてもなるべく家庭の料理を食べる食生活を持つのが良いと思われる。","ファーストフードは、比較的に他の外食より安くて、量が多い。そして、大企業のノーハウが込められて、味もかなり良い。特に注文してから注文した品が出る速度が非常に早く、忙しい現代人にとっては、食事の時間を短縮することができる有用な食べ物である。しかし、カロリが高くて太りやすくて、肉と脂肪の比率が高くて栄養バランスよくないので、健康に良いとは言えない。
これと比べて家庭で作って食べる料理は、作る時間が比較的に長くて、作る人によっては味もいまいちかも知れないが、栄養のバランスを自ら調節できる。そのため、自分に必要とする栄養を取ることができる。それに、材料を自分が見てから買うので、質が落ちる材料で作られた料理を食べる恐れもないのである。つまり、家庭の料理の方がファーストフードより断然健康に良いと言えるのである。
食べ物は生物が生きていくためには、必ず必要なものであり、生物の健康と直接繋がる。その食べ物をどんなものをどのように食べていくのかという問題は、人生の中で非常に重要な問題である。勿論、忙しく生きる中で、ファーストフードを一つや、二つ食べるのはあまり健康に悪くない。しかし、ファーストフードを主に食べる食生活は健康に悪影響を与えるため、どんなに、忙しくてもなるべく家庭の料理を食べる食生活を持つのが良いと思われる。",86.0,advanced,12.0,291.0,24.25,0.4295532646048109,22.0,560.0,26.0,28.0,133.0,56.0,2.278,1.876,2.93,2.866,2.353,2.27
213,213,213,KKR08,KOR,韓国語,"現代社会では多様な生活スタイルがある。そのスタイルにと従って、食生活も多様化になっている。最近は年齢を問わず、一人暮らしをしている人々が多くなり、簡単ですぐ食べられるファストフードが人気になっている。私も一人暮らしをしている。会社や学校が終わって帰宅するとすごくお仲かすいていて、美味しい手作り料理を食べえるより、電子レンジーで簡単に調理してすぐ食べられるファストフードを食べることが多い。食べた後に皿洗いをする必要もなく、とても便利だと食べるたびに思う。もちろん、体によくないことはよく分かっている。味も味だが、その便利さに引かれてみんなファストフードを食べているのだろう。
一方、家庭料理は時間もかかるし、食べた後の片付けも面倒だが、自分だけでなく家族みんなで食べるものだから母親たちは一所懸命にメニューを考えて、新鮮な野菜や食料品を選んで料理をする。どっちが体にいいのかは、言うまでもないことだ。ファストフードと家庭料理もの味は比較できないが、手軽さや健康に対しての関心を基準にして、人たちはどっちかを選ぶのだろうと私は思う。","現代社会では多様な生活スタイルがある。そのスタイルにと従って、食生活も多様化になっている。最近は年齢を問わず、一人暮らしをしている人々が多くなり、簡単ですぐ食べられるファストフードが人気になっている。私も一人暮らしをしている。会社や学校が終わって帰宅するとすごくお仲かすいていて、美味しい手作り料理を食べえるより、電子レンジーで簡単に調理してすぐ食べられるファストフードを食べることが多い。食べた後に皿洗いをする必要もなく、とても便利だと食べるたびに思う。もちろん、体によくないことはよく分かっている。味も味だが、その便利さに引かれてみんなファストフードを食べているのだろう。
一方、家庭料理は時間もかかるし、食べた後の片付けも面倒だが、自分だけでなく家族みんなで食べるものだから母親たちは一所懸命にメニューを考えて、新鮮な野菜や食料品を選んで料理をする。どっちが体にいいのかは、言うまでもないことだ。ファストフードと家庭料理もの味は比較できないが、手軽さや健康に対しての関心を基準にして、人たちはどっちかを選ぶのだろうと私は思う。",86.0,advanced,11.0,247.0,22.454545454545453,0.4412955465587044,19.0,466.0,20.0,20.0,104.0,46.0,2.711,2.177,3.232,3.253,2.618,2.469
214,214,214,KKR10,KOR,韓国語,"現代に入ってわれわれの食生活にはハンバーガで代表されるファストフードという新たな要素が登場した。それに熱狂する市民たちによって今に至ってはファストフードは一般的に食べるものとなった。私がファストフードをここまで強調する理由はそれが従来の家庭食やレストランで食べられる食べ物とは大きな違いがあるからだ。ファストフードについて一般的なイメージは高熱量と言えるだろう。それはその食べ物自体が高熱量であることもあるが、他にもそのメニューの量が必要以上に多いこともある。普通セットで注文するし少しの金だけ上乗せたらビックサイズで食べられる、お得だ、といってお客に必要以上に買わせる。それに比べて既存の家庭食は自分たちが食べたい量にあわせて作るので浪費が比較的少なめになる。また、ファストフードの大きな特徴は効率を重視することもある。マニュアルによって世界のどこでも同じ質の食べ物が食べられる。そこには食べる側の趣向の差などは一切関わらない。お客はただ与えられるものから選ぶだけでほかのことは一切できない。それに比べて家庭食は自分たちの口にあわせて作るのでそれぞれ違う味になる。つまり、食べ物が一律的なのか多様的なのかの差である。
ファストフードが一般化された現代社会においてこのような特徴は実際の生活にまで現れるようになった。もちろんファストフードの会社が意図を持って社会を変革したわけではないがその影響は目に見えるくらいのものである。このように食生活はただ食べることで終わるわけでなくわれわれの思考パターンまで影響するものである。","現代に入ってわれわれの食生活にはハンバーガで代表されるファストフードという新たな要素が登場した。それに熱狂する市民たちによって今に至ってはファストフードは一般的に食べるものとなった。私がファストフードをここまで強調する理由はそれが従来の家庭食やレストランで食べられる食べ物とは大きな違いがあるからだ。ファストフードについて一般的なイメージは高熱量と言えるだろう。それはその食べ物自体が高熱量であることもあるが、他にもそのメニューの量が必要以上に多いこともある。普通セットで注文するし少しの金だけ上乗せたらビックサイズで食べられる、お得だ、といってお客に必要以上に買わせる。それに比べて既存の家庭食は自分たちが食べたい量にあわせて作るので浪費が比較的少なめになる。また、ファストフードの大きな特徴は効率を重視することもある。マニュアルによって世界のどこでも同じ質の食べ物が食べられる。そこには食べる側の趣向の差などは一切関わらない。お客はただ与えられるものから選ぶだけでほかのことは一切できない。それに比べて家庭食は自分たちの口にあわせて作るのでそれぞれ違う味になる。つまり、食べ物が一律的なのか多様的なのかの差である。
ファストフードが一般化された現代社会においてこのような特徴は実際の生活にまで現れるようになった。もちろんファストフードの会社が意図を持って社会を変革したわけではないがその影響は目に",88.0,advanced,16.0,345.0,21.5625,0.417391304347826,24.0,661.0,31.0,36.0,142.0,64.0,2.878,2.311,3.401,3.372,2.822,2.64
215,215,215,KKR11,KOR,韓国語,"世界には色々な料理がある。そして、その料理を分類する基準も色々がある。その中でも、代表的に忙しい現代人に合わせて速く作って食べられるファーストフードと家で手がけて作れる家庭料理がある。
ファーストフードにはハンバーガーやピザなどのように買って食べるものもあるし、マートで買える３分料理やインスタントラーメンもある。ファーストフードはその名前のように、速くて簡単に買えるとか作れることが長所だ。度々、時間にせき立てられて急いで食べる現代人にファーストフードは大いに助けになる。それに、ファーストフードは移動しながらもたやすく食べられるから、忙しいときにもとてもよい。反面、家庭料理は一定の道具や場所、材料などがある場合だけに作れる。お湯や電子レンジで温めるとすぐ食べられるファーストフードとは別に、材料も格格買うべきで、時間もずっとかかる。しかし、家庭料理はその味が深くて、自由に味を調節できるという長所がある。そのうえ、だいたいナトリウムと脂肪で成り立っているファーストフードと別に、色々な栄養素を適切に含めているから健康にもずっと良い。
したがって、健康を考えるとファーストフードと家庭料理の二つの中で家庭料理が良いのは明らかだ。ただ、いつも家庭料理だけを食べることはほとんど不可能だ。ゆえに、自分の状況と与件によって両方の食べ物を適切にとるのが一番望ましい食生活だと言える。","世界には色々な料理がある。そして、その料理を分類する基準も色々がある。その中でも、代表的に忙しい現代人に合わせて速く作って食べられるファーストフードと家で手がけて作れる家庭料理がある。
ファーストフードにはハンバーガーやピザなどのように買って食べるものもあるし、マートで買える３分料理やインスタントラーメンもある。ファーストフードはその名前のように、速くて簡単に買えるとか作れることが長所だ。度々、時間にせき立てられて急いで食べる現代人にファーストフードは大いに助けになる。それに、ファーストフードは移動しながらもたやすく食べられるから、忙しいときにもとてもよい。反面、家庭料理は一定の道具や場所、材料などがある場合だけに作れる。お湯や電子レンジで温めるとすぐ食べられるファーストフードとは別に、材料も格格買うべきで、時間もずっとかかる。しかし、家庭料理はその味が深くて、自由に味を調節できるという長所がある。そのうえ、だいたいナトリウムと脂肪で成り立っているファーストフードと別に、色々な栄養素を適切に含めているから健康にもずっと良い。
したがって、健康を考えるとファーストフードと家庭料理の二つの中で家庭料理が良いのは明らかだ。ただ、いつも家庭料理だけを食べることはほとんど不可能だ。ゆえに、自分の状況と与件によって両方の食べ物を適切にとるのが一番望ましい食生活だと言える。",79.0,intermediate,14.0,281.0,20.071428571428573,0.4483985765124555,22.0,589.0,28.0,22.0,114.0,53.0,2.545,2.066,3.341,3.29,2.584,2.519
216,216,216,KKR12,KOR,韓国語,"我々は日常生活で様々な料理を作って食べる。例え毎日家で食べる家庭料理やファーストフードがその例である。しかし食べる行為は同じけれど、それぞれ特色が違う。
家庭料理の場合、かなり衛生的な面でお気をつけて作られる。そしておかずの種類や数を自分なりに決めることが出来る。最後に自分の食べ量で食べるので余るものが少ない長所がある。これに比べファーストフードは‘誰でも’便利な所で食べれる。忙しい生活の中、時間に追われるサラリーマンにとって時間を稼げる料理になりかなない。大半のファーストフード店は交通の便利な所に位置し、誰でも容易く接近ができる。従って気軽く行って食べれる。しかしファーストフードは繊維質の不足のため重金属の排出が困難となり、脳に酸素供給がむずかしくなる。そして多くの砂糖や塩が含められ、成人病にかかりやすくなる。
このように食べる行為は同じけれど、どこで、どんな材料を用い作るのかによって相当な相違点がある。単に家庭料理が優れてファーストフードは悪いとは言えないだろうと思う。ファーストフードもある程度の長所を持っている一つの料理であるからだ。しかし大事なポイントは栄養のバランスを考えながら摂取することであろう。","我々は日常生活で様々な料理を作って食べる。例え毎日家で食べる家庭料理やファーストフードがその例である。しかし食べる行為は同じけれど、それぞれ特色が違う。
家庭料理の場合、かなり衛生的な面でお気をつけて作られる。そしておかずの種類や数を自分なりに決めることが出来る。最後に自分の食べ量で食べるので余るものが少ない長所がある。これに比べファーストフードは‘誰でも’便利な所で食べれる。忙しい生活の中、時間に追われるサラリーマンにとって時間を稼げる料理になりかなない。大半のファーストフード店は交通の便利な所に位置し、誰でも容易く接近ができる。従って気軽く行って食べれる。しかしファーストフードは繊維質の不足のため重金属の排出が困難となり、脳に酸素供給がむずかしくなる。そして多くの砂糖や塩が含められ、成人病にかかりやすくなる。
このように食べる行為は同じけれど、どこで、どんな材料を用い作るのかによって相当な相違点がある。単に家庭料理が優れてファーストフードは悪いとは言えないだろうと思う。ファーストフードもある程度の長所を持っている一つの料理であるからだ。しかし大事なポイントは栄養のバランスを考えながら摂取することであろう。",85.0,advanced,16.0,255.0,15.9375,0.5215686274509804,27.0,512.0,23.0,24.0,116.0,52.0,2.905,2.369,3.515,3.452,2.809,2.695
217,217,217,KKR13,KOR,韓国語,"一日を忙しく過ごす現代人にとってファーストフードはもう突き放せない存在となったように思われる。時間に追われ、「食べる」という行為に「栄養を補給する」以外の意味を探せないように見える現代社会のなかで、家庭食に対する憧れは誰しも持っている。
ファーストフードの長所は家庭食の短所である。逆にファーストフードの短所は家庭食の短所でもある。まとめて言えば、二つの食事形態は全く正反対の特徴を持っていて、一つを捕らえればほかの一つは完全に否定されてしまうのである。
ファーストフードのいいところは何よりも、時間の無駄がないことだ。普通の食堂さえも、注文してからしばらく待たないといけないことには間違いない。しかし、家庭食はファーストフードと比べて栄養を考えることができ、食事も比較的にゆっくりすることができる。
このように正反対の道を行く食事形態だが、ファーストフードが持つ便利性は現代にとってはもう必須不可欠となってしまったのではないかと思う。しかし、家庭食が持つ家族的でゆっくりな食事がくれる穏やかで落ち着く気持は何にも変えられないものである。家庭食とファストフードのそれぞれの長所を活かせた新たな食生活形態の開発は、現代社会の発展にとってとても重要な役割を果たすことになるに違いない。","一日を忙しく過ごす現代人にとってファーストフードはもう突き放せない存在となったように思われる。時間に追われ、「食べる」という行為に「栄養を補給する」以外の意味を探せないように見える現代社会のなかで、家庭食に対する憧れは誰しも持っている。
ファーストフードの長所は家庭食の短所である。逆にファーストフードの短所は家庭食の短所でもある。まとめて言えば、二つの食事形態は全く正反対の特徴を持っていて、一つを捕らえればほかの一つは完全に否定されてしまうのである。
ファーストフードのいいところは何よりも、時間の無駄がないことだ。普通の食堂さえも、注文してからしばらく待たないといけないことには間違いない。しかし、家庭食はファーストフードと比べて栄養を考えることができ、食事も比較的にゆっくりすることができる。
このように正反対の道を行く食事形態だが、ファーストフードが持つ便利性は現代にとってはもう必須不可欠となってしまったのではないかと思う。しかし、家庭食が持つ家族的でゆっくりな食事がくれる穏やかで落ち着く気持は何にも変えられないものである。家庭食とファストフードのそれぞれの長所を活かせた新たな食生活形態の開発は、現代社会の発展にとってとても重要な役割を果たすことになるに違いない。",89.0,advanced,11.0,280.0,25.454545454545453,0.4321428571428571,30.0,540.0,27.0,28.0,106.0,61.0,2.492,1.975,3.215,3.123,2.357,2.279
218,218,218,KKR14,KOR,韓国語,"ファーストフードより家庭の手料理が良いということは誰でも分かっている。だが、ファーストフードが持つ便利性で、私たちは少し迷ったとしても結局ファーストフード店に入る。メニューの選択から注文、食べ方まですごく簡単。もし、ハンバーガーが紙袋ではなく、ナイフやフォークと出されたら、客は半数近い減るかもしれない。それに、24時間営業するところもあって、時間と関係なく、いつでも利用できることになっている。販売のため、各種の調味料を使って作られたので美味しい。この味は国境を越えても同じだ。ある知人は中国に行ったとき、食べ物がなかなか慣れなかったのでとても大変だったが、マクドナルドを見つかって助かったと聞かれた。ファーストフードの値段は、だいたい高くないが、イベントなどを行ってさらに安い。
アメリカで社会的に問題があることをテーマにして、それをドキュメンタリーで作っていつも話題になることで有名な人がいる。彼はファーストフードをたくさん食べ、体に及ぼす影響を撮った。従って、会社は栄養のバランスに気を使って新メニューを出したのだが、いくら体にやさしいといっても、体に良いファーストフードのことなんては今だに聞いたことがない。本人はハンバーガーを注文するとき、マヨネーズ抜きで、低カロリーコーラを選び、フレンチフライはなるべく食べないことにしている。だが、このふうに頼んでも、脂肪の摂取を完全には避けられない。でも家では調理方を工夫して、脂肪の摂取を最小限にすることができる。この能力は健康な食生活に繋がる。ひいては、子供の望ましい食生活のためにも親や学校、社会などの役割が重要だ。私たちがよりよく生きるためのやるべきことへ目を向け、最善を尽くしてもらいたい。","ファーストフードより家庭の手料理が良いということは誰でも分かっている。だが、ファーストフードが持つ便利性で、私たちは少し迷ったとしても結局ファーストフード店に入る。メニューの選択から注文、食べ方まですごく簡単。もし、ハンバーガーが紙袋ではなく、ナイフやフォークと出されたら、客は半数近い減るかもしれない。それに、24時間営業するところもあって、時間と関係なく、いつでも利用できることになっている。販売のため、各種の調味料を使って作られたので美味しい。この味は国境を越えても同じだ。ある知人は中国に行ったとき、食べ物がなかなか慣れなかったのでとても大変だったが、マクドナルドを見つかって助かったと聞かれた。ファーストフードの値段は、だいたい高くないが、イベントなどを行ってさらに安い。
アメリカで社会的に問題があることをテーマにして、それをドキュメンタリーで作っていつも話題になることで有名な人がいる。彼はファーストフードをたくさん食べ、体に及ぼす影響を撮った。従って、会社は栄養のバランスに気を使って新メニューを出したのだが、いくら体にやさしいといっても、体に良いファーストフードのことなんては今だに聞いたことがない。本人はハンバーガーを注文するとき、マヨネーズ抜きで、低カロリーコーラを選び、フレンチフライはなるべく食べないことにしている。だが、このふうに頼んでも、脂肪の摂取を完全には避けられない",80.0,intermediate,18.0,363.0,20.166666666666668,0.4903581267217631,37.0,726.0,28.0,42.0,147.0,56.0,2.911,2.412,3.83,3.723,2.858,2.767
219,219,219,KKR16,KOR,韓国語,"私は毎日３回、選択の時間に迫られている。主に「何を食べるか」に対する選択である。どこで、誰と食べるかは、自分に選択権がなかったりもするものの、「何を取るか」だけは、全面的に私にかかっていることが多い。目まぐるしい毎日の中で、また広くなりつつある選択肢の中で、我々が取るべき姿勢とは何だろうか。今回のエッセイで、食生活に関わる私の意見を述べたい。
食生活は大きく、ファストフード（外食）と家庭料理に分けられる。ファストフードは忙しい時、一手で構えて食べられるものが多く、早くかつ簡単に出来上がる。その上、味も日々進化していて、なかなかおいしい。しかし、刺激的であればあるほど、体に悪く、食べていると、なぜか飽きてきたりもする。
一方家庭料理は、いつでもどこでも食べられるという訳ではなく、自分の口に合うものばかり選ぶこともできない。しかし、誰かが私のために時間を割いて、愛情を込めてくれていることに気づくことができる。味と栄養は別として、現代社会に欠けている何かを感じ取ることができる。作ってくれる人が側にいるかのような感覚は、多くの人に必要とされている、掛け替えのないものであると思われる。
もはや私たちは、二つの中でどちらかだけを選ぶわけには行かない。前に言及した通り、３回の選択には、場所・時間・お金など、さまざまな諸問題が付きまとっているからだ。選ぶ側として、何を選び、何を得て、何を諦めるべきかを視野にいれ、どちらかに偏ることなく懸命に選べられるような姿勢を取ること。今の我々に求められている必須条件であると思えてならない。","私は毎日３回、選択の時間に迫られている。主に「何を食べるか」に対する選択である。どこで、誰と食べるかは、自分に選択権がなかったりもするものの、「何を取るか」だけは、全面的に私にかかっていることが多い。目まぐるしい毎日の中で、また広くなりつつある選択肢の中で、我々が取るべき姿勢とは何だろうか。今回のエッセイで、食生活に関わる私の意見を述べたい。
食生活は大きく、ファストフード（外食）と家庭料理に分けられる。ファストフードは忙しい時、一手で構えて食べられるものが多く、早くかつ簡単に出来上がる。その上、味も日々進化していて、なかなかおいしい。しかし、刺激的であればあるほど、体に悪く、食べていると、なぜか飽きてきたりもする。
一方家庭料理は、いつでもどこでも食べられるという訳ではなく、自分の口に合うものばかり選ぶこともできない。しかし、誰かが私のために時間を割いて、愛情を込めてくれていることに気づくことができる。味と栄養は別として、現代社会に欠けている何かを感じ取ることができる。作ってくれる人が側にいるかのような感覚は、多くの人に必要とされている、掛け替えのないものであると思われる。
もはや私たちは、二つの中でどちらかだけを選ぶわけには行かない。前に言及した通り、３回の選択には、場所・時間・お金など、さまざまな諸問題が付きまとっているからだ。選ぶ側として、何を選び、何を得て、何を諦めるべき",90.0,advanced,17.0,358.0,21.058823529411764,0.4273743016759777,37.0,666.0,15.0,36.0,167.0,49.0,2.577,2.16,3.191,3.096,2.699,2.568
220,220,220,KKR17,KOR,韓国語,"急速に変化する日常生活で徐々にファーストフードに手なずけられて行っています。道を？いてもハンバーガーやピザ、フライドチキン屋などファーストフードを売る店が多いです。実は私も時間がない時、ファーストフードをよく食べます。
ファーストフードは名前そのまま、急速に調理できるというメリットがあります。
そして移動したり動きながら食事ができて時間がない場合、よく食べます。それで忙しい現代人がコーヒーとともに携帯して食べながら歩くことがよく見えます。しかし、このようなファーストフードには悪いことが多いです。大多数のファーストフードでは細菌と環境ホルモンが多量に検出されて健康にも良くないし、不快感を与えます。
さらに、ファーストフードにはナトリウムの成分が多いです。ナトリウムの成分は肥満を起こすだけではなく、味覚を鈍化させて高血圧が生じることとなると言います。また、最近の子供たちは、ファストフードの中毒になって子供たちが摂取しなければならないカルシウム、ビタミン、鉄分などの栄養素がとても少ないので、栄養の不均衡などで免疫力を落とすことにします。
過去にはキムチと味噌など発酵食品をしきりに楽しんで食べたと言うが、最近の現代人の食卓はあまりにも大きく変わったと発表しました。何としても母が心を込めて作ってくれた家庭食料理がいいと思います。食べ物に栄養素が豊富に入っているから、健康になれます。また、現代人は肥満が深刻な問題であるが、ダイエットをしなくても自然に正常な体重を維持することができます。母の心が入った食べ物なので家族が一緒に食べながら、楽しい食事の時間になります。またゆっくり料理を食べることによって消化に負担を与えないので健康にいいです。家庭料理は我々の健康を守るとともに、環境も守ります。
短所を挙げれば、忙しい生活をする現代人には煩わしさがありますが、私をために少しゆっくり余裕を持ってもいいと思います。","急速に変化する日常生活で徐々にファーストフードに手なずけられて行っています。道を？いてもハンバーガーやピザ、フライドチキン屋などファーストフードを売る店が多いです。実は私も時間がない時、ファーストフードをよく食べます。
ファーストフードは名前そのまま、急速に調理できるというメリットがあります。
そして移動したり動きながら食事ができて時間がない場合、よく食べます。それで忙しい現代人がコーヒーとともに携帯して食べながら歩くことがよく見えます。しかし、このようなファーストフードには悪いことが多いです。大多数のファーストフードでは細菌と環境ホルモンが多量に検出されて健康にも良くないし、不快感を与えます。
さらに、ファーストフードにはナトリウムの成分が多いです。ナトリウムの成分は肥満を起こすだけではなく、味覚を鈍化させて高血圧が生じることとなると言います。また、最近の子供たちは、ファストフードの中毒になって子供たちが摂取しなければならないカルシウム、ビタミン、鉄分などの栄養素がとても少ないので、栄養の不均衡などで免疫力を落とすことにします。
過去にはキムチと味噌など発酵食品をしきりに楽しんで食べたと言うが、最近の現代人の食卓はあまりにも大きく変わったと発表しました。何としても母が心を込めて作ってくれた家庭食料理がいいと思います。食べ物に栄養素が豊富に入っているから、健康になれます。また、現代",79.0,intermediate,20.0,416.0,20.8,0.4158653846153846,31.0,809.0,31.0,38.0,169.0,75.0,2.656,2.158,3.719,3.607,2.645,2.594
221,221,221,KKR19,KOR,韓国語,"様々なメディアを通じてファーストフードの良くないことについてはたくさん聞いて見たはずだ。「スーパーサイズミー」のような映画もそうだし、健康に関するTVプログラムでは、ファーストフードを健康の「敵」というまで表現している。一方、家庭料理については、栄養的に完璧、健康に良いという話を聞いているはずだ。はたしてこのようなメディアの話が正しい話か。私たちはどのような食生活をしなければならないか。
ファーストフードは早くて、安く、おいしいというのが長所である。1分1秒が惜しい現代人にファーストフードは簡便な一食になってくれられるが、一食としては多くの熱量とナトリウムの含量でしきりに食べる場合は栄養的に不均衡になることができる。
家庭料理はファーストフードとは逆に作りに時間がかかって面倒というのが短所であるが、材料を直接見て選んで信じられるし、まともな献立を組めば、栄養的にも望ましくようになることができる。
それでは私たちはどのような食生活をしなければならないのか。私が言いたいことは、「ファーストフードもメニューの一種」ということである。韓国は三食のメニューを「選択」する。その日、ファーストフードが食べたいなら、ファーストフードを食べることで、他のメニューが食べたいならそのメニューを食べるのである。家庭料理を食べるといっても、過食して、塩辛く食べたら健康に問題になれるし、ファーストフードを食べるといっても、適当に摂取したら健康にいいこともある。各自の「選択」にかかるのである。","様々なメディアを通じてファーストフードの良くないことについてはたくさん聞いて見たはずだ。「スーパーサイズミー」のような映画もそうだし、健康に関するTVプログラムでは、ファーストフードを健康の「敵」というまで表現している。一方、家庭料理については、栄養的に完璧、健康に良いという話を聞いているはずだ。はたしてこのようなメディアの話が正しい話か。私たちはどのような食生活をしなければならないか。
ファーストフードは早くて、安く、おいしいというのが長所である。1分1秒が惜しい現代人にファーストフードは簡便な一食になってくれられるが、一食としては多くの熱量とナトリウムの含量でしきりに食べる場合は栄養的に不均衡になることができる。
家庭料理はファーストフードとは逆に作りに時間がかかって面倒というのが短所であるが、材料を直接見て選んで信じられるし、まともな献立を組めば、栄養的にも望ましくようになることができる。
それでは私たちはどのような食生活をしなければならないのか。私が言いたいことは、「ファーストフードもメニューの一種」ということである。韓国は三食のメニューを「選択」する。その日、ファーストフードが食べたいなら、ファーストフードを食べることで、他のメニューが食べたいならそのメニューを食べるのである。家庭料理を食べるといっても、過食して、塩辛く食べたら健康に問題になれるし、ファーストフードを食べ",78.0,intermediate,14.0,319.0,22.785714285714285,0.3667711598746082,17.0,642.0,33.0,25.0,112.0,51.0,2.75,2.142,3.553,3.445,2.655,2.555
222,222,222,KKR20,KOR,韓国語,和食に関して質問された時に外国人が一番は早く言うのは寿司だと思います。一番世界に広まっている日本独特の食べ物だからだと思います。しかし、最近の日本では和食ばなれという現象があってむしろ家庭で食べる一般的な食事と世界に和食だと知らされる食べ物の間にはすこし距離があると思われます。このように家庭で食べる料理だからといって必ず伝統的で手が掛る訳でもないということが分かります。寿司までは行かなくても日本の家庭料理は自然を大事にする日本の気持が十分込められていると思います。だしや鰹節など材料からも手間隙をかけて作られ、食材本来の味を生かします。逆に言えば家庭料理を作るには、それほどの手間隙がかかるということになります。それで一般的な家庭では普段実際に作って食べることがなかなかできない場合がよくあると思います。最近仕事の量が多くて忙しくなり続けている日本人には早くて簡単に食べられるものが好まれると思われます。ファーストフードは早く食べることができます。しかし家庭の料理に比べると栄養バランスが悪い場合が多く、世間的に良いイメージは持っていないです。,和食に関して質問された時に外国人が一番は早く言うのは寿司だと思います。一番世界に広まっている日本独特の食べ物だからだと思います。しかし、最近の日本では和食ばなれという現象があってむしろ家庭で食べる一般的な食事と世界に和食だと知らされる食べ物の間にはすこし距離があると思われます。このように家庭で食べる料理だからといって必ず伝統的で手が掛る訳でもないということが分かります。寿司までは行かなくても日本の家庭料理は自然を大事にする日本の気持が十分込められていると思います。だしや鰹節など材料からも手間隙をかけて作られ、食材本来の味を生かします。逆に言えば家庭料理を作るには、それほどの手間隙がかかるということになります。それで一般的な家庭では普段実際に作って食べることがなかなかできない場合がよくあると思います。最近仕事の量が多くて忙しくなり続けている日本人には早くて簡単に食べられるものが好まれると思われます。ファーストフードは早く食べることができます。しかし家庭の料理に比べると栄養バランスが悪い場合が多く、世間的に良いイメージは持っていないです。,86.0,advanced,11.0,266.0,24.181818181818183,0.4172932330827067,25.0,474.0,20.0,21.0,117.0,46.0,2.9,2.351,3.747,3.663,2.886,2.735
223,223,223,KKR21,KOR,韓国語,"人間が生きていくために最も必要とされるものはやはり食物である。元々米と野菜を主食としていた東洋人であったが、西洋と欧米の文化の伝播により最近は肉食、ファストフードなどが蔓延となっている。この現象に対して悲観的な見解をだす人もいる。伝統の家庭料理とファストフードについて述べる。
ファストフードの一番目立つ部分はやはり短い時間に作れるし食べれれるということだ。時間と戦っている現代人に対してこれは最も魅力的なことである。安い値段で解決できる食事を考えると西洋から潜入したファストフードのチェン店を思い出す。道具も要らずただ手で取って食べるだけで必要な食糧がとらえるし時間も稼げる。だが、あまりにも高いカロリー、糖分、脂肪質のせいで肥満の原因の一つと見られている。米を主食にしていた近代社会では見ることのできなかった成人病、大腸癌などが今は東洋でも見られている。
スローフードとも称される家庭料理には作る人の気持ちや真心が含まれているといわれる。長い時間じっくり作ることによって食べる人も作る人も幸せになる。家族全員そろって一日のことを話しながらにぎやかな雰囲気で楽しめる。しかし、最近は家族の解体現象とキャリアウーマンが蔓延になりゆっくりご飯を炊くことができない家庭も、全員が集まってご飯を食べる余裕がない家庭も増えている。持ち帰りの食べ物を食べることや、家族員がバラバラにご飯を食べることが増えている。
食生活は確かに人間が生きていくために必要なエネルギー源を取る行為で間違いない。だがそれだけの意味を持っている訳ではない。食事をしながら親から礼儀を学ぶなどのことは大昔の話になってしまっている現実は変わる必要がある。もちろん効率的に生活し厳しい競争で勝つことも大事であるが、我々はそれよりも基本的なことを忘れてはいないか繰り返してみるべきである。","人間が生きていくために最も必要とされるものはやはり食物である。元々米と野菜を主食としていた東洋人であったが、西洋と欧米の文化の伝播により最近は肉食、ファストフードなどが蔓延となっている。この現象に対して悲観的な見解をだす人もいる。伝統の家庭料理とファストフードについて述べる。
ファストフードの一番目立つ部分はやはり短い時間に作れるし食べれれるということだ。時間と戦っている現代人に対してこれは最も魅力的なことである。安い値段で解決できる食事を考えると西洋から潜入したファストフードのチェン店を思い出す。道具も要らずただ手で取って食べるだけで必要な食糧がとらえるし時間も稼げる。だが、あまりにも高いカロリー、糖分、脂肪質のせいで肥満の原因の一つと見られている。米を主食にしていた近代社会では見ることのできなかった成人病、大腸癌などが今は東洋でも見られている。
スローフードとも称される家庭料理には作る人の気持ちや真心が含まれているといわれる。長い時間じっくり作ることによって食べる人も作る人も幸せになる。家族全員そろって一日のことを話しながらにぎやかな雰囲気で楽しめる。しかし、最近は家族の解体現象とキャリアウーマンが蔓延になりゆっくりご飯を炊くことができない家庭も、全員が集まってご飯を食べる余裕がない家庭も増えている。持ち帰りの食べ物を食べることや、家族員がバラバラにご飯を食べることが増えている",85.0,advanced,19.0,416.0,21.894736842105264,0.4302884615384615,40.0,774.0,38.0,43.0,182.0,76.0,2.846,2.297,3.63,3.585,2.768,2.695
224,224,224,KKR22,KOR,韓国語,"私たちは毎日食事をしているが、その様相は前の時代と多少違う。現代の人々は日々の生活が忙しいため食事を早速済ませることが多いのである。このようなニーズを充足させるためにファーストフードが登場した。
ファーストフードは既存の料理に比べて調理時間が短い。また大体のファーストフード店はフランチャイズシステムをとっているので、より安い値段で時間に関わらずどこででも食事できることが特徴だと言える。しかし、売り上げを高めることにこだわり、刺激的な味と炭水化物に偏重された栄養構成が問題となっている。そのため、ファーストフードは家庭料理に比べて体に悪く、ただ時間を節約するだけが長所だという認識が広まった。
家庭料理はもちろんファーストフードより新鮮な材料を使い、味もより淡白である。どちらが体によいものかは深く考えなくてもすぐわかることだ。重要なのはその原因が何かということである。今は模様の美しさや濃厚な味で日本を代表する食べ物になった握りずしは、発酵をしないことでより早くすしが食べられるようにするため考案されたものである。つまり、１９世紀のファーストフードであったのだ。しかし、よりおいしいすしを客に食べさせたいという職人の熱情や努力が続いて今のすしになった。
要するに、料理において最も重要なのは食べる人を思う心なのである。わたしたちは家庭料理であり、ファーストフードであり、料理人の心を食べる。したがって、日々の生活を営む力は食べ物だけではなくその料理にこもっている心からも来るのだ、と私には思われる。","私たちは毎日食事をしているが、その様相は前の時代と多少違う。現代の人々は日々の生活が忙しいため食事を早速済ませることが多いのである。このようなニーズを充足させるためにファーストフードが登場した。
ファーストフードは既存の料理に比べて調理時間が短い。また大体のファーストフード店はフランチャイズシステムをとっているので、より安い値段で時間に関わらずどこででも食事できることが特徴だと言える。しかし、売り上げを高めることにこだわり、刺激的な味と炭水化物に偏重された栄養構成が問題となっている。そのため、ファーストフードは家庭料理に比べて体に悪く、ただ時間を節約するだけが長所だという認識が広まった。
家庭料理はもちろんファーストフードより新鮮な材料を使い、味もより淡白である。どちらが体によいものかは深く考えなくてもすぐわかることだ。重要なのはその原因が何かということである。今は模様の美しさや濃厚な味で日本を代表する食べ物になった握りずしは、発酵をしないことでより早くすしが食べられるようにするため考案されたものである。つまり、１９世紀のファーストフードであったのだ。しかし、よりおいしいすしを客に食べさせたいという職人の熱情や努力が続いて今のすしになった。
要するに、料理において最も重要なのは食べる人を思う心なのである。わたしたちは家庭料理であり、ファーストフードであり、料理人の心を食べる。したが",87.0,advanced,16.0,349.0,21.8125,0.4240687679083094,26.0,651.0,25.0,30.0,138.0,64.0,2.602,2.134,3.345,3.197,2.662,2.553
225,225,225,KKR24,KOR,韓国語,"確かにファストフードは都会の中のオアシスみたいなものだ。時間に追われる現代人にとってファストフードより簡単にとられる飲食物はないかもしれない。一応、時間的な節約もできて、忙しい生活をより効率的に営むことができるし、どこにでもあるコンビニとかで買えるので便利だし、価格もやすいし、しかも最近のものは味も中々！もちろん健康には悪く、どうやら味が健康に悪い感じがする味で（？）、実は家庭料理の方が食べるものなら食べたいのだが、それは時間的に無理、というのが都会人の言うまでもない本音であろう。
でもなぜ現代人はファストフードに縛られているのか。それはもちろんお金が問題なのだ。資本主義社会の中では時間もお金であって料理なんか作る時間がある訳が無い。料理なんて作る暇あればいっそ仕事をするのが、あるいは仕事をしてからだと安楽に休むのが「利益」なわけだ。文頭に言及したがファストフードはオアシスみたいなものだ。でもここには重大な前提がある。オアシスは砂漠の中で意味のある存在なのだ。逆に言うと今の都会生活は砂漠その自体であろう。われわれの食生活は今、オアシスのように見えるが実はそれって人間味のある料理を楽しむ時間さえ存在しない砂漠のような現代人の生活の裏返しに過ぎないのだ。これは一見甘いように見える飴のようなもので実は健康には悪いはずであろう。だからあまにがい。そのあまにがさにはもしかしたら悲しみと苦しみがが成分として含まれているかもしれないな。","確かにファストフードは都会の中のオアシスみたいなものだ。時間に追われる現代人にとってファストフードより簡単にとられる飲食物はないかもしれない。一応、時間的な節約もできて、忙しい生活をより効率的に営むことができるし、どこにでもあるコンビニとかで買えるので便利だし、価格もやすいし、しかも最近のものは味も中々！もちろん健康には悪く、どうやら味が健康に悪い感じがする味で（？）、実は家庭料理の方が食べるものなら食べたいのだが、それは時間的に無理、というのが都会人の言うまでもない本音であろう。
でもなぜ現代人はファストフードに縛られているのか。それはもちろんお金が問題なのだ。資本主義社会の中では時間もお金であって料理なんか作る時間がある訳が無い。料理なんて作る暇あればいっそ仕事をするのが、あるいは仕事をしてからだと安楽に休むのが「利益」なわけだ。文頭に言及したがファストフードはオアシスみたいなものだ。でもここには重大な前提がある。オアシスは砂漠の中で意味のある存在なのだ。逆に言うと今の都会生活は砂漠その自体であろう。われわれの食生活は今、オアシスのように見えるが実はそれって人間味のある料理を楽しむ時間さえ存在しない砂漠のような現代人の生活の裏返しに過ぎないのだ。これは一見甘いように見える飴のようなもので実は健康には悪いはずであろう。だからあまにがい。そのあまにがさにはもしかしたら悲しみと苦しみ",85.0,advanced,17.0,335.0,19.705882352941178,0.408955223880597,19.0,621.0,23.0,36.0,137.0,58.0,2.996,2.539,3.906,3.812,2.99,2.85
226,226,226,KKR26,KOR,韓国語,"ファストフードと家庭料理はそれぞれ長所と短所を持っている。
まず、ファストフードについて述べることにする。ファストフードの長所は、やはり作る時間といい、食べる時間といい、とても短いということである。作るのが簡単で、負担なく気軽に食べられる。そして、おいしさも備えている。しかし、ファストフードは決して健康にいいとは言えないという短所を持っている。材料が新鮮だかどうかはともかく、カロリーや栄養の面だけみても、カロリーはとても高いし栄養は非常に不実で、バランスの取れない食べ物である。
次に、家庭料理について述べる。家庭料理の長所は、やはり健康的であるということである。家庭で直接作っているため、材料の新鮮さが信用できる上、料理の過程も清潔であると信じることができる。そして、家庭料理は自分に合わせて、栄養のバランスを取ることもできる。何から何までファストフードよりいいが、家庭料理は時間がすごくかかるという致命的な短所を持っている。時間がかかるから忙しい人にはとても作れない場合が多い。
では、忙しい現代人にとっては、どんな食べ物がいいのか。やはり一番重要なのは、ファストフードであれ、家庭料理であれ、どっちかに偏らないということではないだろうか。とても忙しい場合だけファストフードを食べて、普段はできるだけ、自分の健康のために家庭料理を作って食べたら、仕事も健康も両方守れるのではないだろうか。","ファストフードと家庭料理はそれぞれ長所と短所を持っている。
まず、ファストフードについて述べることにする。ファストフードの長所は、やはり作る時間といい、食べる時間といい、とても短いということである。作るのが簡単で、負担なく気軽に食べられる。そして、おいしさも備えている。しかし、ファストフードは決して健康にいいとは言えないという短所を持っている。材料が新鮮だかどうかはともかく、カロリーや栄養の面だけみても、カロリーはとても高いし栄養は非常に不実で、バランスの取れない食べ物である。
次に、家庭料理について述べる。家庭料理の長所は、やはり健康的であるということである。家庭で直接作っているため、材料の新鮮さが信用できる上、料理の過程も清潔であると信じることができる。そして、家庭料理は自分に合わせて、栄養のバランスを取ることもできる。何から何までファストフードよりいいが、家庭料理は時間がすごくかかるという致命的な短所を持っている。時間がかかるから忙しい人にはとても作れない場合が多い。
では、忙しい現代人にとっては、どんな食べ物がいいのか。やはり一番重要なのは、ファストフードであれ、家庭料理であれ、どっちかに偏らないということではないだろうか。とても忙しい場合だけファストフードを食べて、普段はできるだけ、自分の健康のために家庭料理を作って食べたら、仕事も健康も両方守れるのではないだろうか。",89.0,advanced,16.0,286.0,17.875,0.3601398601398601,20.0,598.0,40.0,16.0,118.0,53.0,2.134,1.716,2.87,2.729,2.138,2.054
227,227,227,KKR28,KOR,韓国語,"ファストフードは早い。早いと言うのは現代社会で金と同じ言葉である。会社員やサラリーマンに時間は黄金と同じ物であるので、早さは確実な長点だ。そして安い。他の料理と比べて、ファストフードは３０％くらい安い。
しかし、短点もある。一つ目に栄養素が少ない。ファストフードは脂肪が多く、タンパク質やビタミンなどの栄養素が少ない。これは健康に非常に悪く、これについての映画もあるくらいだ。２つ目は防腐剤を多く使うことだ。材料を捨てたら損害になるので、捨てる材料をなくすために、大量の防腐剤を使うのが普通だ。防腐剤が人体に及ぼす影響は確実ではないが、いいものではないと考えられる。
これに反して家庭料理は健康的な面では長点が多い。新鮮な野菜と肉を全部食べられる。それに普通、材料はその季節に出る食べごろの食材である場合が多い。それに防腐剤はもちろん化学調味料も使わないことが多いので、心配になることもない。
もちろん、家庭料理にも短点はある。時間が掛かり過ぎることだ。家庭料理は心で作ることであり、どんな料理でも時間が大きく掛かる。カレーも切って、焼いて、煮る３つの仮定に時間がかかる。これはすなわち、誰かが犠牲になって、食事の準備をシなければならないと言うことだ。
どっちも長短があるので、どんな食生活はいいとは言えない。しかし、食生活と言うものには社会生活も含まれているのではないかと思われる。食事の時は人の交流の場だと言うほど、人の関係を作る重要なものである。現代の人が気にすべきことは、食生活の質ではなく、誰と何をしながら食べるから重要なものではないかと思われる。","ファストフードは早い。早いと言うのは現代社会で金と同じ言葉である。会社員やサラリーマンに時間は黄金と同じ物であるので、早さは確実な長点だ。そして安い。他の料理と比べて、ファストフードは３０％くらい安い。
しかし、短点もある。一つ目に栄養素が少ない。ファストフードは脂肪が多く、タンパク質やビタミンなどの栄養素が少ない。これは健康に非常に悪く、これについての映画もあるくらいだ。２つ目は防腐剤を多く使うことだ。材料を捨てたら損害になるので、捨てる材料をなくすために、大量の防腐剤を使うのが普通だ。防腐剤が人体に及ぼす影響は確実ではないが、いいものではないと考えられる。
これに反して家庭料理は健康的な面では長点が多い。新鮮な野菜と肉を全部食べられる。それに普通、材料はその季節に出る食べごろの食材である場合が多い。それに防腐剤はもちろん化学調味料も使わないことが多いので、心配になることもない。
もちろん、家庭料理にも短点はある。時間が掛かり過ぎることだ。家庭料理は心で作ることであり、どんな料理でも時間が大きく掛かる。カレーも切って、焼いて、煮る３つの仮定に時間がかかる。これはすなわち、誰かが犠牲になって、食事の準備をシなければならないと言うことだ。
どっちも長短があるので、どんな食生活はいいとは言えない。しかし、食生活と言うものには社会生活も含まれているのではないかと思われる。食事の時は人の交",82.0,advanced,25.0,374.0,14.96,0.3903743315508021,26.0,679.0,39.0,32.0,155.0,80.0,2.558,2.141,3.238,3.174,2.549,2.472
228,228,228,KKR29,KOR,韓国語,"我々は食生活をしながら家庭料理、あるいはファーストフードなどを食べている。
手作りの家庭料理は健康の象徴みたいなものである。直接選んだ良い材料をつかって、体に良くない調味料などは入れない。自分の体に合わせて好みどおりに作った家庭料理は私に一番なれている食べ物である。しかし独り暮らしをしている私にとって、手作りの料理はけっこう面倒くさいものだ。一人分の料理を作るための少量の材料は売ってない。料理を用意して料理をするための時間と努力はずいぶん煩わしい。料理を終えると材料が残ってしまう。後片付けも大変だ。とりあえず、面倒くさい。
それで私はファーストフードもいっぱい食べている。ファーストフードは簡単だ。材料を準備する必要もないし、後片付けもいらない。残って捨ててします材料もない。だれかが用意してくれる食べ物をただ食べるだけでいい。しかし、そのファーストフードは栄養も足りないし、手作りの料理よりは何か不足な気がする。調味料もいっぱい入ってるし、大量で作る過程で人の体に良くない化学物質も入られる。
健康をなくしたら全部なくすのにほかならない。良く考えてみると、面倒くさいからという理由でファーストフードを食べて、得られる部分よりなくす部分がもっと大きい。今日は何を食べようか、どんな料理を作ろうか、面倒くさいからファーストフードで簡単に食べようか、悩んでいるのなら、今日は家庭で直接つくった料理を食べよう。家庭料理は面倒くさいが、健康のためには時間を投じても惜しくないはずだ。","我々は食生活をしながら家庭料理、あるいはファーストフードなどを食べている。
手作りの家庭料理は健康の象徴みたいなものである。直接選んだ良い材料をつかって、体に良くない調味料などは入れない。自分の体に合わせて好みどおりに作った家庭料理は私に一番なれている食べ物である。しかし独り暮らしをしている私にとって、手作りの料理はけっこう面倒くさいものだ。一人分の料理を作るための少量の材料は売ってない。料理を用意して料理をするための時間と努力はずいぶん煩わしい。料理を終えると材料が残ってしまう。後片付けも大変だ。とりあえず、面倒くさい。
それで私はファーストフードもいっぱい食べている。ファーストフードは簡単だ。材料を準備する必要もないし、後片付けもいらない。残って捨ててします材料もない。だれかが用意してくれる食べ物をただ食べるだけでいい。しかし、そのファーストフードは栄養も足りないし、手作りの料理よりは何か不足な気がする。調味料もいっぱい入ってるし、大量で作る過程で人の体に良くない化学物質も入られる。
健康をなくしたら全部なくすのにほかならない。良く考えてみると、面倒くさいからという理由でファーストフードを食べて、得られる部分よりなくす部分がもっと大きい。今日は何を食べようか、どんな料理を作ろうか、面倒くさいからファーストフードで簡単に食べようか、悩んでいるのなら、今日は家庭で直接つくった料理を",84.0,advanced,21.0,320.0,15.238095238095235,0.371875,28.0,640.0,33.0,29.0,128.0,61.0,2.659,2.2,3.433,3.34,2.641,2.557
229,229,229,KKR31,KOR,韓国語,"いわゆる「忙しい現代」に生きている我々の生活の中でファーストフードはもう欠かせないものになってしまった。安くて、待つ時間も短く、歩きながらも食べれるし、おいしい。まさに現代にぴったりの食べ物だ。
だが、光があったら影があるのは当然なこと。ファストフードは栄養を考えて作られているものではないので、ビタミンや無機質などが足りないため、栄養不良をもたされる可能性が高い。そして、塩分も多く、飽和脂肪酸も多いので、コレステロール値が高くなり、肥満や高血圧、糖尿、動脈硬化などを持たされる可能性がある。
その代り、家庭料理は揚げたり炒めたり、油を多量使うよりは煮たり焼く調理法が多い。そして、旬の食べ物を食べる場合が多いので、その季節にとても栄養がたっぷり込まれている食べ物を食べれる。なので、飽和脂肪酸や塩分を控えることができる。すなわち、ファストフードと比べてとても健康にいい食べ物である。
どんなに忙しい生活だとしても一息抜くことができる時間を持つのも大事だと思う。そして、体を休める、またリフレッシュさせるに一番いい方法は栄養バランスがとれた食事をするのではないか。こんなに忙しい世の中だからこそ、体の叫び声をちゃんと聞き、食生活にもっと時間を使って足りない栄養を補充して、またエネルギーを発散していくべきではないだろうか。","いわゆる「忙しい現代」に生きている我々の生活の中でファーストフードはもう欠かせないものになってしまった。安くて、待つ時間も短く、歩きながらも食べれるし、おいしい。まさに現代にぴったりの食べ物だ。
だが、光があったら影があるのは当然なこと。ファストフードは栄養を考えて作られているものではないので、ビタミンや無機質などが足りないため、栄養不良をもたされる可能性が高い。そして、塩分も多く、飽和脂肪酸も多いので、コレステロール値が高くなり、肥満や高血圧、糖尿、動脈硬化などを持たされる可能性がある。
その代り、家庭料理は揚げたり炒めたり、油を多量使うよりは煮たり焼く調理法が多い。そして、旬の食べ物を食べる場合が多いので、その季節にとても栄養がたっぷり込まれている食べ物を食べれる。なので、飽和脂肪酸や塩分を控えることができる。すなわち、ファストフードと比べてとても健康にいい食べ物である。
どんなに忙しい生活だとしても一息抜くことができる時間を持つのも大事だと思う。そして、体を休める、またリフレッシュさせるに一番いい方法は栄養バランスがとれた食事をするのではないか。こんなに忙しい世の中だからこそ、体の叫び声をちゃんと聞き、食生活にもっと時間を使って足りない栄養を補充して、またエネルギーを発散していくべきではないだろうか。",89.0,advanced,13.0,276.0,21.23076923076923,0.4963768115942029,33.0,562.0,19.0,37.0,127.0,47.0,2.414,1.899,3.313,3.202,2.349,2.249
230,230,230,KKR33,KOR,韓国語,"食べるために生きるのか、それとも生きるために食べるのか。この二つの質問を通じて食事に関する価値観が予想できます。生きるために食べる人たちは生存を目的として食べる人たちで、その人たちはファストフード系をよく食べる傾向があります。その反面、食べるために生きる人たちは食事自体を嗜む人たちで、その人たちは一応ファストフードの反対の概念だともいえる手作り料理系を好む人だといえるでしょう。私の考えではファストフードと手作り料理は二つとも現代を代表することができると思います。
ファストフードは現代人が時間に追われ、時間を計画的に使おうとする傾向に従って、現代人の食事の問題を解消する画期的な食事の一種です。ファストフードを食べると、早めに食事を終ることが可能になり、時間を効率的に使うことができます。代わりに、ファストフードは栄養的な面では不均衡を起こす恐れがあるので、頻繁に食べるのはあまりよくないです。
その反面、手作り料理の場合、現代人がある程度まで自分が設定した目的を達成し成功を感じるようになったら人生を楽しく過ごそうとする人たちの気持ちを込めた料理の一種だと思います。少し時間がかかるが、栄養的なバランスが立てるし作る楽しさを感じることができます。
私の考えでは、この二つの料理の形は現代人の人生を巡って話せない存在であり、相互補完的な役割を果たしているのではないかと思っております。","食べるために生きるのか、それとも生きるために食べるのか。この二つの質問を通じて食事に関する価値観が予想できます。生きるために食べる人たちは生存を目的として食べる人たちで、その人たちはファストフード系をよく食べる傾向があります。その反面、食べるために生きる人たちは食事自体を嗜む人たちで、その人たちは一応ファストフードの反対の概念だともいえる手作り料理系を好む人だといえるでしょう。私の考えではファストフードと手作り料理は二つとも現代を代表することができると思います。
ファストフードは現代人が時間に追われ、時間を計画的に使おうとする傾向に従って、現代人の食事の問題を解消する画期的な食事の一種です。ファストフードを食べると、早めに食事を終ることが可能になり、時間を効率的に使うことができます。代わりに、ファストフードは栄養的な面では不均衡を起こす恐れがあるので、頻繁に食べるのはあまりよくないです。
その反面、手作り料理の場合、現代人がある程度まで自分が設定した目的を達成し成功を感じるようになったら人生を楽しく過ごそうとする人たちの気持ちを込めた料理の一種だと思います。少し時間がかかるが、栄養的なバランスが立てるし作る楽しさを感じることができます。
私の考えでは、この二つの料理の形は現代人の人生を巡って話せない存在であり、相互補完的な役割を果たしているのではないかと思っております。",85.0,advanced,11.0,318.0,28.90909090909091,0.3742138364779874,26.0,594.0,13.0,40.0,145.0,57.0,2.409,1.969,3.078,2.994,2.22,2.164
231,231,231,KKR35,KOR,韓国語,"私たちは日常でパスとフードと家庭で作ったスロウフードを食べています。２つ全部良いところと悪いところがあります。
まず、パスとフードについて論してみます。パスとフードは普通にもうできている飲食を簡単な調理をして食べます。それで調理する時間を含めて食べることにかかる時間を節約する事が出来ます。特に忙しい日々を過ごしている現代の人々にパスとフードは大人気です。これが良いところの１つ目です。そしてパスとフードは大体安いほうなので、お金の節約も出来ます。韓国と日本は物価が高い方なので一般の庶民にも人気があると思います。これが良いところの２つ目です。
でも、パスとフードはその材料の原産地とかの安全についての問題があるとよく言われます。これは私たちの健康につながっている大事なところですので、この部分はパスとフードの悪いところの１つだと思います。そして、パスとフードだけを食べたら家族と一緒に過ごす時間が少なくなる可能性があるのも悪いところだと思います。
家庭で作る、いわゆるスーロフードについて論します。スーロフードは一般的に考える家での食事です。家で家族が食べますから普通はいい材料で作られます。宝まずは何より健康に良いです。そして家族と一緒に食べることが出来るので家族関係にもいい影響を与えられると思います。
でも、最近、物価が高めているので家での食事にかかる値段が高い方なのは悪いところです。そして、忙しい現代の人々には家庭でのスーロフードを食べるのがどんどん難しくなるのも悪いところの１つだと思います。
食生活といえば、人のもっとも基本的なものだと思います。そしてその食生活は最近早いスピードで変わっています。その流れにパスト、スーロフードなどの言葉が現時代の食生活の様子を表せています。つまり食生活は文化だと思います。","私たちは日常でパスとフードと家庭で作ったスロウフードを食べています。２つ全部良いところと悪いところがあります。
まず、パスとフードについて論してみます。パスとフードは普通にもうできている飲食を簡単な調理をして食べます。それで調理する時間を含めて食べることにかかる時間を節約する事が出来ます。特に忙しい日々を過ごしている現代の人々にパスとフードは大人気です。これが良いところの１つ目です。そしてパスとフードは大体安いほうなので、お金の節約も出来ます。韓国と日本は物価が高い方なので一般の庶民にも人気があると思います。これが良いところの２つ目です。
でも、パスとフードはその材料の原産地とかの安全についての問題があるとよく言われます。これは私たちの健康につながっている大事なところですので、この部分はパスとフードの悪いところの１つだと思います。そして、パスとフードだけを食べたら家族と一緒に過ごす時間が少なくなる可能性があるのも悪いところだと思います。
家庭で作る、いわゆるスーロフードについて論します。スーロフードは一般的に考える家での食事です。家で家族が食べますから普通はいい材料で作られます。宝まずは何より健康に良いです。そして家族と一緒に食べることが出来るので家族関係にもいい影響を与えられると思います。
でも、最近、物価が高めているので家での食事にかかる値段が高い方なのは悪いところです。そして",81.0,advanced,24.0,401.0,16.708333333333332,0.3366583541147132,23.0,762.0,31.0,27.0,164.0,67.0,2.63,2.143,3.12,3.018,2.469,2.392
232,232,232,KKR39,KOR,韓国語,"私が子供のごる、両親はファーストフードを見るたび「外国の料理はあんまり。」とか言っていた。でも今頃ファーストフードを外国のものだから好きじゃないと思う人は少ないだろう。ファーストフードは外国のものではなく、もはや私たちの食生活の一部になっているのだ。
多くの人は、それを恐れっている。だってファーストフードは体に良くないからだ。ファーストフードは栄養が偏っているし、カロリーも異常に高い。成長期の体には毒に近いとでも言われているほどだ。それでも多くの人たちはファーストフードを今日も食べている、それはなぜだろうか。
事実、私たちみんな「ファーストフードが体に悪い」てことぐらいしっている。テレビや新聞なんかによく乗っているし、ファーストフードをたくさん食べたら体が悪くなることを経験してみたからだ（そんな馬鹿な経験は私だけかもしらないが）。そして私たちは家庭の料理の方が味もいいし、体にもいいってこともしている。それでもなぜ私たちはファーストフードをたべるのか。それは私たちがいつも時間に追われているからだ。注文して五分、食べ終わるので五、合計十分。それ程の速さ、忙しい現代人には魅力てきすぎるのだ。
ファーストフードを恐れる人たちの中には、子供のころから食生活をきちんと教育することでファーストフードを避け、健康を守れると申したつ人たちもいる。でも私はそれでは限界があると思う。私たちがファーストフードをたべる理由は、忙しすぎる社会に住んでいるがらだ。食生活を直したいのなら、「早く、早く、」を叫ぶ社会の風土から変えるべきではないだろうか。","私が子供のごる、両親はファーストフードを見るたび「外国の料理はあんまり。」とか言っていた。でも今頃ファーストフードを外国のものだから好きじゃないと思う人は少ないだろう。ファーストフードは外国のものではなく、もはや私たちの食生活の一部になっているのだ。
多くの人は、それを恐れっている。だってファーストフードは体に良くないからだ。ファーストフードは栄養が偏っているし、カロリーも異常に高い。成長期の体には毒に近いとでも言われているほどだ。それでも多くの人たちはファーストフードを今日も食べている、それはなぜだろうか。
事実、私たちみんな「ファーストフードが体に悪い」てことぐらいしっている。テレビや新聞なんかによく乗っているし、ファーストフードをたくさん食べたら体が悪くなることを経験してみたからだ（そんな馬鹿な経験は私だけかもしらないが）。そして私たちは家庭の料理の方が味もいいし、体にもいいってこともしている。それでもなぜ私たちはファーストフードをたべるのか。それは私たちがいつも時間に追われているからだ。注文して五分、食べ終わるので五、合計十分。それ程の速さ、忙しい現代人には魅力てきすぎるのだ。
ファーストフードを恐れる人たちの中には、子供のころから食生活をきちんと教育することでファーストフードを避け、健康を守れると申したつ人たちもいる。でも私はそれでは限界があると思う。私たちがファーストフ",84.0,advanced,20.0,352.0,17.6,0.3806818181818182,28.0,671.0,21.0,29.0,151.0,44.0,2.605,2.231,3.359,3.34,2.766,2.651
233,233,233,KKR43,KOR,韓国語,"最近、多くの人が忙しくなったのでファーストフードの消費がかなり増えました。ですがファーストフードは体にかなりよくないです。トランス脂肪、ショートニングなど、健康によくない成分ばかり入っています。それにファストフードを食べることで心臓や血管、代謝などの健康が低下するという報告も多くあります。その反面、家庭料理は体にいい場合が多くあります。ファーストフードは金を儲かるために作りますが、家庭料理は売るために作るのではなく、食べる人をちゃんと考えて作ります。
気持ちが込められた食べ物を食べるのがいい食生活と思います。","最近、多くの人が忙しくなったのでファーストフードの消費がかなり増えました。ですがファーストフードは体にかなりよくないです。トランス脂肪、ショートニングなど、健康によくない成分ばかり入っています。それにファストフードを食べることで心臓や血管、代謝などの健康が低下するという報告も多くあります。その反面、家庭料理は体にいい場合が多くあります。ファーストフードは金を儲かるために作りますが、家庭料理は売るために作るのではなく、食べる人をちゃんと考えて作ります。
気持ちが込められた食べ物を食べるのがいい食生活と思います。",82.0,advanced,7.0,124.0,17.714285714285715,0.5564516129032258,14.0,257.0,11.0,11.0,63.0,19.0,2.659,2.158,3.271,3.29,2.446,2.415
234,234,234,KKR44,KOR,韓国語,"人間が生きるためには「衣食住」が必要である。「衣食住」の中で、「食」は毎日３回ずつ選べる。いや、選べなければならない。一日３回も選ぶので、私たちには「食」の選択肢もたくさんある。生活パターンや好みなどによって自身が食べたいことを選ぶようになるが、何を食べても満腹であればよい食生活をしていると言えるか。
一体よい食生活とは何であろうか。おそらく自身に合ういい食べ物を食べるものであろう。一般的にファーストフードは体に悪く、家庭食は体にいいという認識が広がっている。その通りなら、ファーストフードを食べずに、家庭食だけを食べる人はよい食生活をしているのか。
ファーストフードは時間があまりなくて食事ができない人に最適な一食になれる。しかし、家庭食に比べると、ファーストフードでは十分な栄養を摂取し難しい。そうかといって、家庭食が無条件でいいものでもない。比較的に多様な栄養を取られるが、調理して食べるまで時間がかかるので、家庭食にだけこだわっていれば、むしろ食事を済ませない場合もある。
前に言及したように、よい食生活とは、自身に合ういい食べ物を食べるものである。もし仕事で食事の時間がない人はファーストフードを食べるのが自身の生活パターンに合うよい食生活になれる。ハンバーガーを食べても、フライド･ポテトの代わりにサラダを、コーラーの変わりに牛乳を選べば栄養の問題も解決できる。逆に時間が十分あって、家庭食を食べても偏食をするなら、よい食生活と言えない。
要すると、よい食生活とは、ファーストフードか家庭食かの問題ではなく、栄養を考えて自分の生活パターンに合う食べ方で食事をするものである。「食」は毎日３回選べるので、すこしだけ考えて賢明に選択をすれば、生活の質を向上させるに寄与できると思う。","人間が生きるためには「衣食住」が必要である。「衣食住」の中で、「食」は毎日３回ずつ選べる。いや、選べなければならない。一日３回も選ぶので、私たちには「食」の選択肢もたくさんある。生活パターンや好みなどによって自身が食べたいことを選ぶようになるが、何を食べても満腹であればよい食生活をしていると言えるか。
一体よい食生活とは何であろうか。おそらく自身に合ういい食べ物を食べるものであろう。一般的にファーストフードは体に悪く、家庭食は体にいいという認識が広がっている。その通りなら、ファーストフードを食べずに、家庭食だけを食べる人はよい食生活をしているのか。
ファーストフードは時間があまりなくて食事ができない人に最適な一食になれる。しかし、家庭食に比べると、ファーストフードでは十分な栄養を摂取し難しい。そうかといって、家庭食が無条件でいいものでもない。比較的に多様な栄養を取られるが、調理して食べるまで時間がかかるので、家庭食にだけこだわっていれば、むしろ食事を済ませない場合もある。
前に言及したように、よい食生活とは、自身に合ういい食べ物を食べるものである。もし仕事で食事の時間がない人はファーストフードを食べるのが自身の生活パターンに合うよい食生活になれる。ハンバーガーを食べても、フライド･ポテトの代わりにサラダを、コーラーの変わりに牛乳を選べば栄養の問題も解決できる。逆に時間が十分あって、",81.0,advanced,19.0,395.0,20.789473684210527,0.3341772151898734,25.0,747.0,35.0,34.0,140.0,83.0,2.471,1.929,3.143,3.066,2.388,2.268
235,235,235,KKR46,KOR,韓国語,"私は中学の頃、テレビで見たイギリスの料理番組「ネイキット・シェフ」のジェイミー・オリバーがとても楽しいそうに料理を作って、美味しく食べることを見たことがきっかけとなって、料理が遊びのように思われた。良質の材料を買って、レシピに従えばまず失敗しない。少し変容を加えたら自分の好みに合わせることもできる。何を食べてもそこそこの味がするファストフードとは違う。だが、料理を作って、食べることまでは楽しいが、後片付けは面倒くさい。時には、後片付けどころか、料理さえ作りたくない日もある。そうなったら、レトルトやデリバリーしかない。大手企業のファストフードは早くて、意外と自分で作るよりやすくて、後片付けも簡単だ。普段家庭料理をファストフードと比較して、二つが反対する概念のように見えるが、果たしてそうであるのか。
「ファストフード」に対抗する「スローフード」という概念がある。時間をかけて作る手作り料理は美味くて健康的だが、家庭で毎日じっくり時間をかけて、二三回も料理を作ることは大変だ。スローフードは皆が忙しい現代社会に似合わない。とは言え、大手企業のファストフードが主流になって食文化を壊すことも望ましくない。ならば、食文化がを守るためには家庭料理がファストフードを勝てろように、早くて、簡単に作れなけれればいいのではないか。今、ファストフードから食文化を守れるのはスローフードではなく、ファスト家庭料理ではないか。","私は中学の頃、テレビで見たイギリスの料理番組「ネイキット・シェフ」のジェイミー・オリバーがとても楽しいそうに料理を作って、美味しく食べることを見たことがきっかけとなって、料理が遊びのように思われた。良質の材料を買って、レシピに従えばまず失敗しない。少し変容を加えたら自分の好みに合わせることもできる。何を食べてもそこそこの味がするファストフードとは違う。だが、料理を作って、食べることまでは楽しいが、後片付けは面倒くさい。時には、後片付けどころか、料理さえ作りたくない日もある。そうなったら、レトルトやデリバリーしかない。大手企業のファストフードは早くて、意外と自分で作るよりやすくて、後片付けも簡単だ。普段家庭料理をファストフードと比較して、二つが反対する概念のように見えるが、果たしてそうであるのか。
「ファストフード」に対抗する「スローフード」という概念がある。時間をかけて作る手作り料理は美味くて健康的だが、家庭で毎日じっくり時間をかけて、二三回も料理を作ることは大変だ。スローフードは皆が忙しい現代社会に似合わない。とは言え、大手企業のファストフードが主流になって食文化を壊すことも望ましくない。ならば、食文化がを守るためには家庭料理がファストフードを勝てろように、早くて、簡単に作れなけれればいいのではないか。今、ファストフードから食文化を守れるのはスローフードではなく、ファスト家庭料理",84.0,advanced,15.0,293.0,19.53333333333333,0.4232081911262799,24.0,606.0,20.0,23.0,118.0,49.0,2.688,2.202,3.29,3.285,2.641,2.527
236,236,236,KKR51,KOR,韓国語,"人間にとって食事という行為は一番基本的な欲求で、また健康と直結する大事なことである。それほど」よく食べる。」ということは重要だけど、現代人にとっていつもちゃんと調理した手作り料理を食べることはずいぶん難しいことであるのが事実だ。こういうことで、現代にはファーストフードを利用する人が多い。そのファーストフードと家庭料理はそれぞれの長所と短所がある。
まず家庭料理からみると、何よりも安全で自分の状態に合わせたウェルバランスの食事を食べることができる。だが準備する時間がかかるし自分がメニューを決めて調理、後片付けまで、つまりはじめから終わりまで気をつかないとだめなので煩わしい面がある。
ファーストフードの場合は名前からも分かるように早く食べられるのが特徴だ。お金さえ払えば直ちに食事が出る。それに種類も多いし他の食事より値段も安くて、忙しい現代人にはぴったりな形である。しかしほとんどのファーストフードは栄養が不均衡で特にナトリウムと飽和脂肪の含有量が高い。これは長く摂取すると肥満や成人病のような病気になりやすい。
このように、家庭料理とファーストフードはめいめいの特徴が違う。家庭料理としていつも健康食なことでもないし、ファーストフードとして絶対悪いのでもない。重要なものは均衡なのだ。食生活にとって忘れてはいけないものは自分の状況を把握して一番必要な方法を折々の都合に合わせて選ぶことだ。もちろん自分が毎日栄養のバランスの取れた食事を準備できればそれは理想的だ。だが度々には都合によってファーストフードを食べてもそれなりの風味があると思う。","人間にとって食事という行為は一番基本的な欲求で、また健康と直結する大事なことである。それほど」よく食べる。」ということは重要だけど、現代人にとっていつもちゃんと調理した手作り料理を食べることはずいぶん難しいことであるのが事実だ。こういうことで、現代にはファーストフードを利用する人が多い。そのファーストフードと家庭料理はそれぞれの長所と短所がある。
まず家庭料理からみると、何よりも安全で自分の状態に合わせたウェルバランスの食事を食べることができる。だが準備する時間がかかるし自分がメニューを決めて調理、後片付けまで、つまりはじめから終わりまで気をつかないとだめなので煩わしい面がある。
ファーストフードの場合は名前からも分かるように早く食べられるのが特徴だ。お金さえ払えば直ちに食事が出る。それに種類も多いし他の食事より値段も安くて、忙しい現代人にはぴったりな形である。しかしほとんどのファーストフードは栄養が不均衡で特にナトリウムと飽和脂肪の含有量が高い。これは長く摂取すると肥満や成人病のような病気になりやすい。
このように、家庭料理とファーストフードはめいめいの特徴が違う。家庭料理としていつも健康食なことでもないし、ファーストフードとして絶対悪いのでもない。重要なものは均衡なのだ。食生活にとって忘れてはいけないものは自分の状況を把握して一番必要な方法を折々の都合に合わせて選ぶことだ。もち",81.0,advanced,18.0,341.0,18.944444444444443,0.4457478005865102,21.0,674.0,39.0,28.0,133.0,74.0,2.615,2.128,3.422,3.364,2.542,2.451
237,237,237,KKR52,KOR,韓国語,"最近ファーストフード店はどこでも目にするぐらい、その店舗の数が非常に多い。言い換えれば、ファーストフードを食べる人数も非常に多いとも言えるだろう。なぜ、こんなに人々はファーストフードが好きになってしまったのか。その理由はいくつかある。まず、現代社会のように早く変化する時代に時間はまるで金のようなことで認識されている。その背景によって、ファーストフードは時間があまりかからず手軽に食べれるし、値段も割りに安い方だし、美味しいのが人気の秘訣である。しかし、栄養のバランスが偏って偏食しがちでカロリーが高くして肥満や成人病の原因にもなる。
反面、家庭での手作り料理はコストを抑えるために質の低い材料で大量生産するファーストフードに比べて新鮮な材料を使って多少費用や時間などがかかるかもしれないが、
栄養バランスがちゃんと取れた食べ物を食べれるので健康にもいいし、相対的にカロリーも低いから、肥満を防げる効果がある。それに料理を作る楽しみを味わえるでしょう。
やはり、現代社会を生きている私たちにとって特に若者にとってファーストフードを全然食べないのはできないかもしれない。しかし、注意すべきのはそれを主食のように食べてはいけないのである。私が提案したいのは食べる回数制限である。例えば、月１０回以上は危険、5回以上は警告、2回は普通、それ以下は良いということで基準を決めて
回避するのでる。もちろん、何かを食べるのは個人の問題で関与したいはないが、健やかに生きたいのなら控えたほうが良いと思うのだ。","最近ファーストフード店はどこでも目にするぐらい、その店舗の数が非常に多い。言い換えれば、ファーストフードを食べる人数も非常に多いとも言えるだろう。なぜ、こんなに人々はファーストフードが好きになってしまったのか。その理由はいくつかある。まず、現代社会のように早く変化する時代に時間はまるで金のようなことで認識されている。その背景によって、ファーストフードは時間があまりかからず手軽に食べれるし、値段も割りに安い方だし、美味しいのが人気の秘訣である。しかし、栄養のバランスが偏って偏食しがちでカロリーが高くして肥満や成人病の原因にもなる。
反面、家庭での手作り料理はコストを抑えるために質の低い材料で大量生産するファーストフードに比べて新鮮な材料を使って多少費用や時間などがかかるかもしれないが、
栄養バランスがちゃんと取れた食べ物を食べれるので健康にもいいし、相対的にカロリーも低いから、肥満を防げる効果がある。それに料理を作る楽しみを味わえるでしょう。
やはり、現代社会を生きている私たちにとって特に若者にとってファーストフードを全然食べないのはできないかもしれない。しかし、注意すべきのはそれを主食のように食べてはいけないのである。私が提案したいのは食べる回数制限である。例えば、月１０回以上は危険、5回以上は警告、2回は普通、それ以下は良いということで基準を決めて
回避するのでる。もちろん、何か",84.0,advanced,14.0,340.0,24.285714285714285,0.4764705882352941,26.0,647.0,32.0,27.0,136.0,63.0,2.632,2.147,3.349,3.269,2.639,2.53
238,238,238,KKR55,KOR,韓国語,"現代の人々はインスタント料理、つまり即的料理を日常的に食べています。100年前の韓国の人々は想像もできなかったはずの風景ではないかと思っています。でも、最近の人々はインスタント料理が健康に良くないということが分かって、家で作った料理を食べようとする人も多く増加している推移だそうです。しかし、私はインスタント料理を食べることと家庭料理を食べることには各々長所と短所があると思います。
まず、インスタント料理の長所と短所を考えてみれば、カロリーが高くて、ビタミン・繊維質などの要素がほとんどなくて、体に良くないことが分かります。しかし、時間を節約して食事をするのによくて、適切な量を摂取すると健康にも悪くないことが分かります。一方、家庭料理はどんな材料を使うのか、どんな献立なのかによって健康にいい影響を与えるかも知れないし、その反対であるかも知れませんが、普通インスタント料理に比べて健康にいいことが多くの研究で明らかになりました。家庭料理を食べながら、家族が一緒に食事をすれば、子供たちの情緒にも良くて親子の関係も良くなるということも研究で明らかになりました。しかし、忙しい生活をしている現代の人々にはやはり難しいことではないかと思います。","現代の人々はインスタント料理、つまり即的料理を日常的に食べています。100年前の韓国の人々は想像もできなかったはずの風景ではないかと思っています。でも、最近の人々はインスタント料理が健康に良くないということが分かって、家で作った料理を食べようとする人も多く増加している推移だそうです。しかし、私はインスタント料理を食べることと家庭料理を食べることには各々長所と短所があると思います。
まず、インスタント料理の長所と短所を考えてみれば、カロリーが高くて、ビタミン・繊維質などの要素がほとんどなくて、体に良くないことが分かります。しかし、時間を節約して食事をするのによくて、適切な量を摂取すると健康にも悪くないことが分かります。一方、家庭料理はどんな材料を使うのか、どんな献立なのかによって健康にいい影響を与えるかも知れないし、その反対であるかも知れませんが、普通インスタント料理に比べて健康にいいことが多くの研究で明らかになりました。家庭料理を食べながら、家族が一緒に食事をすれば、子供たちの情緒にも良くて親子の関係も良くなるということも研究で明らかになりました。しかし、忙しい生活をしている現代の人々にはやはり難しいことではないかと思います。",81.0,advanced,9.0,283.0,31.444444444444443,0.392226148409894,15.0,521.0,28.0,27.0,126.0,55.0,2.197,1.83,2.882,2.803,2.236,2.174
239,239,239,KKR56,KOR,韓国語,"要するにファーストフードと家庭食と長所と短所は「準備にかかる時間」と「栄養のバランス」の二つのキーワードで述べることが出来る。大体に準備の時間が長ければ長いほど、栄養のバランスはとれている傾向がある。
ファーストフードはその名称が暗示しているように準備の時間が短くてそれがファーストフードの誇りである。ラーメンやレトルト食品の調理時間は十分の内だ。そして町に並べているハンバーガー店で手軽く、時間も無駄遣いもなしに簡単に一食を解決することができるのだ。しかし先述べたようにこんな食品の栄養のバランスは全然よくない。
だが、家庭食は準備に時間がかかる。基本的なご飯さえ30分、汁は一時間以上の時間が必要だ。これは忙しいこの世にふさわしくない長い準備時間である。だが準備時間が長くて天然の食材で作られた家庭食の一食は健康のためだ。つまり栄養のバランスがファーストフードなどとは比較できないくらいとれている。","要するにファーストフードと家庭食と長所と短所は「準備にかかる時間」と「栄養のバランス」の二つのキーワードで述べることが出来る。大体に準備の時間が長ければ長いほど、栄養のバランスはとれている傾向がある。
ファーストフードはその名称が暗示しているように準備の時間が短くてそれがファーストフードの誇りである。ラーメンやレトルト食品の調理時間は十分の内だ。そして町に並べているハンバーガー店で手軽く、時間も無駄遣いもなしに簡単に一食を解決することができるのだ。しかし先述べたようにこんな食品の栄養のバランスは全然よくない。
だが、家庭食は準備に時間がかかる。基本的なご飯さえ30分、汁は一時間以上の時間が必要だ。これは忙しいこの世にふさわしくない長い準備時間である。だが準備時間が長くて天然の食材で作られた家庭食の一食は健康のためだ。つまり栄養のバランスがファーストフードなどとは比較できないくらいとれている。",82.0,advanced,11.0,209.0,19.0,0.4497607655502392,12.0,401.0,30.0,21.0,85.0,48.0,2.754,2.238,3.434,3.448,2.64,2.522
240,240,240,KKR58,KOR,韓国語,"この世には大きく二つの種類の食べ物があります。家庭料理と呼ばれるものと、ファストフードと呼ばれるものがそれです。社会が現代化するにつれて、私たちはだんだんファストフードに食べなれてきました。Wikipediaによりますと、家庭料理とは一般家庭で日常的に作られ、食べられてる料理のことです。日本の代表的家庭料理には肉じゃが、野菜炒め、カレーライスなどがあります。家庭料理のよさはやはりおふくろの味にあります。体にいい食材を使って、時間をかけて作った家庭料理は食べる人が気持ちよく食べることができます。もちろん、栄養面においてもバランスが取れた食事ができるので、健康でいられるという長所もあります。ファストフードはインスタント食品とも言えます。短時間で調理、あるいは注文してから、すぐ食べられる手軽な食品や食事のことです。ピザやチキン、ハンバーガーなどが代表的なファストフードです。ファストフードはじっくり作る家庭料理とは違って、早く食べられるという長所があります。でも、小麦粉を主な食材とし、油で料理することが多いので栄養的にはあまり良いとは言えません。
しかし、最近の人々はだんだん家庭料理よりファストフードを好む傾向にあります。なぜなら、現代化した今は仕事も勉強も遊びもなるべく早く行動しようとするきらいがあるし、社会もそれを望んでいるからです。忙しい世の中でインスタント食品ばかり食べる人たちは肥満、栄養不足など色んな病気にも露出されています。でも長くみて、皆が健康でいるためには失われつつある家庭料理の文化を復活させる必要があると思います。","この世には大きく二つの種類の食べ物があります。家庭料理と呼ばれるものと、ファストフードと呼ばれるものがそれです。社会が現代化するにつれて、私たちはだんだんファストフードに食べなれてきました。Wikipediaによりますと、家庭料理とは一般家庭で日常的に作られ、食べられてる料理のことです。日本の代表的家庭料理には肉じゃが、野菜炒め、カレーライスなどがあります。家庭料理のよさはやはりおふくろの味にあります。体にいい食材を使って、時間をかけて作った家庭料理は食べる人が気持ちよく食べることができます。もちろん、栄養面においてもバランスが取れた食事ができるので、健康でいられるという長所もあります。ファストフードはインスタント食品とも言えます。短時間で調理、あるいは注文してから、すぐ食べられる手軽な食品や食事のことです。ピザやチキン、ハンバーガーなどが代表的なファストフードです。ファストフードはじっくり作る家庭料理とは違って、早く食べられるという長所があります。でも、小麦粉を主な食材とし、油で料理することが多いので栄養的にはあまり良いとは言えません。
しかし、最近の人々はだんだん家庭料理よりファストフードを好む傾向にあります。なぜなら、現代化した今は仕事も勉強も遊びもなるべく早く行動しようとするきらいがあるし、社会もそれを望んでいるからです。忙しい世の中でインスタント食品ばかり食べる人たちは肥",90.0,advanced,17.0,332.0,19.529411764705884,0.4216867469879518,25.0,673.0,36.0,29.0,140.0,66.0,2.066,1.665,2.872,2.809,2.124,2.021
241,241,241,RRS04,RUS,ロシア語,"一日中忙しくて、まともな食事をするためにレストランに寄るほどの暇もない人がたくさんいる現実。そのせいで安くてどこにでもある便利なファストフードの店に行く人も多い。ファストフードの店は年々増えていく。わずか100円で買えるハンバーガー、冷たいコーラなどで満腹になって仕事に戻る。しかし本当にファストフードは栄養的にいいのか？実際に、習慣的に食べると太るとか、肉が新鮮じゃないなどの栄養的・衛生的な問題がある。
おいしい反面危ないファストフードより手料理のほうが健康的だ。賞味期限のものを使わず、好な料理だけ作ることができる。どんなに忙しくても、ファストフードではなく家から持ってきた、好きなものだけの入った弁当などを食べると太らないし、ハンバーガーよりおいしい。
食べ応えのあるファストフードは非常に少ない。気分にも影響しやすいのでファストフードはほどほどに。
私、手料理のほうがずっと健康的だと思う。ファストフードはハンバーガーやコーラ、いろいろ好きだけどほどほどに食べる。しかしやっぱり自分で作った、それとも好きな人が作ってくれた大好物が一番！皆さん、食べ物に気をつけてください！","一日中忙しくて、まともな食事をするためにレストランに寄るほどの暇もない人がたくさんいる現実。そのせいで安くてどこにでもある便利なファストフードの店に行く人も多い。ファストフードの店は年々増えていく。わずか100円で買えるハンバーガー、冷たいコーラなどで満腹になって仕事に戻る。しかし本当にファストフードは栄養的にいいのか？実際に、習慣的に食べると太るとか、肉が新鮮じゃないなどの栄養的・衛生的な問題がある。
おいしい反面危ないファストフードより手料理のほうが健康的だ。賞味期限のものを使わず、好な料理だけ作ることができる。どんなに忙しくても、ファストフードではなく家から持ってきた、好きなものだけの入った弁当などを食べると太らないし、ハンバーガーよりおいしい。
食べ応えのあるファストフードは非常に少ない。気分にも影響しやすいのでファストフードはほどほどに。
私、手料理のほうがずっと健康的だと思う。ファストフードはハンバーガーやコーラ、いろいろ好きだけどほどほどに食べる。しかしやっぱり自分で作った、それとも好きな人が作ってくれた大好物が一番！皆さん、食べ物に気をつけてください！",86.0,advanced,15.0,232.0,15.466666666666669,0.5172413793103449,22.0,491.0,15.0,14.0,108.0,32.0,2.829,2.345,3.717,3.647,2.829,2.653
242,242,242,RRS10,RUS,ロシア語,"現在多くの人々はファーストフードを食べます。多くの人々はファーストフードは人間のために悪いと思います。しかし、他の人々はファーストフードが人間のために悪くないいと思います。だいいちに、ファーストフードは忙しい人に便利です。第二に、ファーストフードレストランでの食事は少し時間がかかります。もちろん、自由な時間はビジネスのために重要です。第三に、ファーストフードの物価はあまり高くありません。これはポケットたくさんのお金を持っていないティーンエイジャーのために特に重要です。
しかし、他の立場があります。だいいちに、ファーストフードに私たちの健全に不可欠なビタミンが含まれていません。第二に、多くの人々がハンバーガーを食べて、コカ？コーラを飲みます。でも、それは有利ではありません。人々は超過を重量します。第三に、ファーストフードは人々の健康を破壊し、人々の体に響きます。ですから、多くの人々が神経質になります。
私はファーストフードが人に悪いと思います。忙しい人はホームで昼食を作ってそれを仕事に持って来ることができます。ファーストフードのレストランでいろいろなサラダを買うことができます。それは有利で生地のままの料理です。私たちは私たちの体を労ることができます。ファーストフードを食べるのは現代人のために便利です。時々ファーストフードを食べることができますが、それを乱用することができません。","現在多くの人々はファーストフードを食べます。多くの人々はファーストフードは人間のために悪いと思います。しかし、他の人々はファーストフードが人間のために悪くないいと思います。だいいちに、ファーストフードは忙しい人に便利です。第二に、ファーストフードレストランでの食事は少し時間がかかります。もちろん、自由な時間はビジネスのために重要です。第三に、ファーストフードの物価はあまり高くありません。これはポケットたくさんのお金を持っていないティーンエイジャーのために特に重要です。
しかし、他の立場があります。だいいちに、ファーストフードに私たちの健全に不可欠なビタミンが含まれていません。第二に、多くの人々がハンバーガーを食べて、コカ？コーラを飲みます。でも、それは有利ではありません。人々は超過を重量します。第三に、ファーストフードは人々の健康を破壊し、人々の体に響きます。ですから、多くの人々が神経質になります。
私はファーストフードが人に悪いと思います。忙しい人はホームで昼食を作ってそれを仕事に持って来ることができます。ファーストフードのレストランでいろいろなサラダを買うことができます。それは有利で生地のままの料理です。私たちは私たちの体を労ることができます。ファーストフードを食べるのは現代人のために便利です。時々ファーストフードを食べることができますが、それを乱用することができません。",55.0,beginner,23.0,295.0,12.826086956521738,0.3322033898305084,16.0,597.0,29.0,15.0,102.0,36.0,2.168,1.865,3.39,3.29,2.231,2.082
243,243,243,RRS16,RUS,ロシア語,"世界でファーストフードは十分大衆的な食べるの方法です。でも、多くの人はファーストフードがけんこうにがいのあると思います。これから、あの人たちは手作り料理を食べるの方がいいと思います。
食品と生き方は結び付けられます。たくさんのひとはたべに十分のときがありません。解決が二つあります。一番は、
時間を無駄にせずに、ファーストフードを食べます。にばんは、多くの時間を過ごして、手作り料理を食べます。誰も選択されます。蓼食う虫も好き好き。
ファーストフードは早くて、便利です。そのほかに、ファーストフードはあまり高くありません。事務員や、サラリーマンなどよくファーストフードの食堂で食べます。他方、ファーストフードに防腐剤、脂肪、塩がたくさんあります。あまりにもよくファーストフードを食べる人は普通健康の問題があります。
手作り料理の支持者も多いです。手作り料理はファーストフードより高くて、ふべんです。手作り料理は長い時間がかかります。それにしても、この料理はけんこうによいです。ようく食べれば、力がふえります。
住人十色。人々はちがったですから、いろいろな物がすき。わたくしはよくファーストフードを他べませんが、おいしいとおもいます。それでも、ときどきハンバーガーか牛丼かラーメンを買うことがあります。あらゆるこんなんをきりぬけて、健康は一番重要な物です。誰も大切なお健康大事にしてください。","世界でファーストフードは十分大衆的な食べるの方法です。でも、多くの人はファーストフードがけんこうにがいのあると思います。これから、あの人たちは手作り料理を食べるの方がいいと思います。
食品と生き方は結び付けられます。たくさんのひとはたべに十分のときがありません。解決が二つあります。一番は、
時間を無駄にせずに、ファーストフードを食べます。にばんは、多くの時間を過ごして、手作り料理を食べます。誰も選択されます。蓼食う虫も好き好き。
ファーストフードは早くて、便利です。そのほかに、ファーストフードはあまり高くありません。事務員や、サラリーマンなどよくファーストフードの食堂で食べます。他方、ファーストフードに防腐剤、脂肪、塩がたくさんあります。あまりにもよくファーストフードを食べる人は普通健康の問題があります。
手作り料理の支持者も多いです。手作り料理はファーストフードより高くて、ふべんです。手作り料理は長い時間がかかります。それにしても、この料理はけんこうによいです。ようく食べれば、力がふえります。
住人十色。人々はちがったですから、いろいろな物がすき。わたくしはよくファーストフードを他べませんが、おいしいとおもいます。それでも、ときどきハンバーガーか牛丼かラーメンを買うことがあります。あらゆるこんなんをきりぬけて、健康は一番重要な物です。誰も大切なお健康大事にしてください。",59.0,intermediate,26.0,281.0,10.807692307692308,0.4590747330960854,18.0,595.0,23.0,21.0,105.0,43.0,2.862,2.425,4.052,3.948,2.892,2.77
244,244,244,RRS19,RUS,ロシア語,"ファーストフードは私達の生活の一部です。生活はとても早いですが、往々よく食べられません。そして、ファーストフードのおかげで、体の力が残せます。例えば、仕事に急ぐと、朝ご飯を食べないで、マクドナルドに訪れて、食べて、すぐ気持ちいいになります。
一方、ファースつフードはヘルシーな食事ではありません。よくファーストフードを食べたら健康が絶対に弱くなります。アメリカにファーストフードがとても人気で、多くの人は弱いものと太いものですから。つまり、弱い健康の人が多いです。
家の料理を話せばその食事は健やかなのです。家の食事を食べれば強い健康があります。
その一方、私達は食事を作ってよく時間がありません。
私の意見に、健やかな食事のために時間がかかった方がいいです。健康はもっと高いです。
以上です。","ファーストフードは私達の生活の一部です。生活はとても早いですが、往々よく食べられません。そして、ファーストフードのおかげで、体の力が残せます。例えば、仕事に急ぐと、朝ご飯を食べないで、マクドナルドに訪れて、食べて、すぐ気持ちいいになります。
一方、ファースつフードはヘルシーな食事ではありません。よくファーストフードを食べたら健康が絶対に弱くなります。アメリカにファーストフードがとても人気で、多くの人は弱いものと太いものですから。つまり、弱い健康の人が多いです。
家の料理を話せばその食事は健やかなのです。家の食事を食べれば強い健康があります。
その一方、私達は食事を作ってよく時間がありません。
私の意見に、健やかな食事のために時間がかかった方がいいです。健康はもっと高いです。
以上です。",45.0,beginner,14.0,173.0,12.357142857142858,0.4450867052023121,10.0,347.0,16.0,6.0,71.0,27.0,3.057,2.615,4.237,4.194,3.061,2.866
245,245,245,RRS24,RUS,ロシア語,"これは多い現代人の問題である。いつも急ぐ現在の世界ではゆっくり食べることが普段ではなくなったことである。さらに、速く食べられるから便利なファーストフードができたら家の料理はあまり作らなくなるではないか。
一番おいしい料理は母が作った料理だと言うことがよく耳にするでしょう。言い替えると子供のころに食べる家の料理の味は一番おいしい味になる。それとも、家の料理はファーストフードより体にいいにちがいない。
今すぐ速く食べればファーストフードはいいものになるかもしれないが、あまり体によくないし、味を味わうこともできない。朝早く起きて朝食と弁当を作ったら一日中家の料理味わうことができる。
自分が料理できない、それとも一人暮らししている人にとってファーストフードとかレストランの料理を食べるしか方法かもしれないが。
しかし自分が食べる料理は自分だけ選べるものだから、よく考えておいしくて体にいいものとか自分で作らないで、速くたべられるものどちらにしましょうか。","これは多い現代人の問題である。いつも急ぐ現在の世界ではゆっくり食べることが普段ではなくなったことである。さらに、速く食べられるから便利なファーストフードができたら家の料理はあまり作らなくなるではないか。
一番おいしい料理は母が作った料理だと言うことがよく耳にするでしょう。言い替えると子供のころに食べる家の料理の味は一番おいしい味になる。それとも、家の料理はファーストフードより体にいいにちがいない。
今すぐ速く食べればファーストフードはいいものになるかもしれないが、あまり体によくないし、味を味わうこともできない。朝早く起きて朝食と弁当を作ったら一日中家の料理味わうことができる。
自分が料理できない、それとも一人暮らししている人にとってファーストフードとかレストランの料理を食べるしか方法かもしれないが。
しかし自分が食べる料理は自分だけ選べるものだから、よく考えておいしくて体にいいものとか自分で作らないで、速くたべられるものどちらにしましょうか。",76.0,intermediate,10.0,214.0,21.4,0.4205607476635514,18.0,427.0,8.0,11.0,101.0,35.0,3.152,2.563,3.833,3.778,2.957,2.851
246,246,246,RRS29,RUS,ロシア語,"人々は、あなたの健康の世話をする必要があります。ファーストフードを食べる前に、人々は慎重に考える必要があります。ファーストフードは非常に有害であります。
油っこい食べ物から気分な悪くなります。フライドポテトやハンバーガーやフライドなどは油っこい食べ物です。リンゴやトマトやキュウリやピーマンや桃などは健康に良い食品です。
食べて果物や野菜が良いです。コカ？コーラから胃の病気が発生します。人々は水を飲む場合は、良い感じます。誰もが何の食品が健康を知っています。しかし、今の若い人はファーストフードが多いです。いつも若い人はとても忙しい人です。ファーストフードは非常に高速です。それは非常に便利です。しかし、ファーストフードを買う余裕は非常にまれであることができます。ハンバーガーを食べることよりも良いが、すべてではありません。ファーストフードを食べるよりも有害ではありません。
学生は大学の昼休み短いからファーストフードを食べます。彼らは自分の健康を害する。健康状態を懸念している学生は良い家弁当を取ります。通常、彼らはまた、エクササイズや遊びのスポーツを行きます。健全な学生がよりよい学びます。よく健康であります。お願いは、ファーストフードを食べていない。","人々は、あなたの健康の世話をする必要があります。ファーストフードを食べる前に、人々は慎重に考える必要があります。ファーストフードは非常に有害であります。
油っこい食べ物から気分な悪くなります。フライドポテトやハンバーガーやフライドなどは油っこい食べ物です。リンゴやトマトやキュウリやピーマンや桃などは健康に良い食品です。
食べて果物や野菜が良いです。コカ？コーラから胃の病気が発生します。人々は水を飲む場合は、良い感じます。誰もが何の食品が健康を知っています。しかし、今の若い人はファーストフードが多いです。いつも若い人はとても忙しい人です。ファーストフードは非常に高速です。それは非常に便利です。しかし、ファーストフードを買う余裕は非常にまれであることができます。ハンバーガーを食べることよりも良いが、すべてではありません。ファーストフードを食べるよりも有害ではありません。
学生は大学の昼休み短いからファーストフードを食べます。彼らは自分の健康を害する。健康状態を懸念している学生は良い家弁当を取ります。通常、彼らはまた、エクササイズや遊びのスポーツを行きます。健全な学生がよりよい学びます。よく健康であります。お願いは、ファーストフードを食べていない。",47.0,beginner,25.0,254.0,10.16,0.4015748031496063,15.0,529.0,21.0,15.0,103.0,37.0,2.573,2.233,3.752,3.572,2.644,2.521
247,247,247,RRS38,RUS,ロシア語,"食べ物はじゅうよなテーマです。今人々は家の料理とファーストフードからえらぶことができます。家の料理もファーストフードもプラスとマイナスがあります。
家族と時間がある人はふつう家で自分で料理を作るのが好きです。肉や魚ややさいなどが新しくから、これで作った食べ物はおいしくてゆうえきなです。それから家で食べながら家族と話すことができます。でもすいじは長い時間かかります。それから食事の後でたくさんのきたないいれものを洗わなくちゃいけません。
そしてとても忙しい人々がいます。朝から夜まではたらく人は料理を作るのための時間がぜんぜんありませんが、昼休みは短くから、家で食べることもできません。それでたくさんのサラリーマンはファーストフードを食べます。本当にファーストフードは高くなくて早い食べ物だから、お金と時間をせつやくします。でもその食べ物はしぼうの多い、毎日ファーストフードを食べことは元気ではありません。
私はふつう家で食べます。私の祖母はとてもおいしい食べ物を作れます。でも時々大学の授業は遅く終わると、私は大学の食堂で食べます。料理人は食べ物が上手です。そしてたくさんの若い人は家の料理よりファーストフードの方が好きですが、ファーストフードはしょかに悪くから、私はそれをぜんぜん食ません。
私は各人がライフスタイルをえらぶことができると思います。変わった食べ物があることがいいです。","食べ物はじゅうよなテーマです。今人々は家の料理とファーストフードからえらぶことができます。家の料理もファーストフードもプラスとマイナスがあります。
家族と時間がある人はふつう家で自分で料理を作るのが好きです。肉や魚ややさいなどが新しくから、これで作った食べ物はおいしくてゆうえきなです。それから家で食べながら家族と話すことができます。でもすいじは長い時間かかります。それから食事の後でたくさんのきたないいれものを洗わなくちゃいけません。
そしてとても忙しい人々がいます。朝から夜まではたらく人は料理を作るのための時間がぜんぜんありませんが、昼休みは短くから、家で食べることもできません。それでたくさんのサラリーマンはファーストフードを食べます。本当にファーストフードは高くなくて早い食べ物だから、お金と時間をせつやくします。でもその食べ物はしぼうの多い、毎日ファーストフードを食べことは元気ではありません。
私はふつう家で食べます。私の祖母はとてもおいしい食べ物を作れます。でも時々大学の授業は遅く終わると、私は大学の食堂で食べます。料理人は食べ物が上手です。そしてたくさんの若い人は家の料理よりファーストフードの方が好きですが、ファーストフードはしょかに悪くから、私はそれをぜんぜん食ません。
私は各人がライフスタイルをえらぶことができると思います。変わった食べ物があることがいいです。",55.0,beginner,20.0,297.0,14.85,0.3872053872053872,20.0,594.0,12.0,2.0,136.0,33.0,2.746,2.286,4.004,3.743,2.85,2.728
248,248,248,RRS47,RUS,ロシア語,"ファーストフード店へよく行きますか。うちに自分で作った料理をよく食べますか。答えは答える人の年齢と性別によって違います。それからファーストフードとうちの料理のプラスとマイナスを探しましょう。
ファーストフード。多くの人はこれが好きです。うちに作る料理のための材料より高くても、作るために、近いファーストフード店へ行く時間がかかりますから。また、いろいろな食べ物の店があるので、好きなのを選んだり、宅配にする注文したり出来ます。とても便利だと思います。
一方では、今健康にファーストフードの有害なことをあちこちで叫んでいます。いろいろな研究によると、これは本当です。腹を始め、全部身体に害毒を流す化学物質はこのような料理にあります。その上、ファーストフードの作り方は時々安全ではありません。
でもうちに作る料理はどうですか。ファーストフードと違って、このような料理はもっと安全で、健康にいいです。材料を自分で選べられますから。たくさんの調査によると、これはもっと安いです。また、自分で作るからの喜びで気分はよくなります。
けれど、マイナスもあります。第一に、人の多くはは毎日忙しくて、帰った後で何かをする力がありません。第二に、たくさんの人は簡単な料理だけ作られて、ある人は全然作られません。
現在ではあらゆる料理があります。何がいいか、何が悪いか、と人によって違いますから、どちらを選ぶのは個人的な解決です。","ファーストフード店へよく行きますか。うちに自分で作った料理をよく食べますか。答えは答える人の年齢と性別によって違います。それからファーストフードとうちの料理のプラスとマイナスを探しましょう。
ファーストフード。多くの人はこれが好きです。うちに作る料理のための材料より高くても、作るために、近いファーストフード店へ行く時間がかかりますから。また、いろいろな食べ物の店があるので、好きなのを選んだり、宅配にする注文したり出来ます。とても便利だと思います。
一方では、今健康にファーストフードの有害なことをあちこちで叫んでいます。いろいろな研究によると、これは本当です。腹を始め、全部身体に害毒を流す化学物質はこのような料理にあります。その上、ファーストフードの作り方は時々安全ではありません。
でもうちに作る料理はどうですか。ファーストフードと違って、このような料理はもっと安全で、健康にいいです。材料を自分で選べられますから。たくさんの調査によると、これはもっと安いです。また、自分で作るからの喜びで気分はよくなります。
けれど、マイナスもあります。第一に、人の多くはは毎日忙しくて、帰った後で何かをする力がありません。第二に、たくさんの人は簡単な料理だけ作られて、ある人は全然作られません。
現在ではあらゆる料理があります。何がいいか、何が悪いか、と人によって違いますから、どちらを選ぶのは個人的な解",71.0,intermediate,23.0,314.0,13.652173913043478,0.3949044585987261,23.0,604.0,31.0,9.0,131.0,43.0,2.835,2.365,3.887,3.717,2.74,2.651
249,249,249,RRS56,RUS,ロシア語,"最近仕事や勉強で忙しい人は家で食べず、ますますファーストフード店を使うようになりました。老若男女を問わず、サラリーマンでも学生でもの姿がファーストフード店で見かけられます。皆さんもファーストフードが食べたことがあるでしょう。
さて、ファーストフードの魅力を考えてみましょう。
まず、長い間を待たず、どこでも何時でも好きな料理が食べることができます。料理人に作られていて、味も心配が要られません。わざわざ材料を狩ることなしで、寛ぎながら夕食を楽しむこともポイントの一つです。言うまでもなく、食器を洗う面倒もなくなります。速くて、美味しくて、お金さえあれば好きな料理が食べられるファーストフード店がどう見ても最高の場所に見えます。
それにしても、ファーストフードも裏側があります。料理を作る上、材料に注意しなければなりません。賞味期限や、新鮮さなどのことが健康に関わっているものですから、見失うわけにはいきません。特にマクドナルドのような主にハンバーガーを中心とするファーストフード店で食べている人は、肥満また癌のリスクが普通の人より高いようです。
それに対して家庭料理ほうが、時間をかかっても、ヘルシーで、家族の皆を揃って食べられるものではありませんか。また、自分でレシピを考えて、想像力も伸びます。料理を自分で作って、家族や友達にあげることは人間関係の大事な点の一つと言うところから見れば、家庭料理のほうが人間の幸せにかかわっているものじゃないかと思いませんか。","最近仕事や勉強で忙しい人は家で食べず、ますますファーストフード店を使うようになりました。老若男女を問わず、サラリーマンでも学生でもの姿がファーストフード店で見かけられます。皆さんもファーストフードが食べたことがあるでしょう。
さて、ファーストフードの魅力を考えてみましょう。
まず、長い間を待たず、どこでも何時でも好きな料理が食べることができます。料理人に作られていて、味も心配が要られません。わざわざ材料を狩ることなしで、寛ぎながら夕食を楽しむこともポイントの一つです。言うまでもなく、食器を洗う面倒もなくなります。速くて、美味しくて、お金さえあれば好きな料理が食べられるファーストフード店がどう見ても最高の場所に見えます。
それにしても、ファーストフードも裏側があります。料理を作る上、材料に注意しなければなりません。賞味期限や、新鮮さなどのことが健康に関わっているものですから、見失うわけにはいきません。特にマクドナルドのような主にハンバーガーを中心とするファーストフード店で食べている人は、肥満また癌のリスクが普通の人より高いようです。
それに対して家庭料理ほうが、時間をかかっても、ヘルシーで、家族の皆を揃って食べられるものではありませんか。また、自分でレシピを考えて、想像力も伸びます。料理を自分で作って、家族や友達にあげることは人間関係の大事な点の一つと言うところから見れば、家庭料理の",82.0,advanced,16.0,322.0,20.125,0.4472049689440994,33.0,631.0,23.0,17.0,130.0,42.0,2.827,2.297,3.505,3.407,2.601,2.548
250,250,250,RRS60,RUS,ロシア語,"今からファストフードと家で作っている普通な食べ物について述べたいと思います。
最近生活速度が高まり、食べ物を作る時間、ゆっくり食べる時間がないという人も増えていきます。受給バランスのため、マクドナルドなどのファストフードのお店が数多く現れました。このようなお店に入ると、列で並ぼうと思っている瞬間から食べ終わった瞬間まで１０分しか経っていないことが多いです。急いでいる人にとってとても便利な持ち帰りオプションも、もちろん、あります。しかも、ファストフードの食べ物がカロリー高いので、ハンバーガーなどを食べたら、もう長い時間お腹が空かないこともファストフードを選ぶ理由の一つのようです。
それでも、危険なこと、悪いポイントもたくさんあります。例えば、カロリーが高いこともカロリーが高すぎることになりやすいです。科学的なうま味調味料などを使うことで食べ過ぎることをさせるファストフードの店が多いので、注意しないといけない状況です。後、やはりこのような栄養バランスが整っていない、脂肪の多い食べ物は体調に良くないです。急いで食べるのもよくないと言われています。ファストフードという言葉自体とこの現象が元々アメリカから来たようで、アメリカはファストフードのせいで病気な人と肥大した人がとても多くて現在大きい問題となっています。なぜか、それに関わらず、他の国でも、ロシアと日本でも、ファストフードの人気が増えていくだけです。けれども、どれぐらい批判しても、生活スピードが速くなっていくので、早く買える、早く食べられるものが優先になるのが当たり前でしょう。
なので、もっとヘルシーなファストフードが出来たら一番いいのではないかなと思います。生野菜・果物の分を増やして、ナチュラル牛乳などを入れて、科学的な調味料などを少し減らすことだけでももっと栄養のいい食事になるはずです。サービスが今と同じように早かったら、まだファストフードでしょう。まあ、今私が分析してみたように全体を考えるより、とりあえず自分が食べるものをちゃんと意識して、自分の体に十分気を付けましょう。","今からファストフードと家で作っている普通な食べ物について述べたいと思います。
最近生活速度が高まり、食べ物を作る時間、ゆっくり食べる時間がないという人も増えていきます。受給バランスのため、マクドナルドなどのファストフードのお店が数多く現れました。このようなお店に入ると、列で並ぼうと思っている瞬間から食べ終わった瞬間まで１０分しか経っていないことが多いです。急いでいる人にとってとても便利な持ち帰りオプションも、もちろん、あります。しかも、ファストフードの食べ物がカロリー高いので、ハンバーガーなどを食べたら、もう長い時間お腹が空かないこともファストフードを選ぶ理由の一つのようです。
それでも、危険なこと、悪いポイントもたくさんあります。例えば、カロリーが高いこともカロリーが高すぎることになりやすいです。科学的なうま味調味料などを使うことで食べ過ぎることをさせるファストフードの店が多いので、注意しないといけない状況です。後、やはりこのような栄養バランスが整っていない、脂肪の多い食べ物は体調に良くないです。急いで食べるのもよくないと言われています。ファストフードという言葉自体とこの現象が元々アメリカから来たようで、アメリカはファストフードのせいで病気な人と肥大した人がとても多くて現在大きい問題となっています。なぜか、それに関わらず、他の国でも、ロシアと日本でも、ファストフードの人気が増えて",80.0,intermediate,18.0,424.0,23.55555555555556,0.4363207547169811,38.0,876.0,45.0,28.0,197.0,57.0,2.768,2.295,3.731,3.65,2.673,2.584
251,251,251,SES01,ESP,スペイン語,"生活の中に色々な料理を食べます。ファーストフードと家の料理がたくさんあります。
でも、どんな料理ほうがいいですか。
一方でファーストフードは特に若い人たち、多くの人が食べますが。利点のファーストフードは早く作って、味が良いです。また、匂いも良いです。時々様子はこの食事を食べたいだと思います。しかし、ファーストフードを食べて過ぎたら、健康によくなったなります。これは大切な問題がありますが、多くの若い人はファーストフードを食べ過ぎてばかりいます。この問題は例えば太いになって、体が良くいません。最後に病気になります。ファーストフードの料理は健康ではありません。
反面に家の料理は国によって違います。それでも、材料は肉とか野菜、果物などですから、国々に健康な料理です。材料は時々意ぞがしいですから、人たちが料理を作ることができません。また、料理を作ることは好きじゃありません。たまに匂いと味がよくなったですが、時々子供たちがあまる好きじゃありません。例えば、子供の時、色々な野菜が好きじゃありませんでした。また、家の料理よりファーストフードほうがいいだったと思いました。今では家の料理ほうがいいだと思います。
料理は生活に大切なことです。人は自分の体に気を付けなければなりません。その理由のため、ファーストフードより家の料理ほうがいいだと思います。","生活の中に色々な料理を食べます。ファーストフードと家の料理がたくさんあります。
でも、どんな料理ほうがいいですか。
一方でファーストフードは特に若い人たち、多くの人が食べますが。利点のファーストフードは早く作って、味が良いです。また、匂いも良いです。時々様子はこの食事を食べたいだと思います。しかし、ファーストフードを食べて過ぎたら、健康によくなったなります。これは大切な問題がありますが、多くの若い人はファーストフードを食べ過ぎてばかりいます。この問題は例えば太いになって、体が良くいません。最後に病気になります。ファーストフードの料理は健康ではありません。
反面に家の料理は国によって違います。それでも、材料は肉とか野菜、果物などですから、国々に健康な料理です。材料は時々意ぞがしいですから、人たちが料理を作ることができません。また、料理を作ることは好きじゃありません。たまに匂いと味がよくなったですが、時々子供たちがあまる好きじゃありません。例えば、子供の時、色々な野菜が好きじゃありませんでした。また、家の料理よりファーストフードほうがいいだったと思いました。今では家の料理ほうがいいだと思います。
料理は生活に大切なことです。人は自分の体に気を付けなければなりません。その理由のため、ファーストフードより家の料理ほうがいいだと思います。",52.0,beginner,23.0,303.0,13.173913043478262,0.3201320132013201,12.0,573.0,17.0,11.0,126.0,46.0,2.762,2.364,3.869,3.719,2.7,2.618
252,252,252,SES03,ESP,スペイン語,"現在は様々たくさんの食べ物があります。全の国はそれぞれに食べ物があります。だから、日本の食べ物とか韓国の食べ物とかイタリアの食べ物がありますけど、他の食べ物があります。この食べ物はジャンック食べ物を申します。ジャンック食べ物はたくさんがあっています、だからハンバーガーとかピッツアがあります。それに、この食べ物はとても人気です、何より若者中に人気です。ジャンク食べ物はとてもおいしいです。でも、健康のためにとても悪いです。栄養学者は自家製の食べ物を食べたほうがいいと言います。理由は体のために自家製の食べ物がいいです。それに、ジャンク食べ物は自家製の食べ物よりたくさんがあります。だから、魚とか野菜とかパスタがあります。そして、様々たくさんの料理を作るでいます。最後に、ダイエットいいのために、自家製の食べ物が必要な食べます。
私はジャンク食べ物が悪いと思いますが、時々にジャンク食べ物を食べるできます。でも、あなたはダイエットをしたら、ジャンク食べ物がとても悪い信じします。私は自家製の食べ物はジャンク食べ物よりおいしいそうです。私は魚とか野菜をとても好きな食べています。でも、ジャンク食べ物も好きな食べています。だから、ピツッアとかハンバーガーを好きな食べています。それにしても、元気の生活ために、私は自家製の食べ物がとてもてきとうほうがいいです。
最後に、あなたのいけんはどうですか。","現在は様々たくさんの食べ物があります。全の国はそれぞれに食べ物があります。だから、日本の食べ物とか韓国の食べ物とかイタリアの食べ物がありますけど、他の食べ物があります。この食べ物はジャンック食べ物を申します。ジャンック食べ物はたくさんがあっています、だからハンバーガーとかピッツアがあります。それに、この食べ物はとても人気です、何より若者中に人気です。ジャンク食べ物はとてもおいしいです。でも、健康のためにとても悪いです。栄養学者は自家製の食べ物を食べたほうがいいと言います。理由は体のために自家製の食べ物がいいです。それに、ジャンク食べ物は自家製の食べ物よりたくさんがあります。だから、魚とか野菜とかパスタがあります。そして、様々たくさんの料理を作るでいます。最後に、ダイエットいいのために、自家製の食べ物が必要な食べます。
私はジャンク食べ物が悪いと思いますが、時々にジャンク食べ物を食べるできます。でも、あなたはダイエットをしたら、ジャンク食べ物がとても悪い信じします。私は自家製の食べ物はジャンク食べ物よりおいしいそうです。私は魚とか野菜をとても好きな食べています。でも、ジャンク食べ物も好きな食べています。だから、ピツッアとかハンバーガーを好きな食べています。それにしても、元気の生活ために、私は自家製の食べ物がとてもてきとうほうがいいです。
最後に、あなたのいけんはどうですか。",45.0,beginner,22.0,277.0,12.590909090909092,0.2996389891696751,11.0,595.0,17.0,12.0,130.0,25.0,2.45,2.069,3.892,3.825,2.438,2.292
253,253,253,SES07,ESP,スペイン語,"我々は加速される社会に住んでいます。今日では誰もが非常に少しの時間を食べる。それは安価で高速なのでそう多くの人々はジャンクフードを好む。また多くの人々は家から離れて働きます。
ファーストフードは健康ではありません。多くのコレステロールと塩が含まれています。味は良いです、でも体に多くの被害。ジャンクフードは時々便利です。しかし、食品に損害を与えるすべての化学物質。
その一方で、自家製の食品は、多くの健康です。料理をする方法に依存しますが、手作りの料理一般に優れています。それ濫用してはならない、塩と生鮮食品を購入します。ファーストフードの体重増加を引き起こします。
私はベジタリアンです。そうしたら、肉を食べません。新鮮なフルーツ、愛し、とても健康です。また新鮮な生の野菜を食べなさい。悪い時折いくつかのお菓子やチョコレートを食べることはありません。
要するに、ファーストフードを食べ時々悪くはないです。しかし、我々は時間のほとんどは健康を食べるしようとする必要があります。果物と野菜が不可欠であります。果物や野菜がある多くの栄養素とビタミン。
健康的な生活する必要があります健康的でバランスの取れた食事を維持するために。","我々は加速される社会に住んでいます。今日では誰もが非常に少しの時間を食べる。それは安価で高速なのでそう多くの人々はジャンクフードを好む。また多くの人々は家から離れて働きます。
ファーストフードは健康ではありません。多くのコレステロールと塩が含まれています。味は良いです、でも体に多くの被害。ジャンクフードは時々便利です。しかし、食品に損害を与えるすべての化学物質。
その一方で、自家製の食品は、多くの健康です。料理をする方法に依存しますが、手作りの料理一般に優れています。それ濫用してはならない、塩と生鮮食品を購入します。ファーストフードの体重増加を引き起こします。
私はベジタリアンです。そうしたら、肉を食べません。新鮮なフルーツ、愛し、とても健康です。また新鮮な生の野菜を食べなさい。悪い時折いくつかのお菓子やチョコレートを食べることはありません。
要するに、ファーストフードを食べ時々悪くはないです。しかし、我々は時間のほとんどは健康を食べるしようとする必要があります。果物と野菜が不可欠であります。果物や野菜がある多くの栄養素とビタミン。
健康的な生活する必要があります健康的でバランスの取れた食事を維持するために。",55.0,beginner,23.0,257.0,11.173913043478262,0.4396887159533074,17.0,512.0,31.0,28.0,108.0,49.0,2.572,2.268,3.69,3.473,2.66,2.527
254,254,254,SES09,ESP,スペイン語,"昨今、私たちフアストフードをたくさん食べます。しかし、我々はまた、自家製の食品、私たちの母親や祖母によって調製し、特に1を食べます。
日本では、自家製の料理がたくさんあります。寿司とか焼き鳥とかラメンなどです。でも、ますますフアストフードがあります。ハンバーガーとカロリーや脂肪を食器が多きます。日本では、野菜と魚と食。しかし、果物はとても高いです。
日本では、まだよく料理と自家製の料理を食べていると思いますが、料理の新たな方法に適応する。
反面、スペインでは、ますますフアストフードがあります。日本のように。しかし、私たちは、地中海ダイエットがあります。でも、徐々に失っている。
このダイエットは野菜と肉と果物と？？魚が食べます。
私の意見では、日本の料理はスペインの料理より様々です。スペイン国内でより多くの肉や果物がありますから。日本は長いですが、栽培面積がありません。
また、重要な違いは米です。スペインではキューバナの米やパエリアが食べます。日本で、米は基のダイエットです。
最後では、日本の料理とスペインの料理が大好きです。そしてフアストフードは、日本とスペインの両方に悪いです。","昨今、私たちフアストフードをたくさん食べます。しかし、我々はまた、自家製の食品、私たちの母親や祖母によって調製し、特に1を食べます。
日本では、自家製の料理がたくさんあります。寿司とか焼き鳥とかラメンなどです。でも、ますますフアストフードがあります。ハンバーガーとカロリーや脂肪を食器が多きます。日本では、野菜と魚と食。しかし、果物はとても高いです。
日本では、まだよく料理と自家製の料理を食べていると思いますが、料理の新たな方法に適応する。
反面、スペインでは、ますますフアストフードがあります。日本のように。しかし、私たちは、地中海ダイエットがあります。でも、徐々に失っている。
このダイエットは野菜と肉と果物と？？魚が食べます。
私の意見では、日本の料理はスペインの料理より様々です。スペイン国内でより多くの肉や果物がありますから。日本は長いですが、栽培面積がありません。
また、重要な違いは米です。スペインではキューバナの米やパエリアが食べます。日本で、米は基のダイエットです。
最後では、日本の料理とスペインの料理が大好きです。そしてフアストフードは、日本とスペインの両方に悪いです。",46.0,beginner,24.0,234.0,9.75,0.3888888888888889,6.0,497.0,16.0,19.0,105.0,43.0,2.9,2.494,3.961,3.822,2.924,2.755
255,255,255,SES11,ESP,スペイン語,"現代いっぱんな人はせかいゆうのどこでもにちよう生活をおくって、いろいろな事情があります。
時々働きすぎて時々ゆっくりやすんでいてなにもしないでくらします。
人の事情や時によって、生活はちがっています。
さいきん、えいようはとても重要なことになりました。しかし、でんとうてきの仕事をくらべるとげんだいてきな仕事はどんどんもっとせんもんてきになりました。
げんだいてきな仕事はたくさんの時間が要りますので、ひとはなかなか自分で慮利お作ることができません。
だから大きくてゆうめいなしょくりょう大企業は新しいえいぎょうのしゅるいをけんきゅうしています。
とくにとかいでは、人は仕事に首までどっぷりです。毎日新しい自動販売機お使われていろいろで新しい食べ物を作られました。
その上、人は時間があまりないので、ぐたいてきになにをたべているか心配することをもうやめましたとおもいます。
今頃、人はなんでもたべたらけっこうです。たとえばインスタント食事やエネルギー飲み物やカラフルお菓子などがあります。
そして新しい食べ物はさまざまなしゅるいの材料で作られました。
その料理の中ではたぶんひでんのじんこうてきなビタミンやじんこうてきな材料がたくさんあります。
それをよくたべるとからだにわるくなります。
しかし、おいしゃさんにとって、健康はこうふくの１つの必要条件である。
あたまがいい人はじかんがあったらうちでゆっくりと自分ででんとうてきな料理をつくります。
自分で作る食べ物はけんこうのためにとてもいいです。毎日いろいろなたべものおたべたらいいです。そして好き嫌いがあって、野菜、肉、サラダ、魚を混ぜるといいかんがえでしょう。
１週間少なくとも２回うんどうをすることはたいせつなちゅうこくです。そして、やせているのほうはふとっているよりいいです。
いつかぺこぺこしたらなま食べ物を食べたほうがいいです。そうしたら、へいきんじゅみょうはきっともっと長くなるでしょ。","現代いっぱんな人はせかいゆうのどこでもにちよう生活をおくって、いろいろな事情があります。
時々働きすぎて時々ゆっくりやすんでいてなにもしないでくらします。
人の事情や時によって、生活はちがっています。
さいきん、えいようはとても重要なことになりました。しかし、でんとうてきの仕事をくらべるとげんだいてきな仕事はどんどんもっとせんもんてきになりました。
げんだいてきな仕事はたくさんの時間が要りますので、ひとはなかなか自分で慮利お作ることができません。
だから大きくてゆうめいなしょくりょう大企業は新しいえいぎょうのしゅるいをけんきゅうしています。
とくにとかいでは、人は仕事に首までどっぷりです。毎日新しい自動販売機お使われていろいろで新しい食べ物を作られました。
その上、人は時間があまりないので、ぐたいてきになにをたべているか心配することをもうやめましたとおもいます。
今頃、人はなんでもたべたらけっこうです。たとえばインスタント食事やエネルギー飲み物やカラフルお菓子などがあります。
そして新しい食べ物はさまざまなしゅるいの材料で作られました。
その料理の中ではたぶんひでんのじんこうてきなビタミンやじんこうてきな材料がたくさんあります。
それをよくたべるとからだにわるくなります。
しかし、おいしゃさんにとって、健康はこうふくの１つの必要条件である。
あたまがいい人はじかんがあったらうちでゆ",55.0,beginner,24.0,386.0,16.083333333333332,0.4715025906735751,38.0,826.0,17.0,19.0,147.0,38.0,3.378,2.931,4.664,4.554,3.45,3.327
256,256,256,SES14,ESP,スペイン語,"最近、新聞や本で食べ物について読めます。レストランの食べ物とうちで作る食べ物とどちらがいいですか。うちで作る食べ物は安いし、体もいいし。それに、家族と一緒に食べられます。しかし今生活が忙しいですから、じかんがありません。それから、原料も買えないし、料理も習えないし。最後に人々インスタントフードを食べます。
レストランで色々な食べ物が食べられます：安くて健康も悪いし、高くて健康もいいし、高くてけんこもわるいし。しかし、安くて健康がいい食べ物が見つけられません。高くて、毎日いい食べ物が食べられません。仕事のとき、昼ご飯を作る時間がありませんから、毎日社員は安いレストランで食べます。しかし、このレストランで油を使って、皆は太くなります。そして、よく病気になって、働けません。健康と仕事のために、いい料理は大切です。
スペインで同じ問題があります。ここに「地中海食」があります。このダイエットなら、野菜や魚を食べなければなりません。しかし、子供はこの食べ物の味が嫌くて、食べません。高校生と大学生のとき、お金があまりありませんから、ハンバーグやピザをたべます。最後に仕事のとき料理を作るのが下手で、会社員はレストランで昼ご飯をして、週末ファストフードを食べます。
まとめは学校とうちで食べ物の必要さについて教えなければなりません。このように大人はもっと元気になったり、一生懸命働けたりします。","最近、新聞や本で食べ物について読めます。レストランの食べ物とうちで作る食べ物とどちらがいいですか。うちで作る食べ物は安いし、体もいいし。それに、家族と一緒に食べられます。しかし今生活が忙しいですから、じかんがありません。それから、原料も買えないし、料理も習えないし。最後に人々インスタントフードを食べます。
レストランで色々な食べ物が食べられます：安くて健康も悪いし、高くて健康もいいし、高くてけんこもわるいし。しかし、安くて健康がいい食べ物が見つけられません。高くて、毎日いい食べ物が食べられません。仕事のとき、昼ご飯を作る時間がありませんから、毎日社員は安いレストランで食べます。しかし、このレストランで油を使って、皆は太くなります。そして、よく病気になって、働けません。健康と仕事のために、いい料理は大切です。
スペインで同じ問題があります。ここに「地中海食」があります。このダイエットなら、野菜や魚を食べなければなりません。しかし、子供はこの食べ物の味が嫌くて、食べません。高校生と大学生のとき、お金があまりありませんから、ハンバーグやピザをたべます。最後に仕事のとき料理を作るのが下手で、会社員はレストランで昼ご飯をして、週末ファストフードを食べます。
まとめは学校とうちで食べ物の必要さについて教えなければなりません。このように大人はもっと元気になったり、一生懸命働けたりします。",49.0,beginner,22.0,297.0,13.5,0.3905723905723905,17.0,596.0,11.0,7.0,128.0,37.0,2.791,2.325,3.96,3.77,2.815,2.68
257,257,257,SES15,ESP,スペイン語,"昨今、都市がにぎやかです。会社が忙しいです。だれも時間がありませんから、なにもは早くしなければなりません。毎日早く運転したり、うちに早く帰りたり、早く働きしたりしています。でも、早くたべらなけらばなりませんか。
ファストフードはとても有名食べ物です。早いし、安いし、近いし、ファストフードはとても便利です。でも、ファストフードを食べることがいいですか。いいえ。どして手作料理がファストフードよりいいでだと知っているので人々はたくさんファストフードを食べていますか。
おいしいし、やすいし、若いひとはファストフードがだいすき。会社員は時間がありませんから、レストランにしょくじしないで、うちで食べ物を作れません。今、両親は働いてきますから、こどもと女性と夫に食べ物を作れません。今、社会は時間があればあるほど、お金がありません。お金があったら、じかんがありません。
一周かん、ファストフードは便利ですが、毎日、悪いです。もっと野菜と魚を食べたほうがいいです。うちの作り料理は毎晩と週末に作れて、冷凍庫にいれます。すれば、毎日うちに作る食べ物を食べられています。日本のダイエットはとてもいいです。野菜や、魚や、肉などがあります。いつも市場に新鮮材料をかえます。このおいしくていい料理ですから、忘れないでください。体のためにヘルシーです。","昨今、都市がにぎやかです。会社が忙しいです。だれも時間がありませんから、なにもは早くしなければなりません。毎日早く運転したり、うちに早く帰りたり、早く働きしたりしています。でも、早くたべらなけらばなりませんか。
ファストフードはとても有名食べ物です。早いし、安いし、近いし、ファストフードはとても便利です。でも、ファストフードを食べることがいいですか。いいえ。どして手作料理がファストフードよりいいでだと知っているので人々はたくさんファストフードを食べていますか。
おいしいし、やすいし、若いひとはファストフードがだいすき。会社員は時間がありませんから、レストランにしょくじしないで、うちで食べ物を作れません。今、両親は働いてきますから、こどもと女性と夫に食べ物を作れません。今、社会は時間があればあるほど、お金がありません。お金があったら、じかんがありません。
一周かん、ファストフードは便利ですが、毎日、悪いです。もっと野菜と魚を食べたほうがいいです。うちの作り料理は毎晩と週末に作れて、冷凍庫にいれます。すれば、毎日うちに作る食べ物を食べられています。日本のダイエットはとてもいいです。野菜や、魚や、肉などがあります。いつも市場に新鮮材料をかえます。このおいしくていい料理ですから、忘れないでください。体のためにヘルシーです。",52.0,beginner,24.0,277.0,11.541666666666666,0.407942238267148,18.0,566.0,11.0,4.0,124.0,31.0,2.917,2.509,4.346,4.254,2.912,2.802
258,258,258,SES18,ESP,スペイン語,たくさん人は食べることが快感だと思う。しかし、他の人は食べることが大変だと思う。日本では働く人はあまり時間がなくて、家も会社の遠くので、ファーストフード店でよく食べる。疲れた会社員は家に帰るとき、最後のことをしたいのは料理するのだ。料理を作るために食材を買わなければならないし、食べる後で皿を洗わなければならないし、それに料理を作るの時間も長いから、ファーストフード店の食べ物は家の料理より便利だ。それで日本ではファーストフード店が多い。ファーストフード店の中でピッツェリアやハンバーガー店やラーメン屋などがある。そして、人はラーメンの自動販売機でもコンビニエンスストアでもインスタント食品もを買える。しかし、家の料理のほうが安いし、美味しいし、それに健康のためにいい。悪い摂食で多くの病気が発生する。例えば太り過ぎの問題や心血管障害や糖尿病などが発生できる。元気な摂食は大切なことだから、あまりファーストフードを食べないほうがいい。時間があれば、もっと野菜を食べて、毎日違う料理を作るようにしてください。仕事で少し時間があれば、家で自分に作ったお弁当を持って行く。きっと食べることが快感だと思うから、楽しみながら食べよう。,たくさん人は食べることが快感だと思う。しかし、他の人は食べることが大変だと思う。日本では働く人はあまり時間がなくて、家も会社の遠くので、ファーストフード店でよく食べる。疲れた会社員は家に帰るとき、最後のことをしたいのは料理するのだ。料理を作るために食材を買わなければならないし、食べる後で皿を洗わなければならないし、それに料理を作るの時間も長いから、ファーストフード店の食べ物は家の料理より便利だ。それで日本ではファーストフード店が多い。ファーストフード店の中でピッツェリアやハンバーガー店やラーメン屋などがある。そして、人はラーメンの自動販売機でもコンビニエンスストアでもインスタント食品もを買える。しかし、家の料理のほうが安いし、美味しいし、それに健康のためにいい。悪い摂食で多くの病気が発生する。例えば太り過ぎの問題や心血管障害や糖尿病などが発生できる。元気な摂食は大切なことだから、あまりファーストフードを食べないほうがいい。時間があれば、もっと野菜を食べて、毎日違う料理を作るようにしてください。仕事で少し時間があれば、家で自分に作ったお弁当を持って行く。きっと食べることが快感だと思うから、楽しみながら食べよう。,55.0,beginner,15.0,268.0,17.866666666666667,0.4253731343283582,19.0,512.0,14.0,10.0,120.0,47.0,2.635,2.174,3.579,3.472,2.489,2.414
259,259,259,SES19,ESP,スペイン語,この作文でファーストフードと家の食べ物と比較をします。ファーストフードについて、私の意見は便利ですが、たくさんを食べると太りになるます。毎週、ファーストフードのレストランに行きます。たとえば、MC、KFC、Taco Bell。ファーストフードを食べるの後で、お腹が重いです。それで、次の日外にランニングをします。美味しいですが、作り方は分かりません。それに、ファーストフードについて、人たちはいつも悪い言葉をはなします。家の食べ物は食べたほうがいいですよ！たとえば、母とおばあさんは食べ物を作る時いい材料で料理をします。家の食べ物はとても美味しいんだね。すべての友達は、あ！私のお母さんの料理が美味しいです、いつでも、の家に帰りたい！私は喜びです。例えば、映画館に行くとき、いつも、ファーストフードのレストランに行くます。家を食べるのは健全です。私は料理が下手ですから、料理を勉強したいです。今年、日本に行ったら、スペイン料理の作り方を学びたいです。後で、日本の友達に作りましょう。いつもファーストフードに行けば、怠け者です。料理を作ってみて！たくさん人はファーストフードに行く後で、病気になります。医者の意見は一ヶ月だけファーストフードで食べます。家の食べ物は一番です。ファーストフードはたくさん脂肪があれます。怖いです。体を元気があるために、家の食べ物を食べてください。私は二ヶ月にファーストフードで食べます。最後の相談を言いたいです。毎日、健全の食べ物を食べてください。それで、元気になります。あ！私の家に帰ってください、美味しい料理を食べましょう。,この作文でファーストフードと家の食べ物と比較をします。ファーストフードについて、私の意見は便利ですが、たくさんを食べると太りになるます。毎週、ファーストフードのレストランに行きます。たとえば、MC、KFC、Taco Bell。ファーストフードを食べるの後で、お腹が重いです。それで、次の日外にランニングをします。美味しいですが、作り方は分かりません。それに、ファーストフードについて、人たちはいつも悪い言葉をはなします。家の食べ物は食べたほうがいいですよ！たとえば、母とおばあさんは食べ物を作る時いい材料で料理をします。家の食べ物はとても美味しいんだね。すべての友達は、あ！私のお母さんの料理が美味しいです、いつでも、の家に帰りたい！私は喜びです。例えば、映画館に行くとき、いつも、ファーストフードのレストランに行くます。家を食べるのは健全です。私は料理が下手ですから、料理を勉強したいです。今年、日本に行ったら、スペイン料理の作り方を学びたいです。後で、日本の友達に作りましょう。いつもファーストフードに行けば、怠け者です。料理を作ってみて！たくさん人はファーストフードに行く後で、病気になります。医者の意見は一ヶ月だけファーストフードで食べます。家の食べ物は一番です。ファーストフードはたくさん脂肪があれます。怖いです。体を元気があるために、家の食べ物を食べてください。私は二ヶ月にファーストフー,54.0,beginner,33.0,316.0,9.575757575757576,0.3512658227848101,15.0,678.0,12.0,7.0,116.0,39.0,2.718,2.316,3.944,3.815,2.653,2.52
260,260,260,SES21,ESP,スペイン語,"一日一日私たちは違うの食べ物を食べていましたが、人々は同じです。私たちのけんこうはいいとだめが食べ物や飲み物をし第であります。
速くの食べ物とうちの食べ物は全ぜん違うの食べ物ですから、えいようのバランスを考えて食べてください。
速くの食べ物は時々悪いだと思います、沢山しほうやたん水化物があります、であまりビタミンがあります。でも、いい速くの食べ物があるけど人々が食べないかもしれません。速くの食べ物は作ることが少し時間をかかります、そのうえ子どもと大人は速くの食べ物がとても好きです。私はこの食べ物大嫌いではありませんが、少しを食べています。
私は食べるとき、うちの食べ物は速くの食べ物よりより良いですから、けんこうがいいになることと思います。それで私は毎日うちの食べ物を食べています。もしかしたら私はうちの外です、少し食べるかもしれません。
うちの食べ物はたんぱくしつやビタミン沢山をあります、であなたはあなたの一番食べ物作るが出来たら、本当に気持ちいいあるでしょう。
もしかしたらあなたは時間がありませんから、問題はないと思います。スーパーでお味しいうちの食べ物があるのを知っていますか。
あなたは毎日何でも食べるようにしてください。
これは私の意見ですが、私は元気です。いっちですか、私は「いいえ」と思います。","一日一日私たちは違うの食べ物を食べていましたが、人々は同じです。私たちのけんこうはいいとだめが食べ物や飲み物をし第であります。
速くの食べ物とうちの食べ物は全ぜん違うの食べ物ですから、えいようのバランスを考えて食べてください。
速くの食べ物は時々悪いだと思います、沢山しほうやたん水化物があります、であまりビタミンがあります。でも、いい速くの食べ物があるけど人々が食べないかもしれません。速くの食べ物は作ることが少し時間をかかります、そのうえ子どもと大人は速くの食べ物がとても好きです。私はこの食べ物大嫌いではありませんが、少しを食べています。
私は食べるとき、うちの食べ物は速くの食べ物よりより良いですから、けんこうがいいになることと思います。それで私は毎日うちの食べ物を食べています。もしかしたら私はうちの外です、少し食べるかもしれません。
うちの食べ物はたんぱくしつやビタミン沢山をあります、であなたはあなたの一番食べ物作るが出来たら、本当に気持ちいいあるでしょう。
もしかしたらあなたは時間がありませんから、問題はないと思います。スーパーでお味しいうちの食べ物があるのを知っていますか。
あなたは毎日何でも食べるようにしてください。
これは私の意見ですが、私は元気です。いっちですか、私は「いいえ」と思います。",55.0,beginner,16.0,293.0,18.3125,0.3344709897610921,15.0,559.0,10.0,8.0,159.0,17.0,3.121,2.82,4.385,4.279,3.166,3.064
261,261,261,SES22,ESP,スペイン語,"家で作って料理はファーストフードよりおいしくて、体のためにがいいです。いろいろな物を作れます、野菜や魚や肉、家で自分料理を作ったら、大切な栄養素を食べるのは簡単です。また運動したら、体に心配しなくてもいいです。
そして、料理を作るのおもしろくて、楽しいです。今は、世界一周の料理の作り方を見つけるようになりました。
但し、今の世界の中で、ファーストフードは家で作って料理より便利です。今、多い人は時間がたくさん働いています。だから、たくさん人は料理を作るのが下手です、または、料理を作るのが好きでも、時間がありません。毎日１１にうちへ帰ったら、とても疲れ地増す。残念ですよね。
そして、ファーストフードのほうが安いです。若い人はファーストフードのレストランへ行っています、値段が安いですから。でも、年をとってから、たくさんファーストフードを食べた人は病気になります。ファーストフードの有害な影響を知ったら、「スーパーサイズ・ミー」、アメリカのドキュメンタリー映画を見たほうがいいです。映画の主人公は一月間ファーストフードのレストランに食べました。事件が終わってから、映画の主人公はとても太ったり、心が病気になったり、頭が痛いでした。
できるだけ、家で作って料理を食べるようにしています。
忙しい人のための料理の教室はいいアイデアだと思います。会社は会社員にいい料理をもらなければならないと思います。いい栄養があったら、うれしい会社員は働きます。","家で作って料理はファーストフードよりおいしくて、体のためにがいいです。いろいろな物を作れます、野菜や魚や肉、家で自分料理を作ったら、大切な栄養素を食べるのは簡単です。また運動したら、体に心配しなくてもいいです。
そして、料理を作るのおもしろくて、楽しいです。今は、世界一周の料理の作り方を見つけるようになりました。
但し、今の世界の中で、ファーストフードは家で作って料理より便利です。今、多い人は時間がたくさん働いています。だから、たくさん人は料理を作るのが下手です、または、料理を作るのが好きでも、時間がありません。毎日１１にうちへ帰ったら、とても疲れ地増す。残念ですよね。
そして、ファーストフードのほうが安いです。若い人はファーストフードのレストランへ行っています、値段が安いですから。でも、年をとってから、たくさんファーストフードを食べた人は病気になります。ファーストフードの有害な影響を知ったら、「スーパーサイズ・ミー」、アメリカのドキュメンタリー映画を見たほうがいいです。映画の主人公は一月間ファーストフードのレストランに食べました。事件が終わってから、映画の主人公はとても太ったり、心が病気になったり、頭が痛いでした。
できるだけ、家で作って料理を食べるようにしています。
忙しい人のための料理の教室はいいアイデアだと思います。会社は会社員にいい料理をもらなければならないと思います。い",53.0,beginner,20.0,308.0,15.4,0.3798701298701298,19.0,622.0,11.0,13.0,110.0,53.0,2.655,2.312,3.714,3.602,2.603,2.554
262,262,262,SES24,ESP,スペイン語,"ファーストフードか家庭料理か。
私は家庭料理が一番料理ですと思います。家で食べるときに食べているか知っています。肉、魚、野菜、卵などには、有効期限を知っています。食品では、保存料や着色がありません。食べ物を作りとき油も少ない使用します。しかし、朝の6時起き、仕事に地下鉄で一時間かかり、10時に夜家に帰り、冷蔵庫の中に生鮮食品を持っていることは難しいです。
ファーストフード、ありがとうごさいます。
サンドイッチ、ハンバーガー、ピザ、冷凍食品、駅弁などおかげで私は生きることができます。私の医者はそうは思いません。ファストフードは塩をたくさん持っているなどので健康（けんこう）に良くありません。多くの研究によると、ファストフードは、多くの病気が原因です。
太りすぎ、高血圧、糖尿病など。
毎朝、仕事に行った前、私の母が私に用意した弁当を持っているは私の夢です。それが不可能であるので私の休日では健康のために良く食事作るにようにします。私もレストランに行くとき魚やサラダや野菜食べるようにします。
ファーストフードと家庭料理はどちらがいいですか。
家庭料理はいいですがファーストフードは簡単な作りやすいです。","ファーストフードか家庭料理か。
私は家庭料理が一番料理ですと思います。家で食べるときに食べているか知っています。肉、魚、野菜、卵などには、有効期限を知っています。食品では、保存料や着色がありません。食べ物を作りとき油も少ない使用します。しかし、朝の6時起き、仕事に地下鉄で一時間かかり、10時に夜家に帰り、冷蔵庫の中に生鮮食品を持っていることは難しいです。
ファーストフード、ありがとうごさいます。
サンドイッチ、ハンバーガー、ピザ、冷凍食品、駅弁などおかげで私は生きることができます。私の医者はそうは思いません。ファストフードは塩をたくさん持っているなどので健康（けんこう）に良くありません。多くの研究によると、ファストフードは、多くの病気が原因です。
太りすぎ、高血圧、糖尿病など。
毎朝、仕事に行った前、私の母が私に用意した弁当を持っているは私の夢です。それが不可能であるので私の休日では健康のために良く食事作るにようにします。私もレストランに行くとき魚やサラダや野菜食べるようにします。
ファーストフードと家庭料理はどちらがいいですか。
家庭料理はいいですがファーストフードは簡単な作りやすいです。",54.0,beginner,18.0,256.0,14.22222222222222,0.4453125,17.0,503.0,21.0,11.0,103.0,47.0,2.902,2.53,3.819,3.759,2.916,2.789
263,263,263,SES33,ESP,スペイン語,ファーストフードと、手作り料理とどちらいちばんすきですか。今日はマクドナルドが世界中で知られている。世界中で、人々にビッグマクを食べられる。でも健康ように、毎日その食べ物食べないで！手作り料理はファーストフードより栄養価が高いだ。外に、食べ物を作るとき、何食事に入ります知ってい：どこから野菜きますとか、何肉を使うとか。でも、時間がない時、ファーストフードがとても便利です。色々なファーストフードがあります、そしてもっと健康タイプがある。たとえば、ごはんとやさいとにくコンビニの弁当はハンバーガーより栄養価が高いだ。でもとんかつ弁当がとても健康じゃない。若い人ときどきクックしてできません、だからやすいと早い食事をたべたい。でも日本のダイエットはいいバランスがあります、そしてファーストフードを毎日食べられて、高いです。みんなクックすることを学ばなければならない。むずかしじゃない。インターネットで多いヴィデオがある。時間がない人へ、早いレシピもある。健康になりたい、毎日寝たとき前に弁当を作れるようにしてください。でも一日だけファーストフードを食べてもいいです！友達と、なかまと、弁当を忘れたときもファーストフードが便利だ。バランスダイエットを見つけてください！よく食べてください！,ファーストフードと、手作り料理とどちらいちばんすきですか。今日はマクドナルドが世界中で知られている。世界中で、人々にビッグマクを食べられる。でも健康ように、毎日その食べ物食べないで！手作り料理はファーストフードより栄養価が高いだ。外に、食べ物を作るとき、何食事に入ります知ってい：どこから野菜きますとか、何肉を使うとか。でも、時間がない時、ファーストフードがとても便利です。色々なファーストフードがあります、そしてもっと健康タイプがある。たとえば、ごはんとやさいとにくコンビニの弁当はハンバーガーより栄養価が高いだ。でもとんかつ弁当がとても健康じゃない。若い人ときどきクックしてできません、だからやすいと早い食事をたべたい。でも日本のダイエットはいいバランスがあります、そしてファーストフードを毎日食べられて、高いです。みんなクックすることを学ばなければならない。むずかしじゃない。インターネットで多いヴィデオがある。時間がない人へ、早いレシピもある。健康になりたい、毎日寝たとき前に弁当を作れるようにしてください。でも一日だけファーストフードを食べてもいいです！友達と、なかまと、弁当を忘れたときもファーストフードが便利だ。バランスダイエットを見つけてください！よく食べてください！,50.0,beginner,21.0,247.0,11.761904761904765,0.4574898785425101,21.0,542.0,11.0,9.0,118.0,27.0,3.022,2.596,4.684,4.712,3.159,3.01
264,264,264,SES34,ESP,スペイン語,"健康のためにファストフードを食べるか？悪いです。
皆はそれを知っているけど、第一世界でファストフートドを食べるのは習慣です。
逸話をさせてください。
私は大学の学生。勉強は5年前に始めた。
5年間、毎日早く起きてクラスへ行って食事の時間に帰っていた。たいてい母の料理を食べていた。
私の体がその料理を食べるのに使用している。別にあまりスポーツをして、ちょっと太ってなりた。
9月前に仕事を始めた。仕事はアルバイトだった。それで、毎日大学が終わると早く仕事へ行っていた。
問題は時間がないので、うちに食べるのをできなかった。仕事の知り合いは会社の近くに食べていた。
早く食べるようにファストフードのレストランへ食べに行っていた。みんなと食べる始めた。
だから、6ヶ月毎日ファストフードを食べていた。別にあまりスポーツをして、とても太ってなりた。
アルバイトが終わった時、体重8キロ太った。
違いは食事だけ。
私に起こった時、ファストフードをやめるを決めた。何を食べるかを決めるのは、あなた次第だ。
本当に、健康のためにファストフートドを食べるが悪いです。","健康のためにファストフードを食べるか？悪いです。
皆はそれを知っているけど、第一世界でファストフートドを食べるのは習慣です。
逸話をさせてください。
私は大学の学生。勉強は5年前に始めた。
5年間、毎日早く起きてクラスへ行って食事の時間に帰っていた。たいてい母の料理を食べていた。
私の体がその料理を食べるのに使用している。別にあまりスポーツをして、ちょっと太ってなりた。
9月前に仕事を始めた。仕事はアルバイトだった。それで、毎日大学が終わると早く仕事へ行っていた。
問題は時間がないので、うちに食べるのをできなかった。仕事の知り合いは会社の近くに食べていた。
早く食べるようにファストフードのレストランへ食べに行っていた。みんなと食べる始めた。
だから、6ヶ月毎日ファストフードを食べていた。別にあまりスポーツをして、とても太ってなりた。
アルバイトが終わった時、体重8キロ太った。
違いは食事だけ。
私に起こった時、ファストフードをやめるを決めた。何を食べるかを決めるのは、あなた次第だ。
本当に、健康のためにファストフートドを食べるが悪いです。",52.0,beginner,24.0,241.0,10.041666666666666,0.3941908713692946,17.0,476.0,18.0,4.0,95.0,29.0,2.876,2.517,3.693,3.588,2.862,2.737
265,265,265,SES35,ESP,スペイン語,"人間は日常生活にいろいろで、かわった食べ物を食べています。食でファストフードは一番食べたことだと思います。作り時間はたんき間で、てせいの食べ物より簡単でしょうから。そして作るために少ない汚して、家の外にも食べに行けます。そのまま違い物を考えられます：買い物をし、くつろぎ、読むこと。
これはファストフードの利点ですが、いろいろななん点もあります。たとえば、けんこうのために悪いです。ファストフードしか食べないで、太るでしょう。それから、やせるためにもっとエクササイズをしなければなりません。
てせいの食べ物はぜったいもっとけん全です。材料が知っており、たぶん自分でその材料を買い、自分はコックですから、ぜひ何が食べていることを知って、安心です。そして、ゆっくりに食べていいです。ながらも、作るともっと時間が必要です。
時々、ファストフードのレストランへ行く時込んでいて、大ぜいは待っていて、レストランのウェイターは「早く食べて」と思いそうあなたを見ます。よくないです。家に食餌をすれば、家族とか友達とか恋人と一緒に平おんに食べます。
だから、忙しくて、時間がなくて、いそぐ時にファストフードを食べることはいいせんたくですが、体の調子が良くになりたくて、てせいの食べ物は完ぺきです。","人間は日常生活にいろいろで、かわった食べ物を食べています。食でファストフードは一番食べたことだと思います。作り時間はたんき間で、てせいの食べ物より簡単でしょうから。そして作るために少ない汚して、家の外にも食べに行けます。そのまま違い物を考えられます：買い物をし、くつろぎ、読むこと。
これはファストフードの利点ですが、いろいろななん点もあります。たとえば、けんこうのために悪いです。ファストフードしか食べないで、太るでしょう。それから、やせるためにもっとエクササイズをしなければなりません。
てせいの食べ物はぜったいもっとけん全です。材料が知っており、たぶん自分でその材料を買い、自分はコックですから、ぜひ何が食べていることを知って、安心です。そして、ゆっくりに食べていいです。ながらも、作るともっと時間が必要です。
時々、ファストフードのレストランへ行く時込んでいて、大ぜいは待っていて、レストランのウェイターは「早く食べて」と思いそうあなたを見ます。よくないです。家に食餌をすれば、家族とか友達とか恋人と一緒に平おんに食べます。
だから、忙しくて、時間がなくて、いそぐ時にファストフードを食べることはいいせんたくですが、体の調子が良くになりたくて、てせいの食べ物は完ぺきです。",49.0,beginner,17.0,259.0,15.235294117647058,0.4749034749034749,28.0,540.0,20.0,6.0,117.0,28.0,3.223,2.875,4.384,4.335,3.3,3.216
266,266,266,SES37,ESP,スペイン語,"最近色々人は食事の食べ方を変えている。でも、現在どんなの商品は食べるんだ？
人達はあまり時間がないので、急ぎに食べなければならない。そして、ファーストワードが消費できるようになる。この食品を食べ過ぎて、体の健康のに、とても悪いだ。病気にしたり、体重とコレステロールを増加されたりできるようになる。また、食べ物はたくさんの防腐剤と着床量がある。ところが、何かの若者は週に２－３回この食事を食べる。でも、毎日健康な食べ物を食事したほうがいいだ。さて、ファーストワードの有利は美味しくて、安くて、どこでも食べて、そして、少しの時を消費する。
さらに、元気な体のに、健康な食べ物を食事しなければならない。新鮮な食品を料理するのは病気を避ける。例えば、野菜や青物や豆類や穀物や果物や米やパスタやパンなど。この食べ物はとてもエネルギーと精力を比例させる。そして、あまり脂肪とコレステロールがない。ところが、忙しい人達は食べるのために、あまり時間がないので、ファーストワードを料理する。でも、研究者と医者は毎日健康な食べ物を食事するのは推薦する。そして、毎日もスポーツをするのは助言する。
最後に、私達はどんなの食品を食べるか、考えたほうがいいんだ。健康な食べ物またはファーストワードをどれ選ぶんだ？私は健康な食べ物を選ぶんだ。あなたは？","最近色々人は食事の食べ方を変えている。でも、現在どんなの商品は食べるんだ？
人達はあまり時間がないので、急ぎに食べなければならない。そして、ファーストワードが消費できるようになる。この食品を食べ過ぎて、体の健康のに、とても悪いだ。病気にしたり、体重とコレステロールを増加されたりできるようになる。また、食べ物はたくさんの防腐剤と着床量がある。ところが、何かの若者は週に２－３回この食事を食べる。でも、毎日健康な食べ物を食事したほうがいいだ。さて、ファーストワードの有利は美味しくて、安くて、どこでも食べて、そして、少しの時を消費する。
さらに、元気な体のに、健康な食べ物を食事しなければならない。新鮮な食品を料理するのは病気を避ける。例えば、野菜や青物や豆類や穀物や果物や米やパスタやパンなど。この食べ物はとてもエネルギーと精力を比例させる。そして、あまり脂肪とコレステロールがない。ところが、忙しい人達は食べるのために、あまり時間がないので、ファーストワードを料理する。でも、研究者と医者は毎日健康な食べ物を食事するのは推薦する。そして、毎日もスポーツをするのは助言する。
最後に、私達はどんなの食品を食べるか、考えたほうがいいんだ。健康な食べ物またはファーストワードをどれ選ぶんだ？私は健康な食べ物を選ぶんだ。あなたは？",47.0,beginner,22.0,282.0,12.818181818181818,0.4148936170212766,13.0,562.0,22.0,25.0,113.0,53.0,2.759,2.417,3.949,3.809,2.879,2.674
267,267,267,SES45,ESP,スペイン語,"ファーストフードの材料があまり分からなくても、人気絶頂の食べ物です。でも、どうして？
実は少しずつ人々が時間がありませんから、ファーストフードがとても便利です。
この生活様式の決心が結果もあるんです。ファーストフードが中毒性の材料があるし、調子が悪くなるし、この生活様式が違うと思います。
御仁手経験はアジアの国に、たとえば韓国に、自家製の食べ物がちょっと強いにおいがあるんですから、食べ物を持っていることが恥ずかしいです。それに、人々がファーストフードの方を好みます。
もう一つの理由は値段です。ファーストフードは自家製の食べ物より安いです。大量生産のために値段が減って、生の材料がとても高いです。
でも、ヨーロッパに、若い人はファーストフードがますます好きじゃありません。私の大学で、全部のクラスメートが自家製の食べ物を毎日持っています。
実は件子食品と栄養分でいっぱいの食べ物を作ることが20分しかかからないんです。それゆえに、今からお作りください！作る訓練をし、腕を上げることができますよ！","ファーストフードの材料があまり分からなくても、人気絶頂の食べ物です。でも、どうして？
実は少しずつ人々が時間がありませんから、ファーストフードがとても便利です。
この生活様式の決心が結果もあるんです。ファーストフードが中毒性の材料があるし、調子が悪くなるし、この生活様式が違うと思います。
御仁手経験はアジアの国に、たとえば韓国に、自家製の食べ物がちょっと強いにおいがあるんですから、食べ物を持っていることが恥ずかしいです。それに、人々がファーストフードの方を好みます。
もう一つの理由は値段です。ファーストフードは自家製の食べ物より安いです。大量生産のために値段が減って、生の材料がとても高いです。
でも、ヨーロッパに、若い人はファーストフードがますます好きじゃありません。私の大学で、全部のクラスメートが自家製の食べ物を毎日持っています。
実は件子食品と栄養分でいっぱいの食べ物を作ることが20分しかかからないんです。それゆえに、今からお作りください！作る訓練をし、腕を上げることができますよ！",58.0,intermediate,15.0,215.0,14.333333333333334,0.4930232558139535,15.0,449.0,20.0,10.0,99.0,34.0,2.96,2.628,4.249,4.18,3.011,2.908
268,268,268,SES47,ESP,スペイン語,"健康
・手作り料理は健康ですが、ファストフードは健康じゃないです。いいダイエットもらうことは手作り料理と簡単ですが、いいダイエットもらうことはファストフードととても大変です。
・やさいとさかなを食べることはとても健康ですが、ハンバーガとフライドポテトを食べることは健康じゃないです。
・ながいきと人々は手作り料理をたべたり、そしてみじかいきと人々はファストフードをたべたり。
・手作り料理は子供の成長に手伝います。手作り料理も高齢者の人々に病気を防ぎます。
時間
・たくさん人々は時間はあらないので、手作り料理を作れません。たくさん人々は時間はあらないので、ファストフードを買うことはとても必要です。
お金
・たくさんお金と人々はファストフードを食べられます。でも少しお金と人々はファストフードを食べられないので、その人々は手作り料理を作ります。
場所
・手作り料理はうちで作られるだけ、でもファストフードはたくさん場所で買えます。
好き
・たくさん子供は野菜の手作り料理は好きじゃないですが、子供はファストフードがだいすきです。たくさん高齢者の人々は手作り料理が大好きですが、高齢者の人々はファストフードはすきじゃないです。
結論
・結論として、手作り料理は安くて健康です、そしてファストフードは早く買えます。結論として、手作り料理は最高りょうりと思います。","健康
・手作り料理は健康ですが、ファストフードは健康じゃないです。いいダイエットもらうことは手作り料理と簡単ですが、いいダイエットもらうことはファストフードととても大変です。
・やさいとさかなを食べることはとても健康ですが、ハンバーガとフライドポテトを食べることは健康じゃないです。
・ながいきと人々は手作り料理をたべたり、そしてみじかいきと人々はファストフードをたべたり。
・手作り料理は子供の成長に手伝います。手作り料理も高齢者の人々に病気を防ぎます。
時間
・たくさん人々は時間はあらないので、手作り料理を作れません。たくさん人々は時間はあらないので、ファストフードを買うことはとても必要です。
お金
・たくさんお金と人々はファストフードを食べられます。でも少しお金と人々はファストフードを食べられないので、その人々は手作り料理を作ります。
場所
・手作り料理はうちで作られるだけ、でもファストフードはたくさん場所で買えます。
好き
・たくさん子供は野菜の手作り料理は好きじゃないですが、子供はファストフードがだいすきです。たくさん高齢者の人々は手作り料理が大好きですが、高齢者の人々はファストフードはすきじゃないです。
結論
・結論として、手作り料理は安くて健康です、そしてファストフードは早く買えます。結論として、手作り料理は最高りょうりと思います。",47.0,beginner,15.0,246.0,16.4,0.3008130081300813,14.0,580.0,21.0,25.0,106.0,34.0,1.933,1.676,2.733,2.688,1.989,1.918
269,269,269,SES48,ESP,スペイン語,"最近みなさんはファーストフードのレストランよく行きます。便利で早いで安くてレストランですから、社会人と学生がとても好きす。大人があまり時間がないので、とても人気です。ヨーロッパとアメリカたくさん健康の問題があります。肥満症とか、高血圧とか、心筋梗塞です。医食同源。だから、健康のために家で自分の料利を作ってください。
それより、小さい子供がいつもファーストフードのレストランのレストランに行きたいです。家でファーストフードを食べないんので、そのレストランは新しい世界とか、とても好きです。それに、ファーストフードの子供料理に小さいプレセントがります。でも、子供は今成長中ですから、元気大人に生るのためにいい料理がいります。家庭料理は体に一番いいです。
私は家庭料理が一番好きです。健康のために毎日家で母の料理を食べます。でも、親がいないとき、家であまり食事をしません。大学がとても忙しいから、ファーストフードの方がいいです。スペインのファーストフードはアメリカのレストラン、「マクドナルド」が一番有名です。だから、ときどきマクドナルドで食べることのあとで、お腹が少々いたいです。でも、美味しいですよ。
家庭料理を作ることがとても難しいですよ。いろいろな材料があるので、時間がないとき、かんたんで、あまり美味しくない料理だけたべます。だから、時々ファーストフードの方が美味しいです。でも、大木に生れるので、きょつけて下さい。","最近みなさんはファーストフードのレストランよく行きます。便利で早いで安くてレストランですから、社会人と学生がとても好きす。大人があまり時間がないので、とても人気です。ヨーロッパとアメリカたくさん健康の問題があります。肥満症とか、高血圧とか、心筋梗塞です。医食同源。だから、健康のために家で自分の料利を作ってください。
それより、小さい子供がいつもファーストフードのレストランのレストランに行きたいです。家でファーストフードを食べないんので、そのレストランは新しい世界とか、とても好きです。それに、ファーストフードの子供料理に小さいプレセントがります。でも、子供は今成長中ですから、元気大人に生るのためにいい料理がいります。家庭料理は体に一番いいです。
私は家庭料理が一番好きです。健康のために毎日家で母の料理を食べます。でも、親がいないとき、家であまり食事をしません。大学がとても忙しいから、ファーストフードの方がいいです。スペインのファーストフードはアメリカのレストラン、「マクドナルド」が一番有名です。だから、ときどきマクドナルドで食べることのあとで、お腹が少々いたいです。でも、美味しいですよ。
家庭料理を作ることがとても難しいですよ。いろいろな材料があるので、時間がないとき、かんたんで、あまり美味しくない料理だけたべます。だから、時々ファーストフードの方が美味しいです。でも、大木に生れるの",51.0,beginner,23.0,275.0,11.956521739130435,0.4218181818181818,15.0,611.0,18.0,7.0,104.0,50.0,2.746,2.401,3.889,3.835,2.849,2.709
270,270,270,SES52,ESP,スペイン語,"みんなさん、最近ファストフードはだんだん有名になって来る。だから今日私は料理を話すと思う。料理の中で、私はファストフードと手作り料理話そうと思う。
「ファストフード」と言うのは「早いの料理」ことである。といえばマクドナルドのはファストフードのレストランである。最近仕事には時間がかかりますから、ファストフードはとても便利ですが、健康に悪いである。もちろんみんなは毎日ファストフードを食べたら、体は大きになるはずである。そして若い人はファストフードが一番大好きである。
しかし手作り料理は健康に良いで、美味しいである。手作り料理はファストフードより安いである。でも手作り料理はファストフードより難しである。みんなさんは手作り料理を作ることができる？みんなは手作り料理を作るために、料理学校へ行かなくてもいいである。作り料理を作ったら、料理の本買うんである。私にとって作り料理の中で、菓子料理が一番難しいである。こんなに若い人は料理を作れないのはファストフードを買う。しかも人々は料理を作らなくて、じかんがなくて、忙し生活があるのをもファストフードを買う。つまりファストフードに対して手作り料理はとても面白くて、家族と友達とともに作れる。たぶんみんなさんは時間がなたら、ファストフードのほうがいいである。もちろん時間があったら、手作り料理を作るはずである。
実ファストフードと手作り料理どちらもいいである。","みんなさん、最近ファストフードはだんだん有名になって来る。だから今日私は料理を話すと思う。料理の中で、私はファストフードと手作り料理話そうと思う。
「ファストフード」と言うのは「早いの料理」ことである。といえばマクドナルドのはファストフードのレストランである。最近仕事には時間がかかりますから、ファストフードはとても便利ですが、健康に悪いである。もちろんみんなは毎日ファストフードを食べたら、体は大きになるはずである。そして若い人はファストフードが一番大好きである。
しかし手作り料理は健康に良いで、美味しいである。手作り料理はファストフードより安いである。でも手作り料理はファストフードより難しである。みんなさんは手作り料理を作ることができる？みんなは手作り料理を作るために、料理学校へ行かなくてもいいである。作り料理を作ったら、料理の本買うんである。私にとって作り料理の中で、菓子料理が一番難しいである。こんなに若い人は料理を作れないのはファストフードを買う。しかも人々は料理を作らなくて、じかんがなくて、忙し生活があるのをもファストフードを買う。つまりファストフードに対して手作り料理はとても面白くて、家族と友達とともに作れる。たぶんみんなさんは時間がなたら、ファストフードのほうがいいである。もちろん時間があったら、手作り料理を作るはずである。
実ファストフードと手作り料理どちらもいいである",48.0,beginner,21.0,271.0,12.904761904761903,0.3579335793357933,14.0,601.0,6.0,18.0,130.0,40.0,2.569,2.145,3.645,3.525,2.586,2.468
271,271,271,SES55,ESP,スペイン語,"子どもの時から、両親と先生たちと皆さんにヘルシーな食べ物を食べることを教えらせました。だが、色々な一昔の前にから、たくさん新しいファーストフードチェーンが出来ましたけど、どうしてそんな事？
現代に、仕事が家から遠くて、そして数時間働くので、家族と一緒にいたり、料理を作りたりすることが無理です。時間があまりありません。そのため、ファーストフードを買います。いい解決みたくても、違うです。その食べ物を食べると不健康になります「過重さ、不安さ、そして腹持ち」。それで、仕事と生活で成績不振をします。
皆さんはうちで作った料理を食べるはずです。どうして？一つの答えがあります。丈夫さ！それで、一緒に料理を作りながら、皆さんは楽しんでいます。
何を食べたいですか？一緒においしい料理を作りませんか？","子どもの時から、両親と先生たちと皆さんにヘルシーな食べ物を食べることを教えらせました。だが、色々な一昔の前にから、たくさん新しいファーストフードチェーンが出来ましたけど、どうしてそんな事？
現代に、仕事が家から遠くて、そして数時間働くので、家族と一緒にいたり、料理を作りたりすることが無理です。時間があまりありません。そのため、ファーストフードを買います。いい解決みたくても、違うです。その食べ物を食べると不健康になります「過重さ、不安さ、そして腹持ち」。それで、仕事と生活で成績不振をします。
皆さんはうちで作った料理を食べるはずです。どうして？一つの答えがあります。丈夫さ！それで、一緒に料理を作りながら、皆さんは楽しんでいます。
何を食べたいですか？一緒においしい料理を作りませんか？",47.0,beginner,15.0,164.0,10.933333333333334,0.5426829268292683,14.0,345.0,9.0,6.0,81.0,24.0,3.574,3.038,4.497,4.451,3.241,3.213
272,272,272,SES56,ESP,スペイン語,"ファストフードはとてもおおいしいしべんりなとやすいです。でも体はいいですか。たべものはとてもなです。わたしたちは食べ物を介護を見なければなりません。いくつかのファストフードはとてもわるいです。たとえばマクドナルドの食べ物。マクドナルドの食べ物はおおいしいです、でもとてもしぼうがあります。だいたいファストフードをたべるはいいですか。でもとてもたべるはわるいです。
手作り料理は優れている。体がいい、と健康です。あなたは食べ物をコントロールします。でもいくつかの人は時間がありません。とてもはたらく、とてもべんきょうす。インスタントラーメンは最良の選択肢のように見える。時折それは大丈夫です。でも毎日とてもわるいです。
あなたは手作り料理が食べたしなければなりません。でも時折ファストフードはいいです。","ファストフードはとてもおおいしいしべんりなとやすいです。でも体はいいですか。たべものはとてもなです。わたしたちは食べ物を介護を見なければなりません。いくつかのファストフードはとてもわるいです。たとえばマクドナルドの食べ物。マクドナルドの食べ物はおおいしいです、でもとてもしぼうがあります。だいたいファストフードをたべるはいいですか。でもとてもたべるはわるいです。
手作り料理は優れている。体がいい、と健康です。あなたは食べ物をコントロールします。でもいくつかの人は時間がありません。とてもはたらく、とてもべんきょうす。インスタントラーメンは最良の選択肢のように見える。時折それは大丈夫です。でも毎日とてもわるいです。
あなたは手作り料理が食べたしなければなりません。でも時折ファストフードはいいです。",47.0,beginner,19.0,153.0,8.052631578947368,0.4444444444444444,12.0,350.0,2.0,10.0,59.0,12.0,2.557,2.305,4.669,4.494,2.672,2.499
273,273,273,SES58,ESP,スペイン語,"みやこで歩いて、McDonnals、Burguer King、Pizza Hutsを見ました。とても町にファーストフードのレストランをいます。少しいりょうていをいます。少年はファーストフードのレストランで食べたいでもりょうていで食べません。テレビのパブリシティはふファーストフードです、でもりょうていのパブリシティありません。
ファーストフードのレストランで立て、食べ物を求めて、テーブルを探して、腰掛けて、食べて、ごみをすてて、行きます。やく時間は３０分です。
りょうていで腰掛けて、ウエーターが来て、食べ物を求めて、食べ物を来て、ごみをすてない、行きます。やく時間は４０分です。
ファーストフードのレストランはとてもあぶらをいます。りょうていの食べ物は野菜、肉、魚、鶏肉をあります。
ファーストフードのレストランはとてもきれいです。清いです。
りょうていは古いです。りょうていのウエーターあいくるしいです。食べ物が良質です。新しい肉、魚と野菜を作ります。
ファーストフードが安いです。りょうていが高いです。
りょうていは一番ほしいです。","みやこで歩いて、McDonnals、Burguer King、Pizza Hutsを見ました。とても町にファーストフードのレストランをいます。少しいりょうていをいます。少年はファーストフードのレストランで食べたいでもりょうていで食べません。テレビのパブリシティはふファーストフードです、でもりょうていのパブリシティありません。
ファーストフードのレストランで立て、食べ物を求めて、テーブルを探して、腰掛けて、食べて、ごみをすてて、行きます。やく時間は３０分です。
りょうていで腰掛けて、ウエーターが来て、食べ物を求めて、食べ物を来て、ごみをすてない、行きます。やく時間は４０分です。
ファーストフードのレストランはとてもあぶらをいます。りょうていの食べ物は野菜、肉、魚、鶏肉をあります。
ファーストフードのレストランはとてもきれいです。清いです。
りょうていは古いです。りょうていのウエーターあいくるしいです。食べ物が良質です。新しい肉、魚と野菜を作ります。
ファーストフードが安いです。りょうていが高いです。
りょうていは一番ほしいです。",43.0,beginner,20.0,190.0,9.5,0.3789473684210526,16.0,470.0,5.0,3.0,66.0,13.0,2.527,2.247,3.59,3.41,2.49,2.399
274,274,274,TTH09,THA,タイ語,"現在、私達は日常で様々な食べ物を口にしている。都合により、人々は自炊をしたり、外食をしたり、インスタントの物を食べたりするのだ。では、簡単に手に入れられるファストフードと時間があるときにしか作られない家庭料理との違いは何だろうと考えてみた。
まず、ファストフードの良い点から考えてみたいと思う。ファストフードは時間がかからず簡単に手に入れられ、忙しい日々を送っている人達には最適だろう。さらに、値段も安いし、味も悪くないので、非常にいい選択の一つなのだろう。しかし、ファストフードには悪い点もある。それは、健康にあまり良くないことだ。というのは、栄養がバランスではないので、毎日食べ続けていたら、いつか体調を崩してしまう恐れがあるのだ。
次に、家庭料理の良い点を考えてみたいと思う。家庭料理は自分や家族の誰かに作られたものなので、栄養のバランスを考えながらその料理ができるわけだ。味も自分たちに合うように作ってもいいし、量も人数に合わせて作られるのだ。その反面、料理を作るのに時間がかかり、他のことをする時間がなくなってしまう可能性もある。仕事を夜遅くまでしている人達には非常に面倒なことになるだろう。
以上のファストフードと家庭料理の良い点と悪い点を考えてみると、私は、家庭料理の方が良いと思う。確かに、時間はかかるが、栄養のバランスもしっかり考えないと体に良くないので、自分の健康を第一にし、時間がある時は家庭料理にしたいと思う。","現在、私達は日常で様々な食べ物を口にしている。都合により、人々は自炊をしたり、外食をしたり、インスタントの物を食べたりするのだ。では、簡単に手に入れられるファストフードと時間があるときにしか作られない家庭料理との違いは何だろうと考えてみた。
まず、ファストフードの良い点から考えてみたいと思う。ファストフードは時間がかからず簡単に手に入れられ、忙しい日々を送っている人達には最適だろう。さらに、値段も安いし、味も悪くないので、非常にいい選択の一つなのだろう。しかし、ファストフードには悪い点もある。それは、健康にあまり良くないことだ。というのは、栄養がバランスではないので、毎日食べ続けていたら、いつか体調を崩してしまう恐れがあるのだ。
次に、家庭料理の良い点を考えてみたいと思う。家庭料理は自分や家族の誰かに作られたものなので、栄養のバランスを考えながらその料理ができるわけだ。味も自分たちに合うように作ってもいいし、量も人数に合わせて作られるのだ。その反面、料理を作るのに時間がかかり、他のことをする時間がなくなってしまう可能性もある。仕事を夜遅くまでしている人達には非常に面倒なことになるだろう。
以上のファストフードと家庭料理の良い点と悪い点を考えてみると、私は、家庭料理の方が良いと思う。確かに、時間はかかるが、栄養のバランスもしっかり考えないと体に良くないので、自分の健康を第一にし、時間",87.0,advanced,16.0,342.0,21.375,0.3567251461988304,21.0,617.0,34.0,23.0,137.0,59.0,2.017,1.634,2.431,2.398,2.005,1.938
275,275,275,TTH13,THA,タイ語,"食べ物は人生に一番大切なことです。人生は生き物ですから、誰でも食べ物が要ります。食べなかったら、死にます。これは実話です。誰でも知っています。その上、食べ物は身近のことで、この話題について、説明したいと思います。
日常生活の皆さんは二つの種類の食べ物があると思います。それはファーストプードと自分で作った料理があると考えています。まず、ファーストプードといえば、現在の社会に普及しています。一番有名な食べ方です。買いやすくて、食べやすいです。それで、この食べ物が慌てる社会に大変人気されています。ファーストプードの良い点は便利な食べ方です。でも、良い点があれば、悪い点もあります。それはファーストプードに栄養が足りません。料理の味も自分勝手ではありません。
次に、自分で作った料理です。これは昔に人気があります。でも、時間がたつにつれて、なくなってきました。自分で作った料理の良さと言うと、色々なことがあります。例えば、料理を作ることは
家族にいいことです。家族の皆さんは一緒に料理を作ったり、話したりします。これは家の中にいい雰囲気だと思います。一方、悪い点は時間のことです。料理を作りたい時に、材料を買って、準備して、作る時間がたくさん過ごします。
食べ物のことは社会問題に関係があります。ファーストプードは速い食べ物ですから、生活と同じだと思います。それで、最近、人生の時計がもっと速くなったと言えます。テクノロジーのおかげで、日常生活は便利になりました。でも、発達してから、人々は色々なことを自分で作ることができません。皆さんはテクノロジーで生活をしています。もし、いつかテクノロジーがなかったら、暮らすことができますか。","食べ物は人生に一番大切なことです。人生は生き物ですから、誰でも食べ物が要ります。食べなかったら、死にます。これは実話です。誰でも知っています。その上、食べ物は身近のことで、この話題について、説明したいと思います。
日常生活の皆さんは二つの種類の食べ物があると思います。それはファーストプードと自分で作った料理があると考えています。まず、ファーストプードといえば、現在の社会に普及しています。一番有名な食べ方です。買いやすくて、食べやすいです。それで、この食べ物が慌てる社会に大変人気されています。ファーストプードの良い点は便利な食べ方です。でも、良い点があれば、悪い点もあります。それはファーストプードに栄養が足りません。料理の味も自分勝手ではありません。
次に、自分で作った料理です。これは昔に人気があります。でも、時間がたつにつれて、なくなってきました。自分で作った料理の良さと言うと、色々なことがあります。例えば、料理を作ることは
家族にいいことです。家族の皆さんは一緒に料理を作ったり、話したりします。これは家の中にいい雰囲気だと思います。一方、悪い点は時間のことです。料理を作りたい時に、材料を買って、準備して、作る時間がたくさん過ごします。
食べ物のことは社会問題に関係があります。ファーストプードは速い食べ物ですから、生活と同じだと思います。それで、最近、人生の時計がもっと速くなったと",72.0,intermediate,32.0,359.0,11.21875,0.3314763231197771,25.0,715.0,25.0,22.0,152.0,63.0,2.545,2.151,3.429,3.316,2.46,2.42
276,276,276,TTH15,THA,タイ語,"最近、生活様式が変わってきた。時間は大切なものになった。生活様式に応じて食事の仕方も変わった。つまり、家で料理を作って食べることが少なくなり、外で食事することが多くなった。特に待たずに食べられる「ファーストフード」という食品が増えてきた。
家で料理を作って食べるのは、おいしいし、きれいだし、安全だ。それに、自分で料理作ることは栄養価を管理できるので、体にいいのだ。しかし、家で料理を作るのに、買い物や片付けることなど、準備する時間がかかる。とても大変だと思う。
一方、ファーストフードは早いし、自分で作らなくてもいいので、とても便利だ。が、ファーストフードの食べ物は栄養バランスが悪いので、体にあまり良くないと思う。
私は料理を作るのがあまり上手ではないから、ファーストフードの方が好きだ。若いときから、いつもチキンフライやフライポテトを食べている。コーラもよく飲む。最近、ファーストフードの悪さが分かるようになってきた。だから、ファーストフードをあまり食べずに、自分で料理を作るようにしている。自分で料理を作るお陰で、料理を作るのが楽しいと気がついた。皆さんも、できるだけ家で自分で料理を作ることにしよう。","最近、生活様式が変わってきた。時間は大切なものになった。生活様式に応じて食事の仕方も変わった。つまり、家で料理を作って食べることが少なくなり、外で食事することが多くなった。特に待たずに食べられる「ファーストフード」という食品が増えてきた。
家で料理を作って食べるのは、おいしいし、きれいだし、安全だ。それに、自分で料理作ることは栄養価を管理できるので、体にいいのだ。しかし、家で料理を作るのに、買い物や片付けることなど、準備する時間がかかる。とても大変だと思う。
一方、ファーストフードは早いし、自分で作らなくてもいいので、とても便利だ。が、ファーストフードの食べ物は栄養バランスが悪いので、体にあまり良くないと思う。
私は料理を作るのがあまり上手ではないから、ファーストフードの方が好きだ。若いときから、いつもチキンフライやフライポテトを食べている。コーラもよく飲む。最近、ファーストフードの悪さが分かるようになってきた。だから、ファーストフードをあまり食べずに、自分で料理を作るようにしている。自分で料理を作るお陰で、料理を作るのが楽しいと気がついた。皆さんも、できるだけ家で自分で料理を作ることにしよう。",81.0,advanced,18.0,254.0,14.11111111111111,0.3937007874015748,18.0,505.0,11.0,7.0,104.0,44.0,2.096,1.73,2.682,2.658,2.036,2.005
277,277,277,TTH16,THA,タイ語,"どなたでも、自分で作った料理を食べたこととファストフードを食べたことがあると思います。どちらもお腹が一杯であることが同じですが、それは違うところがあります。
ファストフードは自分で作らなくて、便利で、短い時間でできた料理です。値段が高くても、味は美味しいです。そうだからといって、良い料理だとは限りません。お客さんが気に入るの味や形のために、隠し味や食紅などを料理に入れることが多いです。
自分で作った料理は材料を選んで買うこと、機器を準備すること、料理を作ること、後始末のことに、時間がかかります。でも、時間がかかるのは自分が自分自身の食べる料理を気にするということを表します。材料を選ぶことから、自分が好きな味に作ることまで、自分が良いものが選べます。それはファストフードよりチョイスがあります。
その他は、雰囲気が違います。店でファストフードを食べるのは、家で自分が作った料理を食べるのと違って、親身である。家で自分が作った料理を食べるのは、暖かい気持ちが感じます。
現代では、私達の生活は前より、ストレスがとまって、急きになる一方である。ですから、ファストフードは現代の人々に人気があるチョイスです。でも、自分で作った料理に時間をかけて、力を入れるのは切磋琢磨に長期的に及ぼすと思います。","どなたでも、自分で作った料理を食べたこととファストフードを食べたことがあると思います。どちらもお腹が一杯であることが同じですが、それは違うところがあります。
ファストフードは自分で作らなくて、便利で、短い時間でできた料理です。値段が高くても、味は美味しいです。そうだからといって、良い料理だとは限りません。お客さんが気に入るの味や形のために、隠し味や食紅などを料理に入れることが多いです。
自分で作った料理は材料を選んで買うこと、機器を準備すること、料理を作ること、後始末のことに、時間がかかります。でも、時間がかかるのは自分が自分自身の食べる料理を気にするということを表します。材料を選ぶことから、自分が好きな味に作ることまで、自分が良いものが選べます。それはファストフードよりチョイスがあります。
その他は、雰囲気が違います。店でファストフードを食べるのは、家で自分が作った料理を食べるのと違って、親身である。家で自分が作った料理を食べるのは、暖かい気持ちが感じます。
現代では、私達の生活は前より、ストレスがとまって、急きになる一方である。ですから、ファストフードは現代の人々に人気があるチョイスです。でも、自分で作った料理に時間をかけて、力を入れるのは切磋琢磨に長期的に及ぼすと思います。",69.0,intermediate,16.0,284.0,17.75,0.3556338028169014,21.0,548.0,10.0,14.0,121.0,46.0,2.579,2.196,3.342,3.207,2.481,2.444
278,278,278,TTH21,THA,タイ語,"現在、ファーストフードが世界中に人気がでてきた。したがって、我々は自宅での料理だけではなくファーストフードも食べられている。そして、ファーストフードと自分で作った料理はどちらが良いであろうか。私はどちらも良いところと悪いところの両方があると思う。
ファーストフードの良いところはいつでもさっと食べることがてき、便利である。サラリーマンのような時間がない人々にとって手軽な料理である。しかし、ファーストフードは悪い点も大変ある。塩分や脂肪や糖分などが多くてビタミンやミネラルが少ないので、食べすぎると病気になりやすくなる。その上、将来的に肥満や糖尿病にもなりやすくなるだろう。ファーストフードと比べると、自宅での料理のほうが安全性が高い。養分があり、新鮮な材料が選べられるので、安全性があり、体にいいはずである。それで、うちで食事したら、家族と幸せで過ごせる。料理を一緒に作ったり、家族のみんなお互いに自分のことを語りながら、食事したりし、家族の結び付きがより強くなる。しかし、自宅での料理は悪いところもある。材料を買って、料理を自分で作らなければならないので、時間がかなりかかる。仕事が大変ある人にとってうちで食事するのが難しい。
以上、述べてきたように、ファーストフードも自宅での料理も良いところと悪いところの両方がある。それで、私は一つだけ食べるのを選ばなく、栄養を考えて食べるのが大切だと思う。","現在、ファーストフードが世界中に人気がでてきた。したがって、我々は自宅での料理だけではなくファーストフードも食べられている。そして、ファーストフードと自分で作った料理はどちらが良いであろうか。私はどちらも良いところと悪いところの両方があると思う。
ファーストフードの良いところはいつでもさっと食べることがてき、便利である。サラリーマンのような時間がない人々にとって手軽な料理である。しかし、ファーストフードは悪い点も大変ある。塩分や脂肪や糖分などが多くてビタミンやミネラルが少ないので、食べすぎると病気になりやすくなる。その上、将来的に肥満や糖尿病にもなりやすくなるだろう。ファーストフードと比べると、自宅での料理のほうが安全性が高い。養分があり、新鮮な材料が選べられるので、安全性があり、体にいいはずである。それで、うちで食事したら、家族と幸せで過ごせる。料理を一緒に作ったり、家族のみんなお互いに自分のことを語りながら、食事したりし、家族の結び付きがより強くなる。しかし、自宅での料理は悪いところもある。材料を買って、料理を自分で作らなければならないので、時間がかなりかかる。仕事が大変ある人にとってうちで食事するのが難しい。
以上、述べてきたように、ファーストフードも自宅での料理も良いところと悪いところの両方がある。それで、私は一つだけ食べるのを選ばなく、栄養を考えて食べるのが大切だと思う。",69.0,intermediate,18.0,302.0,16.77777777777778,0.3841059602649007,20.0,600.0,23.0,16.0,137.0,52.0,2.378,1.865,2.942,2.809,2.235,2.157
279,279,279,TTH29,THA,タイ語,"「料理は人の一番大切なものですか」と自分に質問して、今まで答えられない。しかし、生存するために、毎日毎日料理を食べなければならない。経済力や都合や機会などによってそれぞれ人の食べ方が違っている。これから手料理と外食を比べたいと思う。
手料理とは自分で家で作った料理ということである。だから、材料と什器や、方法などが清潔で安全かどうか自分でよく分かる。それに自分の好きな味、料理人の創意の通りに作られて、新しいレシピができるかもしれない。家で家族との食事時間はたのしい時間だと思う。皆そろっていろいろ話して家族関係はもっと強くなるはずである。家での食事はプライベートだし、リラックスだし、無期でさばさば食べられる。しかし、毎日メニューが考えるのは大変であろう。メニューを考えられないときはまた食べたことがある料理を繰り返して食べて、食欲がなくなったが、時には違う雰囲気で料理を食べに行きたい。それは外食である。きれいな飾りと素晴らしいサービスがあるレストランなどで食事をしたら、気持ちがいい。レストランのいろいろメニューがあって、食べたい料理に迷うのであろう。どこかのレストランで、クラシックソングが聞こえながら、食事をして、もっと料理がうまくなる気がする。しかし、レストランの料理は材料の清潔さと毒素がある野菜を入れたかどうか分からなくて、安心できない。それに、いいレストランの料理費とサービス費も高いし、よく行かない。
手料理と外食が違っているが、日々のチャンスによって食べたほうがいい。食べる前に、料理の栄養を考えて食べよう。それは一番大切なことである。以上は手料理と外食の優劣であった。","「料理は人の一番大切なものですか」と自分に質問して、今まで答えられない。しかし、生存するために、毎日毎日料理を食べなければならない。経済力や都合や機会などによってそれぞれ人の食べ方が違っている。これから手料理と外食を比べたいと思う。
手料理とは自分で家で作った料理ということである。だから、材料と什器や、方法などが清潔で安全かどうか自分でよく分かる。それに自分の好きな味、料理人の創意の通りに作られて、新しいレシピができるかもしれない。家で家族との食事時間はたのしい時間だと思う。皆そろっていろいろ話して家族関係はもっと強くなるはずである。家での食事はプライベートだし、リラックスだし、無期でさばさば食べられる。しかし、毎日メニューが考えるのは大変であろう。メニューを考えられないときはまた食べたことがある料理を繰り返して食べて、食欲がなくなったが、時には違う雰囲気で料理を食べに行きたい。それは外食である。きれいな飾りと素晴らしいサービスがあるレストランなどで食事をしたら、気持ちがいい。レストランのいろいろメニューがあって、食べたい料理に迷うのであろう。どこかのレストランで、クラシックソングが聞こえながら、食事をして、もっと料理がうまくなる気がする。しかし、レストランの料理は材料の清潔さと毒素がある野菜を入れたかどうか分からなくて、安心できない。それに、いいレストランの料理費とサービス費も高",67.0,intermediate,22.0,355.0,16.136363636363637,0.3746478873239436,24.0,696.0,30.0,21.0,158.0,65.0,2.993,2.445,3.895,3.84,2.871,2.74
280,280,280,TTH31,THA,タイ語,"現在、外食する人がいれば、自炊する人もいる。両方はどんなメリットとデメリットあるのだろうか。
確かに、外食すれば、家では作れないお店の美味しさが味わえたり、自分が食べたい物をすぐに注文したりできるという意見もあるだろう。それに、皿洗いの必要がないから楽だし、時間がないとき早く食べられるし、外食で有名な店舗を食べ歩くのも楽しいのである。ただし、そのような食事スタイルを過度に多用すると、栄養バランスが崩れ、野菜不足や塩分・油分の摂り過ぎなどによるさまざまな精神障害や健康不安をもたらす問題点も少なくないので、留意しなくてはいけないだろう。その上に、値段は少し高いし、毎日やると栄養が偏るし、衛生面が心配あるし、席が隣接してる客のマナー等が悪いと食事が不快になるというデメリットもあるようだ。
だが、自炊するなら、食費をかなり減らすことができる。というのは、野菜などを余らせずに活用すれば外食より断然安く済むからだ。買ってきた食材は全てが安全というわけではないだろうが、それでも、自分の目で見てその中から選んで買ってきて消費するという安心感は大きい。それに、材料を活用して色々な料理が作れるし、料理の腕が上がる。その上に、野菜もうまく取り入れた栄養バランスのよいものが食べれる。そうすると、健康になると思う。また、炒めものでも油を控えたりできるし、自分の好きな味に出来ることもメリットである。しかし、炊事に掛かる時間や手間を軽減する必要に迫られる場合が多いようだ。
最近、食生活は昔から変わってきたので、私たちはもっと気にならないといけないと思う。それに、外食と自炊はいいところがあるので、適当に食事すれば、健康になれるだろう。","現在、外食する人がいれば、自炊する人もいる。両方はどんなメリットとデメリットあるのだろうか。
確かに、外食すれば、家では作れないお店の美味しさが味わえたり、自分が食べたい物をすぐに注文したりできるという意見もあるだろう。それに、皿洗いの必要がないから楽だし、時間がないとき早く食べられるし、外食で有名な店舗を食べ歩くのも楽しいのである。ただし、そのような食事スタイルを過度に多用すると、栄養バランスが崩れ、野菜不足や塩分・油分の摂り過ぎなどによるさまざまな精神障害や健康不安をもたらす問題点も少なくないので、留意しなくてはいけないだろう。その上に、値段は少し高いし、毎日やると栄養が偏るし、衛生面が心配あるし、席が隣接してる客のマナー等が悪いと食事が不快になるというデメリットもあるようだ。
だが、自炊するなら、食費をかなり減らすことができる。というのは、野菜などを余らせずに活用すれば外食より断然安く済むからだ。買ってきた食材は全てが安全というわけではないだろうが、それでも、自分の目で見てその中から選んで買ってきて消費するという安心感は大きい。それに、材料を活用して色々な料理が作れるし、料理の腕が上がる。その上に、野菜もうまく取り入れた栄養バランスのよいものが食べれる。そうすると、健康になると思う。また、炒めものでも油を控えたりできるし、自分の好きな味に出来ることもメリットである。しかし、炊",55.0,beginner,16.0,385.0,24.0625,0.4545454545454545,37.0,713.0,38.0,39.0,165.0,77.0,2.592,2.041,3.334,3.247,2.546,2.421
281,281,281,TTH34,THA,タイ語,"昔から人間の必要なことは衣食住です。服装、食品、住所のすべては私たちの生活に欠かせず、必要で、身地かなものですが、その中には、テクノロジーが進歩するにつれて昔と違うと呼ばれるほど大変進んできたのは食文化です。
もともと私たちが料理を作るとき、自分で栽培した材料を食べてきました。しかし、現在のいつも時間を追いかけられているような私たちの生活は、栽培してばかりいたら、食事をすることができるまで、一日が終わったでしょう。それでこういう風な生活に反応するために、人間の食文化は変わり、それはファーストフードという食文化が誕生しました。
ファーストフードの長所は早い、手軽、安いです。しかし、ファーストフードの短所はもちろん栄養バランスは偏ります。野菜と果物からの栄養はほとんどありません。食卓の長所は自分で作ったので、材料と作り方など安全に食べることができ、心のこもった手作り料理と感じます。それに、料理スキルを練習して、上達するようになります。食卓の短所は材料を用意することも、食後に掃除することも大変で、面どくさいとよく言われます。料理を作るために材料を買っておいて、ファーストフードより値段が高いと思います。
ファーストフードと食卓は様々な長短がありますが、どちらが一番いいがはっきりと判断することはできません。しかし、ファーストフードが誕生することが人間の発達がずいぶん進んできたと分かりました。食卓も人間の心から手作りの精緻な料理を作ったことがわかりました。その違いはまだ残って、それはいいことではないでしょうか。","昔から人間の必要なことは衣食住です。服装、食品、住所のすべては私たちの生活に欠かせず、必要で、身地かなものですが、その中には、テクノロジーが進歩するにつれて昔と違うと呼ばれるほど大変進んできたのは食文化です。
もともと私たちが料理を作るとき、自分で栽培した材料を食べてきました。しかし、現在のいつも時間を追いかけられているような私たちの生活は、栽培してばかりいたら、食事をすることができるまで、一日が終わったでしょう。それでこういう風な生活に反応するために、人間の食文化は変わり、それはファーストフードという食文化が誕生しました。
ファーストフードの長所は早い、手軽、安いです。しかし、ファーストフードの短所はもちろん栄養バランスは偏ります。野菜と果物からの栄養はほとんどありません。食卓の長所は自分で作ったので、材料と作り方など安全に食べることができ、心のこもった手作り料理と感じます。それに、料理スキルを練習して、上達するようになります。食卓の短所は材料を用意することも、食後に掃除することも大変で、面どくさいとよく言われます。料理を作るために材料を買っておいて、ファーストフードより値段が高いと思います。
ファーストフードと食卓は様々な長短がありますが、どちらが一番いいがはっきりと判断することはできません。しかし、ファーストフードが誕生することが人間の発達がずいぶん進んできたと分かりました。",68.0,intermediate,16.0,346.0,21.625,0.407514450867052,28.0,660.0,41.0,19.0,130.0,68.0,2.739,2.268,3.727,3.697,2.649,2.599
282,282,282,TTH36,THA,タイ語,"現在、慌しい命で、私たちの周りに色々なテクノロジーがあるので、家で料理を作らなくても、いいですが。急ぐ時間にファストフードを已むを得ません。でも、各個の料理は良い所と悪い所があります。
初めに、ファストフードの良い所は、まず、料理を作ることがない人は自分で作らなくて、買うことはもっと易しいです。次に、長時間を持ちません。悪い所は、まず、その料理は清潔かどうかどう確信しますか。例えば、野菜を清潔に洗うか使った具は清潔かなど。次に、栄養が不十分。また、毒素を得て病気になるかもしれません。
家で料理、良い所は、まず、原料と私たちの具が清潔とか確信できます。次は、必要な栄養がある料理を食べて選べます。また、一斉に家族と時間を過ごさせました。暖かい家族ための
アクティビティです。でも、悪い所もありますが。それは、家の人が料理を作られなければ、おいしくないかもしれません。
ファストフードと家で料理について個人的な意見は、妥当な所や時間や場面などによって、
良い所か悪い所かがあると思います。また、健康のことは私たちがきれいな店と必要な栄養がある料理を選べます。最後、あなたたちによって、どんな選ぶというなりますか。","現在、慌しい命で、私たちの周りに色々なテクノロジーがあるので、家で料理を作らなくても、いいですが。急ぐ時間にファストフードを已むを得ません。でも、各個の料理は良い所と悪い所があります。
初めに、ファストフードの良い所は、まず、料理を作ることがない人は自分で作らなくて、買うことはもっと易しいです。次に、長時間を持ちません。悪い所は、まず、その料理は清潔かどうかどう確信しますか。例えば、野菜を清潔に洗うか使った具は清潔かなど。次に、栄養が不十分。また、毒素を得て病気になるかもしれません。
家で料理、良い所は、まず、原料と私たちの具が清潔とか確信できます。次は、必要な栄養がある料理を食べて選べます。また、一斉に家族と時間を過ごさせました。暖かい家族ための
アクティビティです。でも、悪い所もありますが。それは、家の人が料理を作られなければ、おいしくないかもしれません。
ファストフードと家で料理について個人的な意見は、妥当な所や時間や場面などによって、
良い所か悪い所かがあると思います。また、健康のことは私たちがきれいな店と必要な栄養がある料理を選べます。最後、あなたたちによって、どんな選ぶというなりますか。",58.0,intermediate,18.0,265.0,14.72222222222222,0.4,19.0,507.0,20.0,10.0,128.0,45.0,3.012,2.575,4.029,3.941,2.931,2.875
283,283,283,TTH37,THA,タイ語,"現在、食事のことは簡単なことです。材料を買って家で作ったり、お店で食べたりして大変便利です。特に、最近ファストフードの店は大変増えてきました。いつでもどこでも簡単に食べられます。しかし、家で作った料理とファストフードを比べるなら、私は家で作った料理のほうが良いと思います。なぜなら、家で作った料理のほうが健康的に良いからです。
確かに、ファストフードは早くて簡単に食べられます。買うとき時間は少ししかかからないし、料理自体も簡単に持てられるような形にしていて、食べ歩きでも、どこにいても何をしていても食べられます。夜中まで又24時間営業しているお店もあります。現在の人の忙しい生活に応じて適当な答えになっています。それなのに、便利でも、ファストフードにも欠点があります。健康的にはあまり良くないことです。たとえば、生材料の場合は、よく冷凍されています。ファストフードには、野菜など少ないし、動物油脂などが多い。
一方、家で作った料理は体に良いです。本当に生材料から作って、野菜なども自由にたくさん入れられます。好きな材料をたくさん入れたり、嫌な材料があったら入れられなくても良いし、自分が好きな味で食べられます。家で作った料理は、気持ちを作られた料理です。は時間かかるし、学校や仕事から帰って疲れているし、料理を作るのは面倒だと言う人もいるかもしれません。しかし、時間かかって面倒なことでも、気持ちを込めている料理を食べられると、疲れを消せると思います。忙しくて、食事のときだけ、ゆっくりしましょう。良い食事は良い体につながります。大変体を使って、これからもさらに使うではないのでしょうか。そのため、体に気をつけて、家で作った栄養の良い料理を食べたほうが良いでしょう。
したがって、以上の理由で、私の意見は、現在の私たちの食事は家で作った料理のほうが良いと思います。","現在、食事のことは簡単なことです。材料を買って家で作ったり、お店で食べたりして大変便利です。特に、最近ファストフードの店は大変増えてきました。いつでもどこでも簡単に食べられます。しかし、家で作った料理とファストフードを比べるなら、私は家で作った料理のほうが良いと思います。なぜなら、家で作った料理のほうが健康的に良いからです。
確かに、ファストフードは早くて簡単に食べられます。買うとき時間は少ししかかからないし、料理自体も簡単に持てられるような形にしていて、食べ歩きでも、どこにいても何をしていても食べられます。夜中まで又24時間営業しているお店もあります。現在の人の忙しい生活に応じて適当な答えになっています。それなのに、便利でも、ファストフードにも欠点があります。健康的にはあまり良くないことです。たとえば、生材料の場合は、よく冷凍されています。ファストフードには、野菜など少ないし、動物油脂などが多い。
一方、家で作った料理は体に良いです。本当に生材料から作って、野菜なども自由にたくさん入れられます。好きな材料をたくさん入れたり、嫌な材料があったら入れられなくても良いし、自分が好きな味で食べられます。家で作った料理は、気持ちを作られた料理です。は時間かかるし、学校や仕事から帰って疲れているし、料理を作るのは面倒だと言う人もいるかもしれません。しかし、時間かかって面倒なことでも、気持ちを",83.0,advanced,25.0,426.0,17.04,0.3192488262910798,26.0,783.0,31.0,14.0,161.0,76.0,2.466,2.03,3.326,3.262,2.38,2.268
284,284,284,TTH48,THA,タイ語,"食べることは人間命に切要なことである。現在は私たちが食べ物を買いに出かけやすい。いろいろな食べ物があるからだ。ファストフードとか家で食べ物を作る材料とかたくさんあっていく。しかし、何でもやりかたは一長一短と同じ、人々による選んだ。
ファストフードは値段が高くなくて、便利で、時間がすこしかかって、何所でも買えた。とにかく、栄養が不衛生かもしれない。それに、食べ物を作る材料とやりかたが不潔かもしれない。そして、家で作る食べ物は材料を心配しない。私たちはベスト材料が選べた。また、背決で心配しないやりかたを信ずんだ。でも、材料を準備することとやりかたの時間がすこし長い時間をかかった。
現在、たいていの人はファストフードをいつもえらんで、自分の健康を考えない。ファストフードは人気にもかかわらず、栄養がたくさんと言われない。この種類の食べ物は慌しい人に当てはまった。健康をかんがえている人が家で作る食べ物は慌しい人より当てはまった。
つまり、食べることは人々の生活によって食べ物をえらぶことです。だれか慌しい生活はファストフードにする、だれか健康を考えている生活は家で作る食べ物にする。しかし、慌しい生活の人は自分の健康を考えて忘れたほうがいいでしょうか。","食べることは人間命に切要なことである。現在は私たちが食べ物を買いに出かけやすい。いろいろな食べ物があるからだ。ファストフードとか家で食べ物を作る材料とかたくさんあっていく。しかし、何でもやりかたは一長一短と同じ、人々による選んだ。
ファストフードは値段が高くなくて、便利で、時間がすこしかかって、何所でも買えた。とにかく、栄養が不衛生かもしれない。それに、食べ物を作る材料とやりかたが不潔かもしれない。そして、家で作る食べ物は材料を心配しない。私たちはベスト材料が選べた。また、背決で心配しないやりかたを信ずんだ。でも、材料を準備することとやりかたの時間がすこし長い時間をかかった。
現在、たいていの人はファストフードをいつもえらんで、自分の健康を考えない。ファストフードは人気にもかかわらず、栄養がたくさんと言われない。この種類の食べ物は慌しい人に当てはまった。健康をかんがえている人が家で作る食べ物は慌しい人より当てはまった。
つまり、食べることは人々の生活によって食べ物をえらぶことです。だれか慌しい生活はファストフードにする、だれか健康を考えている生活は家で作る食べ物にする。しかし、慌しい生活の人は自分の健康を考えて忘れたほうがいいでしょうか。",54.0,beginner,19.0,259.0,13.63157894736842,0.3861003861003861,23.0,527.0,21.0,8.0,123.0,35.0,2.8,2.504,4.045,3.914,2.952,2.885
285,285,285,TTR02,TUR,トルコ語,"トルコで住んでいる人たちはいえでつくった料理がすきです。ご家族と食べていたごはんの意味はえらいとおもいます。しかし、２０１３年に働いている人たちの人生は難しいと思います。ときどきあの人たちの食べに時間がありません。この時皆さんは料理を作ってることは難しいと思います。だからレストランでファーストフードを食べることは大流行する。１日２４時間あいているファーストフードストアが急速に増加して、若い人たちや働いている人たちがもっと気楽に暮らせるようになったためかもしれない。
いえで料理を作ってることは難しいんだけどせいけつです。あのタイプ食べものはたくさんおいしいと思います。長い時間にもっと高いものでつくった料理は学生たちとたくさんお金はないひとたちのためにだめです。でも、毎日ファーストフードを食べることは健やかに暮らすためによくないと思います。
時どき大学の寮に住んでいる大学生たちは料理を作ることができません。だから近くにあるレストランでたべます。大学生たちの話ではファーストフードは易いです。でも、いえで作った料理はファーストフードより健康的です。レストランでファーストフードを食べることよりに自分で作った食べものを食べることは楽しいです。いつもレストランへ友だちといくからたのしいです。","トルコで住んでいる人たちはいえでつくった料理がすきです。ご家族と食べていたごはんの意味はえらいとおもいます。しかし、２０１３年に働いている人たちの人生は難しいと思います。ときどきあの人たちの食べに時間がありません。この時皆さんは料理を作ってることは難しいと思います。だからレストランでファーストフードを食べることは大流行する。１日２４時間あいているファーストフードストアが急速に増加して、若い人たちや働いている人たちがもっと気楽に暮らせるようになったためかもしれない。
いえで料理を作ってることは難しいんだけどせいけつです。あのタイプ食べものはたくさんおいしいと思います。長い時間にもっと高いものでつくった料理は学生たちとたくさんお金はないひとたちのためにだめです。でも、毎日ファーストフードを食べることは健やかに暮らすためによくないと思います。
時どき大学の寮に住んでいる大学生たちは料理を作ることができません。だから近くにあるレストランでたべます。大学生たちの話ではファーストフードは易いです。でも、いえで作った料理はファーストフードより健康的です。レストランでファーストフードを食べることよりに自分で作った食べものを食べることは楽しいです。いつもレストランへ友だちといくからたのしいです。",60.0,intermediate,17.0,272.0,16.0,0.4154411764705882,20.0,547.0,9.0,5.0,123.0,29.0,2.963,2.596,4.152,4.024,3.038,2.86
286,286,286,TTR05,TUR,トルコ語,"食べるは一ばんのひつようです。生きると歩くとおどると働くためにエナルギがいります。食べ物はエナルギをあげます。うちに作った料理とファストフードは時間やけんこうなどちがいます。
生活にひとはいそがしいですから時間はたいせつです。時間がある人は自分で食事を作りますでもほかの人は食事を作る時間がないからファストフードを食べます。よるまで働く人は疲れるしうちへ帰ったとき休みたいです。そしてこの人はおなかがすいたときファストフードをえらびます。食べ物のけんこうもたいせつなわだいです。ファストフードよりうちにした料理のほうがけんこうです。ファストフードはゆせいのでどんなように作られることが分かりません。それにファストフード
をたくさん食べる人はふとりししょうらいにびょうきになります。
にんげんは生きるためにたべなければなりません。何か人は食事を作ります何かは外から食べ物を買います。でもファストフードは高くてふけんこうな食べ物です。自分で料理をするはけんこうためにべんりです。","食べるは一ばんのひつようです。生きると歩くとおどると働くためにエナルギがいります。食べ物はエナルギをあげます。うちに作った料理とファストフードは時間やけんこうなどちがいます。
生活にひとはいそがしいですから時間はたいせつです。時間がある人は自分で食事を作りますでもほかの人は食事を作る時間がないからファストフードを食べます。よるまで働く人は疲れるしうちへ帰ったとき休みたいです。そしてこの人はおなかがすいたときファストフードをえらびます。食べ物のけんこうもたいせつなわだいです。ファストフードよりうちにした料理のほうがけんこうです。ファストフードはゆせいのでどんなように作られることが分かりません。それにファストフード
をたくさん食べる人はふとりししょうらいにびょうきになります。
にんげんは生きるためにたべなければなりません。何か人は食事を作ります何かは外から食べ物を買います。でもファストフードは高くてふけんこうな食べ物です。自分で料理をするはけんこうためにべんりです。",52.0,beginner,16.0,209.0,13.0625,0.4497607655502392,26.0,437.0,0.0,1.0,93.0,13.0,3.066,2.661,3.851,3.761,3.219,3.127
287,287,287,TTR06,TUR,トルコ語,"今の時代には一番価値高いものは何と言っても時間のことです。人間の一日にはしなければならないことはいっぱいある。だから現代の人間は時間を大事にするために新しい習慣を作っていきます。ファストフードもその一つである。
現代の働く人間の大半は会社員である。それに会社員の休み時間は短いので自分の料理を作るとは限らない。つまり早く買って、食べられるファストフードは時間の守るために便利だと思う。それに一般的にファストフードはレストランの料理より安いだ。でも毎日ファストフード食べれば大変ではないでしょうか。なぜならどこでも買えるファストフードにはどうやって作られたかとか中にある食材は滋養物かどうかなどいろいろな考えなけらばならない大問題がある。だからいろいろの店のファストフードを食べたら安心できることは難しだろう。
ファストフードの習慣があった後人間は病気なりやすくなってきたことは大変可笑しい。だからなるべく注意するほうがいいのではないでしょうか。ファストフードの代わりに自分が作った料理を日本人のように会社へ来させる方がいいと思う。家で料理を作って、家から会社まで弁当を持って来ることは面倒かもしれないけど自分で作ったけんこう的で美味しい料理を安心して食べることは何と言っても一番大事な事だろう。なぜなら幸せになるために体を大事にしておかなければならないです。だからなるべくファストフードを食べない方がいい。","今の時代には一番価値高いものは何と言っても時間のことです。人間の一日にはしなければならないことはいっぱいある。だから現代の人間は時間を大事にするために新しい習慣を作っていきます。ファストフードもその一つである。
現代の働く人間の大半は会社員である。それに会社員の休み時間は短いので自分の料理を作るとは限らない。つまり早く買って、食べられるファストフードは時間の守るために便利だと思う。それに一般的にファストフードはレストランの料理より安いだ。でも毎日ファストフード食べれば大変ではないでしょうか。なぜならどこでも買えるファストフードにはどうやって作られたかとか中にある食材は滋養物かどうかなどいろいろな考えなけらばならない大問題がある。だからいろいろの店のファストフードを食べたら安心できることは難しだろう。
ファストフードの習慣があった後人間は病気なりやすくなってきたことは大変可笑しい。だからなるべく注意するほうがいいのではないでしょうか。ファストフードの代わりに自分が作った料理を日本人のように会社へ来させる方がいいと思う。家で料理を作って、家から会社まで弁当を持って来ることは面倒かもしれないけど自分で作ったけんこう的で美味しい料理を安心して食べることは何と言っても一番大事な事だろう。なぜなら幸せになるために体を大事にしておかなければならないです。だからなるべくファストフードを食べない方が",69.0,intermediate,17.0,319.0,18.764705882352946,0.3949843260188088,24.0,603.0,26.0,12.0,122.0,55.0,2.955,2.424,3.719,3.629,2.85,2.72
288,288,288,TTR08,TUR,トルコ語,"ファーストフードは今一般になりました。みんなしっています。ライフスタイルははやくなりましたから、たべることはしごとになりました。みなさんはたくさ
んはたらいてからうちえかえって休みたいです。そして、時間がありませんから、りょうりをつくることができません。
長く生きるためにファーストフードはべんりじゃありません。うちでりょうりをつくることのほうがいいです。そして、安いです。スーパーマーケットでいろいろなやさいをかって、お金をはらってから、おんがくを聞きながらりょうりをつくることはとってもおもしろいです。でも、ときどい時間がありませんから、はやくつくることはつまらないです。はやくおきて、はやくあさごはんをたべて、はやくはして、はやく大学へ行って、はやくべんきょうして、はやくしゅくだいをして、はやくうちへかえって、休む前にはやく食べたいですから、ファーストフードのほうがとてもべんりです。そして、ファーストフードはおいしいです。人によってちがいます。お母さんのりぃうりが一ばんおいしくて、すばらしくて、べんりで、とってもいいです。","ファーストフードは今一般になりました。みんなしっています。ライフスタイルははやくなりましたから、たべることはしごとになりました。みなさんはたくさ
んはたらいてからうちえかえって休みたいです。そして、時間がありませんから、りょうりをつくることができません。
長く生きるためにファーストフードはべんりじゃありません。うちでりょうりをつくることのほうがいいです。そして、安いです。スーパーマーケットでいろいろなやさいをかって、お金をはらってから、おんがくを聞きながらりょうりをつくることはとってもおもしろいです。でも、ときどい時間がありませんから、はやくつくることはつまらないです。はやくおきて、はやくあさごはんをたべて、はやくはして、はやく大学へ行って、はやくべんきょうして、はやくしゅくだいをして、はやくうちへかえって、休む前にはやく食べたいですから、ファーストフードのほうがとてもべんりです。そして、ファーストフードはおいしいです。人によってちがいます。お母さんのりぃうりが一ばんおいしくて、すばらしくて、べんりで、とってもいいです。",47.0,beginner,14.0,195.0,13.928571428571429,0.4717948717948718,24.0,467.0,1.0,5.0,63.0,5.0,2.441,2.058,4.09,3.89,2.578,2.461
289,289,289,TTR11,TUR,トルコ語,"私たちは、ほとんど毎日ファーストフードを食べるようになった。これはじゅうようなもんだいである。今私はこれらの2つのタイプを比較したい。私はファーストフードで開始したい。そして私は自家製の食品の長所と短所について書こうとおもう。
ファーストフードは、人々のために悪いである。ファーストフードは、私たちのけんこうのためにゆうがいである。ファーストフードを食べる人は太ってもらう。それにファーストフードは、家に作った食事よりもていえいようかである。しかし速いしょくひんを食べることは少ない時間がかかる。それからファーストフードを愛する人々がたくさんある。
自家製の食品はファーストフードよりも健康である。しかし自家製食品は準備するより多くの時間がかかる。しかし、再び、それはファーストフードよりも多くの利点がある。家に、食事を作った方がファーストフードよりも安い。しかし私たちは食事を作るための時間を持っていけない。
人々はこの時点で注意しなければならない。彼らは長生きしたい場合ファーストフードを避けるべきである。彼らは食事を調理する時間がないかもしれない。健康食品を調理するレストランで健康食品を食べることを好むことができる。人々は、ファーストフードを食べることを避けるいけない場合彼らは将来に後悔するとおもう。栄養バランスは非常に重要である。それに健康は、世界で最も重要なものですから人々は自分自身の世話をする必要がある。","私たちは、ほとんど毎日ファーストフードを食べるようになった。これはじゅうようなもんだいである。今私はこれらの2つのタイプを比較したい。私はファーストフードで開始したい。そして私は自家製の食品の長所と短所について書こうとおもう。
ファーストフードは、人々のために悪いである。ファーストフードは、私たちのけんこうのためにゆうがいである。ファーストフードを食べる人は太ってもらう。それにファーストフードは、家に作った食事よりもていえいようかである。しかし速いしょくひんを食べることは少ない時間がかかる。それからファーストフードを愛する人々がたくさんある。
自家製の食品はファーストフードよりも健康である。しかし自家製食品は準備するより多くの時間がかかる。しかし、再び、それはファーストフードよりも多くの利点がある。家に、食事を作った方がファーストフードよりも安い。しかし私たちは食事を作るための時間を持っていけない。
人々はこの時点で注意しなければならない。彼らは長生きしたい場合ファーストフードを避けるべきである。彼らは食事を調理する時間がないかもしれない。健康食品を調理するレストランで健康食品を食べることを好むことができる。人々は、ファーストフードを食べることを避けるいけない場合彼らは将来に後悔するとおもう。栄養バランスは非常に重要である。それに健康は、世界で最も重要なものですから人々は自分自身の",64.0,intermediate,23.0,299.0,13.0,0.3712374581939799,20.0,611.0,33.0,17.0,128.0,45.0,2.478,2.156,3.534,3.37,2.579,2.417
290,290,290,TTR15,TUR,トルコ語,ファアストフウドりょうりはへるしくないです・うちのりょうりが一番おいしいとへるしいです・ファアストフウドりょうりを食べたいですからお金をはらって下さい・うちのりゅうりのほおがやすいです・うちでりょうりを作るわたくさん楽しいです・でも時間がありますからうちにりようりをつくるができません・ファアストフウドりょうりをかうはとてもはやいです・いつも人のしごとがありますから人は時間をうしないたくないです・ファアストフウドりょうりは各国におなじです・でも各人のうちのりょうりは異なったです・人はうちのりょうりのところをしります・でも人はたくさんはたらいてからうちで休みたいです・りょうりを作りたくないです・女の人はうちではたらきましたからうちでりょうりをつきましたでもげんざい女の人もはたらいています・女の人はうちへ変えて休みたいです・ファアストフウドりょうりをたべるはやさしいとはやいです・,ファアストフウドりょうりはへるしくないです・うちのりょうりが一番おいしいとへるしいです・ファアストフウドりょうりを食べたいですからお金をはらって下さい・うちのりゅうりのほおがやすいです・うちでりょうりを作るわたくさん楽しいです・でも時間がありますからうちにりようりをつくるができません・ファアストフウドりょうりをかうはとてもはやいです・いつも人のしごとがありますから人は時間をうしないたくないです・ファアストフウドりょうりは各国におなじです・でも各人のうちのりょうりは異なったです・人はうちのりょうりのところをしります・でも人はたくさんはたらいてからうちで休みたいです・りょうりを作りたくないです・女の人はうちではたらきましたからうちでりょうりをつきましたでもげんざい女の人もはたらいています・女の人はうちへ変えて休みたいです・ファアストフウドりょうりをたべるはやさしいとはやいです・,43.0,beginner,0.0,156.0,0.0,0.4038461538461538,17.0,392.0,2.0,2.0,55.0,9.0,2.859,2.579,3.614,3.465,2.966,2.885
291,291,291,TTR19,TUR,トルコ語,"料理は私たちの生活の不可欠な一部です。そして料理をよく選ばなければなりません。料理は二つの方法で食べられています。家で食べるや外でたべる。この作文の中でこの食べるの方法について説明します。家で作られた料理は健全な料理と言われています。生活の始に母が作った料理で知らせります。母は料理を作る時、健全な成分を使います。そして、この料理を健全な所で食べさせます。それから家でつくられた料理の成分を知っています。成分が知られている料理を食べる時私たちの気分はいいと思います。家で作った料理に油が少し有ります。それから私たちは家で作った料理を食べる時太りません。
さらに、最近のリサーチに家で作られた料理を食べる人が長生きすると言われています。日本人の一つは１１０歳と言われています。長い寿命の秘密は質問された時、この日本人は‘私は料理を家で作っています。それから私は食品添加物を使いません。天然香辛料を使います。‘といいました。外で食べられた料理は余人によって作られます。私たちは仕事で昼ご飯を食べろ時この外で作られた料理を食べます。そして、仕事から来て疲れている時もこの外で作られた料理をたべます。しかし外で作られた料理は大半とても不健康です。この料理を作る人は不健康な成分を使います。それから、食品添加物を使います。私たちはこの料理を食べる時太りますなぜならこの料理を作る人は油をあまり使います。要するに、家で作った料理の方は健康なので食べなければなりません。","料理は私たちの生活の不可欠な一部です。そして料理をよく選ばなければなりません。料理は二つの方法で食べられています。家で食べるや外でたべる。この作文の中でこの食べるの方法について説明します。家で作られた料理は健全な料理と言われています。生活の始に母が作った料理で知らせります。母は料理を作る時、健全な成分を使います。そして、この料理を健全な所で食べさせます。それから家でつくられた料理の成分を知っています。成分が知られている料理を食べる時私たちの気分はいいと思います。家で作った料理に油が少し有ります。それから私たちは家で作った料理を食べる時太りません。
さらに、最近のリサーチに家で作られた料理を食べる人が長生きすると言われています。日本人の一つは１１０歳と言われています。長い寿命の秘密は質問された時、この日本人は‘私は料理を家で作っています。それから私は食品添加物を使いません。天然香辛料を使います。‘といいました。外で食べられた料理は余人によって作られます。私たちは仕事で昼ご飯を食べろ時この外で作られた料理を食べます。そして、仕事から来て疲れている時もこの外で作られた料理をたべます。しかし外で作られた料理は大半とても不健康です。この料理を作る人は不健康な成分を使います。それから、食品添加物を使います。私たちはこの料理を食べる時太りますなぜならこの料理を作る人は油をあまり使います。要するに",50.0,beginner,27.0,367.0,13.592592592592592,0.2806539509536784,21.0,628.0,14.0,17.0,164.0,64.0,2.664,2.246,3.082,2.911,2.534,2.467
292,292,292,TTR23,TUR,トルコ語,"私たちはファーストフードを食べます。そじてうちで料理を作ってからたべます。
でもどちらが便利ですか。ファーストフードと手作り料理とどちらが健康ですか。
ファーストフードに始めます。今日たくさん働きますから、時間がありません。ファーストフードは「ファースト」（早い）ですから、これを食べることはとても優しいです。でものみファーストフードをたべることは危ないです。このたべものにビタミンと未ララルがすきしありますから、のみこのたべものをたべることは体のために不十分です。そしてこのたべものはとても脂っこいと塩辛いか甘いです。これは体から有害です。
うちで料理を作るために時間があるな人が少しいます。でもこのたべものはとても健康ですから、体のために有用です。そして料理を作ることは楽しいです。例えば晩御飯をたべるためにご家族たちがうちでいますから、ご家族のためにも有用です。この食べ物の中にビタミンと未ララルがたくさんありますから、体のためにとてもいいです。そしてうちで料理を作るほうが安いです。
時間がありませんから、ファーストフードをたべるほうが優しいです。うちで料理をつくることは難しいですが、このたべものは体のために健康ですから、このたべものをたべるほうがいいです。","私たちはファーストフードを食べます。そじてうちで料理を作ってからたべます。
でもどちらが便利ですか。ファーストフードと手作り料理とどちらが健康ですか。
ファーストフードに始めます。今日たくさん働きますから、時間がありません。ファーストフードは「ファースト」（早い）ですから、これを食べることはとても優しいです。でものみファーストフードをたべることは危ないです。このたべものにビタミンと未ララルがすきしありますから、のみこのたべものをたべることは体のために不十分です。そしてこのたべものはとても脂っこいと塩辛いか甘いです。これは体から有害です。
うちで料理を作るために時間があるな人が少しいます。でもこのたべものはとても健康ですから、体のために有用です。そして料理を作ることは楽しいです。例えば晩御飯をたべるためにご家族たちがうちでいますから、ご家族のためにも有用です。この食べ物の中にビタミンと未ララルがたくさんありますから、体のためにとてもいいです。そしてうちで料理を作るほうが安いです。
時間がありませんから、ファーストフードをたべるほうが優しいです。うちで料理をつくることは難しいですが、このたべものは体のために健康ですから、このたべものをたべるほうがいいです。",55.0,beginner,19.0,261.0,13.736842105263158,0.2988505747126437,12.0,534.0,5.0,13.0,98.0,26.0,2.445,2.074,3.672,3.48,2.524,2.377
293,293,293,TTR24,TUR,トルコ語,"昔、人間たちは早く作っておいた食べ物が食べられませんでした。100％オーガニック野菜や肉を食べたり、あぶらをたくさん使わないで料理を作ったりしたので、みなさんは元気で生きていたそうです。今、マクドナルド、KFCなど、ファーストフードのレストランが多いです。あのレストランの方が安くて早いので、若くて急がし人はあのレストランで食べに行くのが好きです。そして、子どものためにいろいろなおもちゃがあげられています。だから、子どもも、学生も、会社員もファーストフードをたくさん食べ始めました。ファーストフードの中に野菜より多くの塩とあぶらがあります。医者がいつも「油と塩をたくさん食べないで下さい」と言っても、ファーストフードを食べる人は毎日もっと多くなっています。
人間体は機械のようだと思います。悪い物が体に入った時、病気になってけど、新しい物が入った時、元気になります。だい所に自分で作った料理の方が一ばんおいしくていいと言われています。料理に何を入れるか入れないか自分で選るので、レストランの料理より元気です。料理が上手に作れる人はコックさんになれたり、ご家族においしい料理を食べさせたりします。子どもに教えてあげるのは楽しいと思います。でも、時間がない親のためにファーストフードの方が楽です。「おもちゃもごはんもあるので、だいじょうぶ」と考えている親はちがいます。ぜんぜんファーストフードを食べさせないで、家のだい所で米と魚と野菜から作れた料理の方が子どもたちのために一ばん元気だと思っているが言えます。","昔、人間たちは早く作っておいた食べ物が食べられませんでした。100％オーガニック野菜や肉を食べたり、あぶらをたくさん使わないで料理を作ったりしたので、みなさんは元気で生きていたそうです。今、マクドナルド、KFCなど、ファーストフードのレストランが多いです。あのレストランの方が安くて早いので、若くて急がし人はあのレストランで食べに行くのが好きです。そして、子どものためにいろいろなおもちゃがあげられています。だから、子どもも、学生も、会社員もファーストフードをたくさん食べ始めました。ファーストフードの中に野菜より多くの塩とあぶらがあります。医者がいつも「油と塩をたくさん食べないで下さい」と言っても、ファーストフードを食べる人は毎日もっと多くなっています。
人間体は機械のようだと思います。悪い物が体に入った時、病気になってけど、新しい物が入った時、元気になります。だい所に自分で作った料理の方が一ばんおいしくていいと言われています。料理に何を入れるか入れないか自分で選るので、レストランの料理より元気です。料理が上手に作れる人はコックさんになれたり、ご家族においしい料理を食べさせたりします。子どもに教えてあげるのは楽しいと思います。でも、時間がない親のためにファーストフードの方が楽です。「おもちゃもごはんもあるので、だいじょうぶ」と考えている親はちがいます。ぜんぜんファーストフードを食べさせ",45.0,beginner,17.0,337.0,19.823529411764707,0.3827893175074184,29.0,653.0,16.0,6.0,145.0,39.0,2.712,2.299,3.859,3.754,2.547,2.501
294,294,294,TTR26,TUR,トルコ語,"西洋された世界で人間の人生で一番大切なことが時間になった。まだまだ時間の効率的な使い方を探してる。どうやってもっと速く交通できる、どうやってもっと速く仕事をするか。コンピュータの成績まで時間を考え始まった。
人間の一秒もお金で無駄にするのは許せない。それでこの速さの中で食事も速くなった。ファーストフードはこの結果である。今は道に出ると回りにたくさんファーストフード屋さんが見つける。バーガーキングやマクドナルドは一番目に立つ。
ファーストフードのいい点の中に一つはもちろん速さである。ファーストフード屋さんに行ってたった十五分で食事を終わることができる。中に入らないで食べ物を取り出すこともできるから仕事に帰りながら食べたらもっと短い時間で食事を終わることができる。
ファーストフードのいい点の二つ目が食事の準備である。毎日仕事から家に帰って疲れたままで食事を作るのは大変。時間もかかる。でもファーストフードデリバリーサービスに電話かけたら欲しい食べ物を注文できる。そしてたった二十分で着く。何もしないで家でリラックスして待ってるのは楽しいだと思う。
ファーストフードのいい点があるが悪い点がもっと多いだと思う。その悪い点の一つ目はファーストフードが不健康であること。研究によるとファーストフードが潜在的な心臓、肝臓や重量の問題を誘導することができる。砂糖や脂肪分の高い、人工的である成分がたくさん入っている。医者さんは患者にファーストフード食べないようにしてくださいと助言する。
ファーストフードは美味い、ファースト、簡単だと思っても一条的なものにしないようにするべき。今の世界で一番大事なのは時間だと思われていても実は一番大切なのは健康である。健康が良くなければどんなお金や時間をもらっても意味がない。ファーストフード食べないで健康を守りましょう。","西洋された世界で人間の人生で一番大切なことが時間になった。まだまだ時間の効率的な使い方を探してる。どうやってもっと速く交通できる、どうやってもっと速く仕事をするか。コンピュータの成績まで時間を考え始まった。
人間の一秒もお金で無駄にするのは許せない。それでこの速さの中で食事も速くなった。ファーストフードはこの結果である。今は道に出ると回りにたくさんファーストフード屋さんが見つける。バーガーキングやマクドナルドは一番目に立つ。
ファーストフードのいい点の中に一つはもちろん速さである。ファーストフード屋さんに行ってたった十五分で食事を終わることができる。中に入らないで食べ物を取り出すこともできるから仕事に帰りながら食べたらもっと短い時間で食事を終わることができる。
ファーストフードのいい点の二つ目が食事の準備である。毎日仕事から家に帰って疲れたままで食事を作るのは大変。時間もかかる。でもファーストフードデリバリーサービスに電話かけたら欲しい食べ物を注文できる。そしてたった二十分で着く。何もしないで家でリラックスして待ってるのは楽しいだと思う。
ファーストフードのいい点があるが悪い点がもっと多いだと思う。その悪い点の一つ目はファーストフードが不健康であること。研究によるとファーストフードが潜在的な心臓、肝臓や重量の問題を誘導することができる。砂糖や脂肪分の高い、人工的である成分がたくさん",79.0,intermediate,27.0,402.0,14.88888888888889,0.3756218905472637,32.0,777.0,35.0,14.0,175.0,66.0,2.725,2.254,3.52,3.514,2.757,2.63
295,295,295,TTR45,TUR,トルコ語,"現在の２千年代は、時間の経つのは早い時代だ。何でも大急ぎでしなければならない。時間を買うことも、節約して後で使うこともできないのだ。だから、時間を大事にして、できるだけ効果的に使うように我々は頑張っている。寝る時間、運動する時間、本を読む時間など減らすのも一つの方法だ。また食べる時間や食事の用意をする時間を減らすのも最近普段のことになっている。だから、家で料理を作って、家族皆でゆっくりと食事をする習慣もなくなっている。それで日本では、ファストフードレストランの数も増えてきている。
私によって日本人が日々忙しくなってきて、食事の用意を自分ですることを面倒くさいと思うようになったということは、ファストフードを好むようになった理由の一つである。時間がかからないのは日本人にとって、ファストフードの一番のメリットだろう。
けれども、ファストフードは体によくないし、カロリーの高い、そして日本食文化にも合わないと思われているのだ。食べ過ぎると、肥満で困ってる人もふえる。バランスの取れた食事を構成しないファストフードは特に日本人にとっても健康問題を起こす食文化だ。
それでも、日本人はデメリットを知りながら、なぜマクドナルド等のハンバーガーを日本食より好むのだろうか。カロリーの高い、そして健康にも悪いと思ってるのに、高校生から会社員まで、日本食よりファストフードを選ぶ人が何で多いのだろうか？","現在の２千年代は、時間の経つのは早い時代だ。何でも大急ぎでしなければならない。時間を買うことも、節約して後で使うこともできないのだ。だから、時間を大事にして、できるだけ効果的に使うように我々は頑張っている。寝る時間、運動する時間、本を読む時間など減らすのも一つの方法だ。また食べる時間や食事の用意をする時間を減らすのも最近普段のことになっている。だから、家で料理を作って、家族皆でゆっくりと食事をする習慣もなくなっている。それで日本では、ファストフードレストランの数も増えてきている。
私によって日本人が日々忙しくなってきて、食事の用意を自分ですることを面倒くさいと思うようになったということは、ファストフードを好むようになった理由の一つである。時間がかからないのは日本人にとって、ファストフードの一番のメリットだろう。
けれども、ファストフードは体によくないし、カロリーの高い、そして日本食文化にも合わないと思われているのだ。食べ過ぎると、肥満で困ってる人もふえる。バランスの取れた食事を構成しないファストフードは特に日本人にとっても健康問題を起こす食文化だ。
それでも、日本人はデメリットを知りながら、なぜマクドナルド等のハンバーガーを日本食より好むのだろうか。カロリーの高い、そして健康にも悪いと思ってるのに、高校生から会社員まで、日本食よりファストフードを選ぶ人が何で多いのだろうか？",81.0,advanced,15.0,296.0,19.73333333333333,0.4493243243243243,29.0,596.0,34.0,16.0,116.0,55.0,2.628,2.202,3.511,3.462,2.55,2.463
296,296,296,TTR47,TUR,トルコ語,むかし、私たちは遅く食べることになっていました・生活難しかなった。しかし、急いでいる人の数はだんだん増えてきました。今、仕事のために急がなければなりません。それで、食事を早くしなければなりません。ファストフードは一般的に急いでいる、働いている人によって食べられます。待たないで食べられることはす晴らしです。しかし、オイルがたくさんあるので、ファストフードは健康のために体によくないです。健康的な生活をするために食べ物や飲み物に注意するようにします。家で作れた食事は一番健康的です・スローフードとしても知られています。遅く作れますが、もっとおいしいです。そして、この食事はビタミンを含む野菜や肉から作れます。健康で長い生きしたい人が多いことは多いですが、残念なことに、ファストフードを食べう人の数は増えてきた。それに、増えていくと思われています。ファストフードの中に全然ビタミンがありません。たくさん食べたら、自分の体重をキ一プすることも難しくなります。家で作れた食事は体重のためにもっと便利です。ファストフードと比べると家で作れた食事は高くかもしれませんが施肥ファストフードを食べないようにしてください。いつも元気になるためにスローフードを食べなければなりません。遅く料理を作って、急がないで遅く生活しては長く生きすることの解答です。,むかし、私たちは遅く食べることになっていました・生活難しかなった。しかし、急いでいる人の数はだんだん増えてきました。今、仕事のために急がなければなりません。それで、食事を早くしなければなりません。ファストフードは一般的に急いでいる、働いている人によって食べられます。待たないで食べられることはす晴らしです。しかし、オイルがたくさんあるので、ファストフードは健康のために体によくないです。健康的な生活をするために食べ物や飲み物に注意するようにします。家で作れた食事は一番健康的です・スローフードとしても知られています。遅く作れますが、もっとおいしいです。そして、この食事はビタミンを含む野菜や肉から作れます。健康で長い生きしたい人が多いことは多いですが、残念なことに、ファストフードを食べう人の数は増えてきた。それに、増えていくと思われています。ファストフードの中に全然ビタミンがありません。たくさん食べたら、自分の体重をキ一プすることも難しくなります。家で作れた食事は体重のためにもっと便利です。ファストフードと比べると家で作れた食事は高くかもしれませんが施肥ファストフードを食べないようにしてください。いつも元気になるためにスローフードを食べなければなりません。遅く料理を作って、急がないで遅く生活しては長く生きすることの解答です。,48.0,beginner,19.0,294.0,15.473684210526317,0.3673469387755102,23.0,567.0,18.0,10.0,129.0,33.0,2.884,2.445,4.026,3.868,2.813,2.731
297,297,297,TTR50,TUR,トルコ語,"料理は根本的なものだけではなく、楽しみで作ったり、食べたりものである。「趣味は料理を作ること」という人もいるし、「趣味は料理を食べること！」という人もたくさんいる。外国の料理に興味がある人も多い。
人間はストレスがたまるとき、さびしくなっているとき、悲しくなっているときも食べて、気が楽にする。そして、「料理は楽しい！」と言えるね。
最近、ファストフードは世界的にはやりだ。日本でも、トルコでも、毎日何百人もの人がファストフードを食べる。ファストフードを食べたら、時間を節約することができるのに、楽しむことができないと思う。ファストフードの悪い点は、健康上の問題だけではなく、内向的な人になって、不幸になることも悪い点の一つだと思う。
ファストフードは反対して、自分で作る料理は時間を食う。しかし、友達か家族と一緒に食べたら、時間がかかるのに、幸せにならないか。ヘルシーで、楽しい料理より幸せなものがないと思う。
ときどき、美味しいファストフードを食べるのは大丈夫だけど、日常性格で、時間がかかるのに、自分で料理を作って、一緒に食べて、幸せになろうか。","料理は根本的なものだけではなく、楽しみで作ったり、食べたりものである。「趣味は料理を作ること」という人もいるし、「趣味は料理を食べること！」という人もたくさんいる。外国の料理に興味がある人も多い。
人間はストレスがたまるとき、さびしくなっているとき、悲しくなっているときも食べて、気が楽にする。そして、「料理は楽しい！」と言えるね。
最近、ファストフードは世界的にはやりだ。日本でも、トルコでも、毎日何百人もの人がファストフードを食べる。ファストフードを食べたら、時間を節約することができるのに、楽しむことができないと思う。ファストフードの悪い点は、健康上の問題だけではなく、内向的な人になって、不幸になることも悪い点の一つだと思う。
ファストフードは反対して、自分で作る料理は時間を食う。しかし、友達か家族と一緒に食べたら、時間がかかるのに、幸せにならないか。ヘルシーで、楽しい料理より幸せなものがないと思う。
ときどき、美味しいファストフードを食べるのは大丈夫だけど、日常性格で、時間がかかるのに、自分で料理を作って、一緒に食べて、幸せになろうか。",58.0,intermediate,15.0,233.0,15.533333333333331,0.3776824034334764,13.0,476.0,14.0,8.0,100.0,42.0,2.8,2.238,3.486,3.399,2.597,2.527
298,298,298,TTR52,TUR,トルコ語,"生活は近代化でとても変わった。この時代の状態は昔と違って新しい状態で生きるために食事の習慣も変えました。今たくさん人はよく家で食べなくてファーストフードのレストランで食べています。でもそれはいいですか。
ファーストフードはあまり健康的な食べ物ではありません。食材がさまざまではなくてファーストフードをよく食べている人は必要なビタミンなどをとれません。それにたびたびその人は太ります。それでファーストフードがたくさん食べられる国に肥満な人はたくさんいます。家でさまざま料理を食べるのはファーストフードより健康的です。ではご飯はどうしていつも家で食べられませんか。
近代の生活は昔より速いです。たくさん勉強して働かなければならなくて一日の小さい休みの時は短くなりました。それで生活は速くなってご飯も「ファーストフード」になりました。英語で「速い食べ物」という意味だファーストフードは近代の人の生活を易しくなります。他のレストランでも家でもご飯はもっと時間かかります。たくさん両親が働いていますから家の全部で料理を作る人がいません。料理があっても家に帰らなくて近いファーストフードのレストランで速くて食事するのは忙しい人にとってもっと便利です。
ファーストフードは家の料理より健康的でもなくて美味しくないのに生活が速い人にとってファーストフードを全然食べないのは無理です。それでも時々「遅い食べ物」を食べる時間があるために頑張ったほうがいいと思います。","生活は近代化でとても変わった。この時代の状態は昔と違って新しい状態で生きるために食事の習慣も変えました。今たくさん人はよく家で食べなくてファーストフードのレストランで食べています。でもそれはいいですか。
ファーストフードはあまり健康的な食べ物ではありません。食材がさまざまではなくてファーストフードをよく食べている人は必要なビタミンなどをとれません。それにたびたびその人は太ります。それでファーストフードがたくさん食べられる国に肥満な人はたくさんいます。家でさまざま料理を食べるのはファーストフードより健康的です。ではご飯はどうしていつも家で食べられませんか。
近代の生活は昔より速いです。たくさん勉強して働かなければならなくて一日の小さい休みの時は短くなりました。それで生活は速くなってご飯も「ファーストフード」になりました。英語で「速い食べ物」という意味だファーストフードは近代の人の生活を易しくなります。他のレストランでも家でもご飯はもっと時間かかります。たくさん両親が働いていますから家の全部で料理を作る人がいません。料理があっても家に帰らなくて近いファーストフードのレストランで速くて食事するのは忙しい人にとってもっと便利です。
ファーストフードは家の料理より健康的でもなくて美味しくないのに生活が速い人にとってファーストフードを全然食べないのは無理です。それでも時々「遅い食べ物」を食べる",54.0,beginner,19.0,318.0,16.736842105263158,0.3396226415094339,18.0,623.0,17.0,7.0,132.0,43.0,2.806,2.258,3.788,3.66,2.61,2.467
299,299,299,TTR53,TUR,トルコ語,"「トルコは料理に一番たくさん時間を使っている国である」これをインターネットで「様々な国について知らなかった事実」というタイトルで見た。確かにトルコ料理が作るのが手間がかかるがこれは変わりつつある。実は、以前のトルコの台所を現在の台所と比べると社会の変化とこれによる生活習慣の変化も現れる。もちろん、これは多くの国で急速に起こっている変化だろう。
現在の多くの人は、前よりもっと外食をしている。特にファーストフードは作るのも食べるのもあまり時間がかからないから、消費される。
これには、様々な理由がある。その一つは、世界がより忙しくなったことだろう。社会が複雑になるにつれて人は農業か牧畜だけで済めなくなり、忙しくなった。もう一つの理由は、社会の中で女性の変化しつつある役割だろう。今は、もっと多くの女性は社会人になっており、家事だけをする役割ではない。これと前者の理由は、どうして外食が流行しているかの応答の二つである。しかし、どうして特にファーストフードが人気になったかというと、ぐに思い付くことはグローバリゼーションである。今は、何でもどこでもあり、ファーストフードも他の商品と共に世界に広がる。そして宣伝はこの過程で非常に良く理由されるものである。
美味しくて手間がかからない、そしてより安いファーストフードが健康に良くないとか、たくさんの議論があるが、現在の発達した宣伝と配給方法によって世界に広がるファーストフードは世界の必然的な変化の印ではあるだろう。","「トルコは料理に一番たくさん時間を使っている国である」これをインターネットで「様々な国について知らなかった事実」というタイトルで見た。確かにトルコ料理が作るのが手間がかかるがこれは変わりつつある。実は、以前のトルコの台所を現在の台所と比べると社会の変化とこれによる生活習慣の変化も現れる。もちろん、これは多くの国で急速に起こっている変化だろう。
現在の多くの人は、前よりもっと外食をしている。特にファーストフードは作るのも食べるのもあまり時間がかからないから、消費される。
これには、様々な理由がある。その一つは、世界がより忙しくなったことだろう。社会が複雑になるにつれて人は農業か牧畜だけで済めなくなり、忙しくなった。もう一つの理由は、社会の中で女性の変化しつつある役割だろう。今は、もっと多くの女性は社会人になっており、家事だけをする役割ではない。これと前者の理由は、どうして外食が流行しているかの応答の二つである。しかし、どうして特にファーストフードが人気になったかというと、ぐに思い付くことはグローバリゼーションである。今は、何でもどこでもあり、ファーストフードも他の商品と共に世界に広がる。そして宣伝はこの過程で非常に良く理由されるものである。
美味しくて手間がかからない、そしてより安いファーストフードが健康に良くないとか、たくさんの議論があるが、現在の発達した宣伝と配給方法によって世界",81.0,advanced,16.0,323.0,20.1875,0.3869969040247678,21.0,632.0,33.0,29.0,144.0,55.0,2.918,2.443,3.826,3.708,2.858,2.745
300,300,300,TTR57,TUR,トルコ語,"食品は暮らし振りと密接な関係があります。近ごろ、食品の優先で、どんな仕事をしたり、どんな街に住んでいるすることは大事な影響を受けます。この作文では食品と暮らし振りの関係について説明します。最近ファーストフードは人気ですから、この作文で主に、ファストーフードと手料理を比べます。
手料理は体にいいですけど、たくさん時間がかかるので、時々家で料理作ることを優先しません。特に働いてる人だったら、少ない時間があって、料理作らないで住んでいます。特に会社から家に帰った時、疲れちゃって、あるコンビニへ行ってお弁当を買って食べて済む人が多いいだと思います。
それに、手料理の方が美味しいだと思います。自分が好きな作り方で料理を作って食べるは一番いいと思いますが、ファストーフードのような即席食品は時々もっと人気かもしれません。
その反面ファストーフドーのいい店があると思います。一つはファストーフードは本当に早く作られます。これはとても便利だと思います。特にアーバンライフだったら、時間がなかって、よくファストーフードを食べる人が多いと思います。しかし、医食同源のため一番良くないことはファストーフードかも知れません。他のいい店は手料理がつまらなくなった時、ファストーフードがどこでも見つけられます。それでファストーフードは人気かも知れません。
最後に、ファストーフードでも手料理でも良い点とよくない店がありますが、どっちのを優先することは人によって違います。しかし、アーバンライフで仕方がないですから、時々でもファストーフードを食べらなければならないかも知れません。","食品は暮らし振りと密接な関係があります。近ごろ、食品の優先で、どんな仕事をしたり、どんな街に住んでいるすることは大事な影響を受けます。この作文では食品と暮らし振りの関係について説明します。最近ファーストフードは人気ですから、この作文で主に、ファストーフードと手料理を比べます。
手料理は体にいいですけど、たくさん時間がかかるので、時々家で料理作ることを優先しません。特に働いてる人だったら、少ない時間があって、料理作らないで住んでいます。特に会社から家に帰った時、疲れちゃって、あるコンビニへ行ってお弁当を買って食べて済む人が多いいだと思います。
それに、手料理の方が美味しいだと思います。自分が好きな作り方で料理を作って食べるは一番いいと思いますが、ファストーフードのような即席食品は時々もっと人気かもしれません。
その反面ファストーフドーのいい店があると思います。一つはファストーフードは本当に早く作られます。これはとても便利だと思います。特にアーバンライフだったら、時間がなかって、よくファストーフードを食べる人が多いと思います。しかし、医食同源のため一番良くないことはファストーフードかも知れません。他のいい店は手料理がつまらなくなった時、ファストーフードがどこでも見つけられます。それでファストーフードは人気かも知れません。
最後に、ファストーフードでも手料理でも良い点とよくない店がありま",67.0,intermediate,18.0,326.0,18.11111111111111,0.401840490797546,25.0,679.0,29.0,19.0,155.0,44.0,2.872,2.395,3.711,3.618,2.698,2.635
301,301,301,VVN01,VNM,ベトナム語,"最近、ファストフードがいいか、ファミリフードがいいかという質問をよく聞く。それでは、ファストフードの利点と問題点というのはどのうような部分にあり、ファミリフードの利点と問題点というのはどのような部分にあるでしょうか？この作文では、その問題を調べたいと思う。
まず、ファストフードは早く、手軽なのです。どんな時でも食べたいと、ファストフード屋に行き、すぐ食べらる。それに、ファストフードは種類が多くある。たとえば、ハンバーガ、フライドチキン、ホットドック、ソフトドリンクなどある。それで、ファストフードを食べると飽きると感じない。一方、ファストフードは健康に悪いと言われる。なぜなら、ファストフードにはカロリーとコレステロールが多すぎるからだ。そのため、たくさん食べ、運動しないと、肥満になる恐れがある。
それに対して、ファミリフードはもっと美味しく、衛生的である。なぜかというと、ファミリフードを作る時、生の材料を選び、自分の口に合わせることができるからだ。それに、ファミリフードを作ると、もっと楽しく、家族の愛情を大切にする機会もある。しかし、ファミリフードは問題点もある。自分で作るので、時間をたくさんかかる。そのうえ、ファストフードよりもっと高いと思われる人もいる。
すなわち、急で、仕方がない場合に限り、ファストフードを食べる。その以外、できるなら、自分で作り、食べるほうがいいと思っている。それといっても、ファストフードを食べないわけではない。時々、ファストフードで外食すると、楽しい感じを与えることができる。","最近、ファストフードがいいか、ファミリフードがいいかという質問をよく聞く。それでは、ファストフードの利点と問題点というのはどのうような部分にあり、ファミリフードの利点と問題点というのはどのような部分にあるでしょうか？この作文では、その問題を調べたいと思う。
まず、ファストフードは早く、手軽なのです。どんな時でも食べたいと、ファストフード屋に行き、すぐ食べらる。それに、ファストフードは種類が多くある。たとえば、ハンバーガ、フライドチキン、ホットドック、ソフトドリンクなどある。それで、ファストフードを食べると飽きると感じない。一方、ファストフードは健康に悪いと言われる。なぜなら、ファストフードにはカロリーとコレステロールが多すぎるからだ。そのため、たくさん食べ、運動しないと、肥満になる恐れがある。
それに対して、ファミリフードはもっと美味しく、衛生的である。なぜかというと、ファミリフードを作る時、生の材料を選び、自分の口に合わせることができるからだ。それに、ファミリフードを作ると、もっと楽しく、家族の愛情を大切にする機会もある。しかし、ファミリフードは問題点もある。自分で作るので、時間をたくさんかかる。そのうえ、ファストフードよりもっと高いと思われる人もいる。
すなわち、急で、仕方がない場合に限り、ファストフードを食べる。その以外、できるなら、自分で作り、食べるほうがいいと思っている。",52.0,beginner,21.0,279.0,13.285714285714286,0.4372759856630824,22.0,660.0,21.0,16.0,134.0,34.0,2.088,1.678,2.72,2.695,2.083,1.977
302,302,302,VVN03,VNM,ベトナム語,"現代、外にファストフードの店が見えられるそうだ。会社や学校を出る時、すぐ朝ご飯や昼ごはんや晩ご飯を買えます。そして、家で食べることがだんだんすくなくなるくらいだ。
ファストフードについて、いい点が便利で作らないで、すぐ食べられることだ。それに、職場とか学校の近くにファストフードの店がたくさんあります。でも、その食べ物は蛋白質や脂肪が多いだから、心によくなくなる。また、普通食べる時、ガスがある飲み物を飲む人が大勢なので、肝臓にもよくなくなる。仮に、よく食べたら、お金がかかるそうです。
家族のご飯について、ファストフードほど早くなくて、便利じゃなくて、いい点がたくさんある。一番目、自分の味に合わせる料理を作られる。自分で栄養と食糧をバランスされる。ゆっくり食べるので、消化はよくなります。家族は集めて一緒に食べながら、話す。それで、ストレスは消される、働きや勉強をよくする。暮らしが楽しいと感じする。なお、家族の費用がよく減られる。それにもかかわらず、時間がよくかかるだろう。
ファストフードか家族のご飯か、いい点と悪い点がある。忙しい人に対して、ファストフードがいい選択だ。でも、時間があったら、自分の料理を楽しんだほうがいいである。それから、生活が富法になるそうだ。","現代、外にファストフードの店が見えられるそうだ。会社や学校を出る時、すぐ朝ご飯や昼ごはんや晩ご飯を買えます。そして、家で食べることがだんだんすくなくなるくらいだ。
ファストフードについて、いい点が便利で作らないで、すぐ食べられることだ。それに、職場とか学校の近くにファストフードの店がたくさんあります。でも、その食べ物は蛋白質や脂肪が多いだから、心によくなくなる。また、普通食べる時、ガスがある飲み物を飲む人が大勢なので、肝臓にもよくなくなる。仮に、よく食べたら、お金がかかるそうです。
家族のご飯について、ファストフードほど早くなくて、便利じゃなくて、いい点がたくさんある。一番目、自分の味に合わせる料理を作られる。自分で栄養と食糧をバランスされる。ゆっくり食べるので、消化はよくなります。家族は集めて一緒に食べながら、話す。それで、ストレスは消される、働きや勉強をよくする。暮らしが楽しいと感じする。なお、家族の費用がよく減られる。それにもかかわらず、時間がよくかかるだろう。
ファストフードか家族のご飯か、いい点と悪い点がある。忙しい人に対して、ファストフードがいい選択だ。でも、時間があったら、自分の料理を楽しんだほうがいいである。それから、生活が富法になるそうだ。",46.0,beginner,21.0,255.0,12.142857142857142,0.4784313725490196,20.0,537.0,15.0,16.0,126.0,39.0,2.914,2.446,4.101,3.939,2.91,2.816
303,303,303,VVN04,VNM,ベトナム語,"昔から花より団子ということわざをよく聞いている。現在まで、生活をますます発展して、人々はきれいなふくを着たがっているだけでなく、美味しい食べ物を食べたがっているが分かられます。それで、食べることが大切に見えられる。今、自宅で料理を作るの外に、お店や路で売られるファーストフードがある。だから、どのような食品は次のような長所と短所があるだろうか。これから、料理の命についていろいろな意見を考えようと思っている。
まず、ファーストフードは良い点と悪い点を持っているか。今日は、新興ものの、ファーストフードの人気が高まっていることが分かっている。ファーストフードを食べるのが楽しみになる子供から大人までの人々が大勢いる。なぜ彼らはファーストフードが大好きですか。いろいろなその良い点があると見えるからだ。例えば、ファーストフードは便利など、コンパクトなど良いサービスなど魅力的な味がある理由だと思っている。また、ファーストフードの店で、家族や友人のための理想的な場所は、一緒に来て、食べておしゃべってしているためだ。しかし、ファーストフードも悪い点である。多くの研究でファストフードは、肥満を引き起こす中毒性であると負の健康に影響を与えることができることを示している。したがって、より多くの、特に食品や脂っこい揚げ物、多くのファーストフードを食べてはいけないことを勧める。
次に、家で作る食べ物は良い点と悪い点がある。確かに、自家製の食品よりファストフードである。しかし、時間がかかって、忙しい生活のため、彼らはほとんど自宅で供給されない。代わりに、お店で食べに行く。
現在の健康が最も重要であると考えられる。そこで、我々はあなたの体に最適な食品や食事療法を選択する必要がある。家族の結束と感情的な助けをより有意義な人生のために家庭で調理すると思っている。","昔から花より団子ということわざをよく聞いている。現在まで、生活をますます発展して、人々はきれいなふくを着たがっているだけでなく、美味しい食べ物を食べたがっているが分かられます。それで、食べることが大切に見えられる。今、自宅で料理を作るの外に、お店や路で売られるファーストフードがある。だから、どのような食品は次のような長所と短所があるだろうか。これから、料理の命についていろいろな意見を考えようと思っている。
まず、ファーストフードは良い点と悪い点を持っているか。今日は、新興ものの、ファーストフードの人気が高まっていることが分かっている。ファーストフードを食べるのが楽しみになる子供から大人までの人々が大勢いる。なぜ彼らはファーストフードが大好きですか。いろいろなその良い点があると見えるからだ。例えば、ファーストフードは便利など、コンパクトなど良いサービスなど魅力的な味がある理由だと思っている。また、ファーストフードの店で、家族や友人のための理想的な場所は、一緒に来て、食べておしゃべってしているためだ。しかし、ファーストフードも悪い点である。多くの研究でファストフードは、肥満を引き起こす中毒性であると負の健康に影響を与えることができることを示している。したがって、より多くの、特に食品や脂っこい揚げ物、多くのファーストフードを食べてはいけないことを勧める。
次に、家で作る食べ物は良い点と悪",50.0,beginner,23.0,391.0,17.0,0.4117647058823529,28.0,775.0,49.0,30.0,179.0,64.0,2.787,2.405,3.81,3.716,2.804,2.693
304,304,304,VVN05,VNM,ベトナム語,"現代の社会の変化とともに、文化も多様に変わってきた。それはもちろん、食生活もバラエティーに富むになった。洋風か和風か中華か様々な種類が増えるのみならず、便利にもなった。インスタント食品、調理済みの食品、ファースト・フードなどの便利な食品のタイプもたくさんある。私たちは手軽に楽しめて食べられるようになった。だが、そのような食品は本当に最良のであろうか。それに、ホームクッキングとファースト・フードではどちらがいいか。
最近の経済を進歩するにしたがって、人間の生活はだんだん忙しくなってきて、自分の料理を作るのに、時間がない。そのため、ファースト・フードのような食品は忙しい現代人にとって確かに一番いい選びである。というのは、ファースト・フードの便利な点だからである。いつでも好きなときとか料理の時間がないときとか、簡単にそのような食品を食べることができる。料理を準備しないでも食べられるようになっている。しかし、便利さだけではなく、ファースト・フードは色々な問題も持ってきる。特に健康の問題である。ファースト・フードは油を作って揚げて、脂肪の多い食品である。このような食品をよく食べれば、栄養のバランスが不足になる。更に、賞味期限や食品添加物にも人間健康に悪い影響を与える能力は高い。
ホームクッキングはどうであろうか。ファースト・フードと比較してみて、ホームクッキングは料理するのがいつも時間かかると思われている。親戚が集まるときなど、人数が多いときの食事は簡単に短時間で準備ができるということではない。それにもかかわらず、準備の時間かけて味わうことで、家庭の暖かい気持ちを感じられる。それだけでなく、栄養のバランスをとることもできる。それはホームクッキングのいい点である。
現代の社会の変化につれて人間の食生活も大きく変わってきている。この問題は人によって、色々な意見がある。ファースト・フードもホームクッキングどちらでもいい点と悪い点を持ている。しかし、どんな食品が安全で、おいしいか自分に考える必要だと思われる。自分の健康は一番大切だからである。","現代の社会の変化とともに、文化も多様に変わってきた。それはもちろん、食生活もバラエティーに富むになった。洋風か和風か中華か様々な種類が増えるのみならず、便利にもなった。インスタント食品、調理済みの食品、ファースト・フードなどの便利な食品のタイプもたくさんある。私たちは手軽に楽しめて食べられるようになった。だが、そのような食品は本当に最良のであろうか。それに、ホームクッキングとファースト・フードではどちらがいいか。
最近の経済を進歩するにしたがって、人間の生活はだんだん忙しくなってきて、自分の料理を作るのに、時間がない。そのため、ファースト・フードのような食品は忙しい現代人にとって確かに一番いい選びである。というのは、ファースト・フードの便利な点だからである。いつでも好きなときとか料理の時間がないときとか、簡単にそのような食品を食べることができる。料理を準備しないでも食べられるようになっている。しかし、便利さだけではなく、ファースト・フードは色々な問題も持ってきる。特に健康の問題である。ファースト・フードは油を作って揚げて、脂肪の多い食品である。このような食品をよく食べれば、栄養のバランスが不足になる。更に、賞味期限や食品添加物にも人間健康に悪い影響を与える能力は高い。
ホームクッキングはどうであろうか。ファースト・フードと比較してみて、ホームクッキングは料理するのがいつも時間かかる",55.0,beginner,28.0,434.0,15.5,0.3594470046082949,30.0,877.0,44.0,33.0,137.0,86.0,2.518,2.083,3.307,3.211,2.487,2.397
305,305,305,VVN09,VNM,ベトナム語,"現代、人々は忙しいので、いろいろなことができません。それの中に、食事があります。最近、フャーストフードに人気が集まっています。また、多くの人は自分の料理を忘れてしまいます。フャーストフードと自分の料理は健康にとってどちらがいいですか。考えてみてください。
フャーストフードというのはＫＦＣやLOTERIAやハンバーガーなどです。人々は時間がかからなくてすぐ食べられます。忙しい人に向いていると思います。だから、それが便利になりました。毎日、多くの人はフャーストフードだけ食べます。フャーストフードの中グリースがたくさんあります。長い間に食べました後で健康に悪くなります。例えば、心臓病や肥満などです。
しかし、自分の料理も大切なものです。自分の料理は栄養がたりし、健康に安全です。上に、自分の料理は作る人の感情を持ちます。料理ができるために、時間も工夫もかかなければなりません。みんなは一緒に食べる時、人の関係が守られます。一週や一月に１回、自分で食事を作れば、時間は大丈夫だと思います。
生活の中に、フャーストフードも自分の料理も必要だと思います。バランスに食べられると、生活にも便利で、健康にもいいはずです。","現代、人々は忙しいので、いろいろなことができません。それの中に、食事があります。最近、フャーストフードに人気が集まっています。また、多くの人は自分の料理を忘れてしまいます。フャーストフードと自分の料理は健康にとってどちらがいいですか。考えてみてください。
フャーストフードというのはＫＦＣやLOTERIAやハンバーガーなどです。人々は時間がかからなくてすぐ食べられます。忙しい人に向いていると思います。だから、それが便利になりました。毎日、多くの人はフャーストフードだけ食べます。フャーストフードの中グリースがたくさんあります。長い間に食べました後で健康に悪くなります。例えば、心臓病や肥満などです。
しかし、自分の料理も大切なものです。自分の料理は栄養がたりし、健康に安全です。上に、自分の料理は作る人の感情を持ちます。料理ができるために、時間も工夫もかかなければなりません。みんなは一緒に食べる時、人の関係が守られます。一週や一月に１回、自分で食事を作れば、時間は大丈夫だと思います。
生活の中に、フャーストフードも自分の料理も必要だと思います。バランスに食べられると、生活にも便利で、健康にもいいはずです。",53.0,beginner,22.0,248.0,11.272727272727272,0.4193548387096774,21.0,506.0,19.0,9.0,97.0,45.0,2.692,2.177,3.408,3.287,2.566,2.515
306,306,306,VVN11,VNM,ベトナム語,"最近、ファーストフードという言葉がよく聞かれています。じゃ、この言葉は何ですか。
ファーストフードというのはラメンやフライドチキンやかんづめなどについて料理を話します。この言葉は英語の「fastfood」源泉があります。どうして、最近、人の多くはファーストフードを選びますが、料理を作りません。ファーストフードを聞くだけ、これの便利の点が見えます。多くの国にはファーストフードが塞がっています。どこでも、電話をかけるだけ、１５分の後、料理が持たれてきます。疲れた日なら、家へ帰るとき、自分で料理を作りたくないで、これが一流を選びます。ハンバーガー、ホットドッグ、サンドウィッチなど人はとても人気があります。特に、若い人です。なぜなら、ファーストフードはおいしくて、便利からです。暇取らないですぐに食べられます。
いい点の隣りには悪い点があります。ファーストフードをたくさん食べれば、太くなり、ファーストフードの中に栄養が少しので健康に悪いです。それに、ファーストフードは人に横着させて、自分で作りません。
ファーストフードは全部悪くない、時々、疲れた時や病気の時など、それはとても便利です。穏当に作るべき、健康にいい。","最近、ファーストフードという言葉がよく聞かれています。じゃ、この言葉は何ですか。
ファーストフードというのはラメンやフライドチキンやかんづめなどについて料理を話します。この言葉は英語の「fastfood」源泉があります。どうして、最近、人の多くはファーストフードを選びますが、料理を作りません。ファーストフードを聞くだけ、これの便利の点が見えます。多くの国にはファーストフードが塞がっています。どこでも、電話をかけるだけ、１５分の後、料理が持たれてきます。疲れた日なら、家へ帰るとき、自分で料理を作りたくないで、これが一流を選びます。ハンバーガー、ホットドッグ、サンドウィッチなど人はとても人気があります。特に、若い人です。なぜなら、ファーストフードはおいしくて、便利からです。暇取らないですぐに食べられます。
いい点の隣りには悪い点があります。ファーストフードをたくさん食べれば、太くなり、ファーストフードの中に栄養が少しので健康に悪いです。それに、ファーストフードは人に横着させて、自分で作りません。
ファーストフードは全部悪くない、時々、疲れた時や病気の時など、それはとても便利です。穏当に作るべき、健康にいい。",49.0,beginner,18.0,235.0,13.055555555555555,0.4553191489361702,21.0,509.0,10.0,2.0,105.0,27.0,2.818,2.372,3.813,3.759,2.814,2.68
307,307,307,VVN13,VNM,ベトナム語,"料理の生活は非常に多様である。「ファーストフードが好きですか、家庭料理がすきですか」とアンケットするができた。どちらも答えました。それを評価するとき、どうしても自己中心てきになった。
ファストフードが好きな人はファーストフードは時間の節約になり、家庭料理にも非常に時間がかかる。反対に、家庭料理は好き好きのある味ができる。その違いがある理由について少し考えてみよう。
家庭料理はファーストフードより衛生上好ましくない。さらに、ファーストフードは脂質がたくさんあるので、肥満やすい。このような結果はだれでも一度や二度はファーストフードを食べたほがいいでしょうか。","料理の生活は非常に多様である。「ファーストフードが好きですか、家庭料理がすきですか」とアンケットするができた。どちらも答えました。それを評価するとき、どうしても自己中心てきになった。
ファストフードが好きな人はファーストフードは時間の節約になり、家庭料理にも非常に時間がかかる。反対に、家庭料理は好き好きのある味ができる。その違いがある理由について少し考えてみよう。
家庭料理はファーストフードより衛生上好ましくない。さらに、ファーストフードは脂質がたくさんあるので、肥満やすい。このような結果はだれでも一度や二度はファーストフードを食べたほがいいでしょうか。",42.0,beginner,10.0,135.0,13.5,0.5555555555555556,11.0,280.0,10.0,11.0,57.0,28.0,3.435,2.94,3.918,3.907,3.311,3.235
308,308,308,VVN15,VNM,ベトナム語,"私としてファーストフードより、家で作られる食べ物を食べることが好きである。
ファーストフードは便利な点がいくつかある。スーパーやコンビニなど色々な所で販売されているから、どこでも簡単に手にいれることができる。残業している人や忙しい人にとって料理を作る時間があらないから、普通にファーストフードは良い選択であると思う。そして多くの種類のファーストフードもあるから、次から次へ新しい種類も選べられる。
ところが、ファーストフードは栄養の不足について問題もある。毎日ファーストフードを食べられば、確かにある日に健康について問題もあると思う。さらに、しばしばにファーストフードを食ている人は毎日家で作られる食べ物の香りや家族的な雰囲気を感じリ、思い出すことがあらないと考えられる。
と言うのは自宅から遠くに住んでいる人に「一番故郷の思い出すことは何です果」と聞くとき、「母によって、作られる料理です」と答えられることである。
なるほど。確かに、母によって、作られる料理を食べるとき、おいしい料理もいれば、おいしくない料理もいる。しかし毎本料理は料理に関する話がある。例えば、友達の家で料理お食べていくために誘われるとき、母によって、作られる料理と同じ料理を見ると、突然その香りを思い出す。
それに、ベトナムの伝統な食事には、家族はいっ緒にゆっくり食べ、仕事や子供の勉強など色々な話話し合う。食事を非常に楽しむ。
現代には生活がにぎやかで、忙しくになっテいる、家で作られる食べ物を食べることは大切にするものだと思う。確かに、これは家族の関係は深くなっていることだと思う。ですから、私はファーストフードより、家で作られる食べ物を食べることが好きである。","私としてファーストフードより、家で作られる食べ物を食べることが好きである。
ファーストフードは便利な点がいくつかある。スーパーやコンビニなど色々な所で販売されているから、どこでも簡単に手にいれることができる。残業している人や忙しい人にとって料理を作る時間があらないから、普通にファーストフードは良い選択であると思う。そして多くの種類のファーストフードもあるから、次から次へ新しい種類も選べられる。
ところが、ファーストフードは栄養の不足について問題もある。毎日ファーストフードを食べられば、確かにある日に健康について問題もあると思う。さらに、しばしばにファーストフードを食ている人は毎日家で作られる食べ物の香りや家族的な雰囲気を感じリ、思い出すことがあらないと考えられる。
と言うのは自宅から遠くに住んでいる人に「一番故郷の思い出すことは何です果」と聞くとき、「母によって、作られる料理です」と答えられることである。
なるほど。確かに、母によって、作られる料理を食べるとき、おいしい料理もいれば、おいしくない料理もいる。しかし毎本料理は料理に関する話がある。例えば、友達の家で料理お食べていくために誘われるとき、母によって、作られる料理と同じ料理を見ると、突然その香りを思い出す。
それに、ベトナムの伝統な食事には、家族はいっ緒にゆっくり食べ、仕事や子供の勉強など色々な話話し合う。食事を非常に楽しむ",50.0,beginner,18.0,355.0,19.72222222222222,0.3859154929577464,25.0,720.0,29.0,10.0,165.0,56.0,3.155,2.489,3.837,3.617,2.868,2.784
309,309,309,VVN17,VNM,ベトナム語,"ベトナムでは、ファーストフードが発展しています。店（KFC、ロッテリア、バーベキューは短所があります。てられています。このことについてなにを考えますか？家族の料理が変更していないかどうか？
ファーストフードは時間が少しかかる料理です。たとえばパン、餃子、揚げ鶏料理、これはサラリーマンと学生を適する食べ物です。しかし、それは短所があります。この食品はカロリーやコレステロールが多く含まれています。現在の肥満の原因は肥満率が増加しています。世界の多くの国で肥満率を上がっています。ベトナムでは、肥満率は急速に増加どうして。この中に２５齢から６４歳まで成人は16がいい。更に、デリ肉、ホットドッグ、ベーコン、ソーセーです。そのン、フライドチキンなど産業の食品はファーストフードに塩と保存料。使用されている。複数を使用したら、心臓、腎臓、動脈血圧は発生しやすいです。
では、どうして我々は自分で料理を作りますか？それは健康がいいと思ういます。私にとって自分で料理を作ることが好きです。この良い点：私は食べ物にカロリーやコレステロールを調査されます。ホームパーティーを行う時、自分で料理を作ることがいいです。しかし、欠点もあります。料理を調理するために、時間やお金がたくさんかかる。
私にとって、食事が大切だとおもいます。食べものを選ぶことが慎重べきです。","ベトナムでは、ファーストフードが発展しています。店（KFC、ロッテリア、バーベキューは短所があります。てられています。このことについてなにを考えますか？家族の料理が変更していないかどうか？
ファーストフードは時間が少しかかる料理です。たとえばパン、餃子、揚げ鶏料理、これはサラリーマンと学生を適する食べ物です。しかし、それは短所があります。この食品はカロリーやコレステロールが多く含まれています。現在の肥満の原因は肥満率が増加しています。世界の多くの国で肥満率を上がっています。ベトナムでは、肥満率は急速に増加どうして。この中に２５齢から６４歳まで成人は16がいい。更に、デリ肉、ホットドッグ、ベーコン、ソーセーです。そのン、フライドチキンなど産業の食品はファーストフードに塩と保存料。使用されている。複数を使用したら、心臓、腎臓、動脈血圧は発生しやすいです。
では、どうして我々は自分で料理を作りますか？それは健康がいいと思ういます。私にとって自分で料理を作ることが好きです。この良い点：私は食べ物にカロリーやコレステロールを調査されます。ホームパーティーを行う時、自分で料理を作ることがいいです。しかし、欠点もあります。料理を調理するために、時間やお金がたくさんかかる。
私にとって、食事が大切だとおもいます。食べものを選ぶことが慎重べきです。",48.0,beginner,26.0,277.0,10.653846153846152,0.4765342960288808,16.0,574.0,24.0,26.0,110.0,55.0,2.954,2.585,4.307,4.182,2.843,2.74
310,310,310,VVN19,VNM,ベトナム語,"最近ベトナムではファストフードが盛んになりました。どこでもファストフードがあります。世界で一番有名なファストフード店という「マクドナルド」もあります。
現在の生活は誰も忙しそうです。お母さんもＯＬですから、一日中会社で仕事をして、家へ帰った時子供たちをかまいました。だから、あまり料理を作る時間がありません。そんな時一番いい方法はファストフードや、惣菜や、冷凍食品や、インスタント食品など買います。とても速くて、簡単です。
ファストフードのいい点はいつでもどこでも買えます。買ったとき、すぐ食べられます。とても便利です。その上、食べ物も豊富して、世界中の飲食を買えますね。そして、子供たちでも作れます。電子レンジに入れて、ボタンを押します。それだけ、終わりです。
でも、ファストフードは栄養がありません。画毒がたくさんあります。そして、たくさんの病気になりやすいです。普通は健康に悪い物はいつも美味しいですね。
私もファストフードがとても大好きです。時々マクでハンバーガーを買って、食べます。ハンバーガーとフライポテトが一番大好きです。私は買うたびに、母に「そんな食べ物はてべちゃだめよ」と言われました。
若い人にとって、自分で作るのは複雑です。料理の本を読むのに、あまり分かります。作り方は難しいと思いました。
しかし、自分で作るのは貯金できますよ。その上、毎日練習と、作り方がだんだん上手になります。特に女の人は料理が作られる事はとても大切です。母は「私の幸せは、私の料理を食べて、みんなに笑顔を表せるときです。」と言いました。
私はファストフードが大好きですが、母から料理を勉強します。今ベトナムの簡単な料理が作られました。とても嬉しかったです。将来、結婚をするとき、毎日毎日家で料理を作ります。私は母のような考えがありますので、みんなの笑顔を見ると、幸せです。","最近ベトナムではファストフードが盛んになりました。どこでもファストフードがあります。世界で一番有名なファストフード店という「マクドナルド」もあります。
現在の生活は誰も忙しそうです。お母さんもＯＬですから、一日中会社で仕事をして、家へ帰った時子供たちをかまいました。だから、あまり料理を作る時間がありません。そんな時一番いい方法はファストフードや、惣菜や、冷凍食品や、インスタント食品など買います。とても速くて、簡単です。
ファストフードのいい点はいつでもどこでも買えます。買ったとき、すぐ食べられます。とても便利です。その上、食べ物も豊富して、世界中の飲食を買えますね。そして、子供たちでも作れます。電子レンジに入れて、ボタンを押します。それだけ、終わりです。
でも、ファストフードは栄養がありません。画毒がたくさんあります。そして、たくさんの病気になりやすいです。普通は健康に悪い物はいつも美味しいですね。
私もファストフードがとても大好きです。時々マクでハンバーガーを買って、食べます。ハンバーガーとフライポテトが一番大好きです。私は買うたびに、母に「そんな食べ物はてべちゃだめよ」と言われました。
若い人にとって、自分で作るのは複雑です。料理の本を読むのに、あまり分かります。作り方は難しいと思いました。
しかし、自分で作るのは貯金できますよ。その上、毎日練習と、作り方がだんだん上手になりま",55.0,beginner,36.0,372.0,10.333333333333334,0.4166666666666667,22.0,784.0,25.0,9.0,149.0,55.0,2.741,2.184,3.806,3.638,2.553,2.464
311,311,311,VVN20,VNM,ベトナム語,人間なら、食事はとても大切なことです。私たちは家で食べることができるし、また、道路上のファーストフードを食べて準備ができて販売することができます。それぞれに良い点と悪い点があります。家で食べることは安全で、さらに、非常に安い価格です。家で、快適な空間で、彼らが何を好きな料理を調理することができます。感情的な圧倒的な、家族や友人を集めることができます。しかし、事は、彼らは、きれいな食器を洗うのすべてを準備する必要が家にいます。ファーストフードは、高速でコンパクトな、ありません質問し、食品の安全性を確保。故郷の価格が非常にあるよりも高価です。生徒や学生のために、主に外食している。大人でも自宅で食べるのが楽しみと、静かではあります。私は楽しんだので、私は家で食べるのが好きです。でも、家で料理をすることもは難しいですので、知っている人は少しです。外にたべにいく人が多いです。町では、レストランとか食べ店がたくさんあって、おいしい料理もたくさんあるですので、外で食べる人は家でたべるひとよりです。私はときどき友達と一緒に家で美味しい料理がたくさんをします。とても楽しいかったです。できれば、いえで食べましょ。,人間なら、食事はとても大切なことです。私たちは家で食べることができるし、また、道路上のファーストフードを食べて準備ができて販売することができます。それぞれに良い点と悪い点があります。家で食べることは安全で、さらに、非常に安い価格です。家で、快適な空間で、彼らが何を好きな料理を調理することができます。感情的な圧倒的な、家族や友人を集めることができます。しかし、事は、彼らは、きれいな食器を洗うのすべてを準備する必要が家にいます。ファーストフードは、高速でコンパクトな、ありません質問し、食品の安全性を確保。故郷の価格が非常にあるよりも高価です。生徒や学生のために、主に外食している。大人でも自宅で食べるのが楽しみと、静かではあります。私は楽しんだので、私は家で食べるのが好きです。でも、家で料理をすることもは難しいですので、知っている人は少しです。外にたべにいく人が多いです。町では、レストランとか食べ店がたくさんあって、おいしい料理もたくさんあるですので、外で食べる人は家でたべるひとよりです。私はときどき友達と一緒に家で美味しい料理がたくさんをします。とても楽しいかったです。できれば、いえで食べましょ。,52.0,beginner,18.0,270.0,15.0,0.4037037037037037,12.0,504.0,22.0,11.0,117.0,51.0,3.023,2.608,4.443,4.348,2.902,2.833
312,312,312,VVN25,VNM,ベトナム語,"最近生活にはファーストフードという言葉がよく言われている。ファーストフードは何でしょか。
ファーストフードとは英語の「fast food」からきたカタカナ語で、意味も英語と同じく「注文して待たずに食べられ、持ち帰りも可能な食品」である。
20世紀初アジアに登場したところがファーストフードを売る店が特に発達しています。どうこいってもファーストフードを売る店も見える。たとえばKFC店とか、LOTTERIAとか、hamburging店などです。
ファーストフードの主なものには、ハンバーガー、ホットドッグ、牛丼などの丼物、サンドウィッチなどがある。ファーストフードを売る店の中に客がいつもいっぱいいます。若い者が半分に占める。理由はファーストフードはおいしいし、安いし、便利でと答えました。その上時間がないときファーストフードの店では、待たされることもなく、すぐに暖かいものが食べられます。ですが、ファーストフードには資質が多いので食べすぎと太くなって、健康に悪いです。その上、その中に野菜がすくないし栄養もあまりありません。好きな味もたべられません。
一方、家族で作る料理は米とか野菜から使います。栄養はファーストフードより家族の料理のほが多いです。自分つくりで衛生的で、好きな味に調理ができる。また家族の料理は野菜のほが多いので消化が安い。家族の料理の価格ももっと安いので節約ができる。ですが欠点はまた時間がかかります。
私は家族の料理のほが好きです。しかし、じかんがないとファーストフードが一番に選びました。","最近生活にはファーストフードという言葉がよく言われている。ファーストフードは何でしょか。
ファーストフードとは英語の「fast food」からきたカタカナ語で、意味も英語と同じく「注文して待たずに食べられ、持ち帰りも可能な食品」である。
20世紀初アジアに登場したところがファーストフードを売る店が特に発達しています。どうこいってもファーストフードを売る店も見える。たとえばKFC店とか、LOTTERIAとか、hamburging店などです。
ファーストフードの主なものには、ハンバーガー、ホットドッグ、牛丼などの丼物、サンドウィッチなどがある。ファーストフードを売る店の中に客がいつもいっぱいいます。若い者が半分に占める。理由はファーストフードはおいしいし、安いし、便利でと答えました。その上時間がないときファーストフードの店では、待たされることもなく、すぐに暖かいものが食べられます。ですが、ファーストフードには資質が多いので食べすぎと太くなって、健康に悪いです。その上、その中に野菜がすくないし栄養もあまりありません。好きな味もたべられません。
一方、家族で作る料理は米とか野菜から使います。栄養はファーストフードより家族の料理のほが多いです。自分つくりで衛生的で、好きな味に調理ができる。また家族の料理は野菜のほが多いので消化が安い。家族の料理の価格ももっと安いので節約ができる。ですが欠点は",47.0,beginner,22.0,319.0,14.5,0.4294670846394984,23.0,656.0,15.0,19.0,128.0,51.0,2.905,2.398,3.68,3.627,2.804,2.743
313,313,313,VVN28,VNM,ベトナム語,"日常生活の中で、私たちはたいしてファーストフードと自分の料理を作ることを食べています。食べたとき、あなたは違い点が見つけますか？しかし、私にとって、違い点があると思っています。
英語でファーストフードというのはfast foodです。現在、ファーストフードの売買はすぐ発展しています。短い時間にいろいろな所に多い店が建てられます。大きいグリース量に使用するため、ファーストフードが便利でも、太くになっていると思います。また、家族の料理は米とか野菜から使います。グリース量が少し広いです。それは健康にいいと思われます。毎日料理を作ること、私たちはたいてでて、蒸します。太い質が下げています。ベトナム人の服飾は新鮮な野菜やキュウリやしょう油などデス。身体にリタミンと栄養を取っています。その上、自分で好きな料理を作でれて健康によくになっています。
ファーストフードの利点は食事を作るための時間がかかりません。それは本当に大勢人を適すると思います。ですが、ファーストフードは短所があります。たとえば、肥満の原因になって、健康を影響します。
それで、あなたは自分で料理を調理する必要があり、家族の健康がいいと見ています。私は人々によって選ばれる料理が違うと思います。","日常生活の中で、私たちはたいしてファーストフードと自分の料理を作ることを食べています。食べたとき、あなたは違い点が見つけますか？しかし、私にとって、違い点があると思っています。
英語でファーストフードというのはfast foodです。現在、ファーストフードの売買はすぐ発展しています。短い時間にいろいろな所に多い店が建てられます。大きいグリース量に使用するため、ファーストフードが便利でも、太くになっていると思います。また、家族の料理は米とか野菜から使います。グリース量が少し広いです。それは健康にいいと思われます。毎日料理を作ること、私たちはたいてでて、蒸します。太い質が下げています。ベトナム人の服飾は新鮮な野菜やキュウリやしょう油などデス。身体にリタミンと栄養を取っています。その上、自分で好きな料理を作でれて健康によくになっています。
ファーストフードの利点は食事を作るための時間がかかりません。それは本当に大勢人を適すると思います。ですが、ファーストフードは短所があります。たとえば、肥満の原因になって、健康を影響します。
それで、あなたは自分で料理を調理する必要があり、家族の健康がいいと見ています。私は人々によって選ばれる料理が違うと思います。",37.0,beginner,21.0,270.0,12.857142857142858,0.437037037037037,22.0,529.0,19.0,15.0,112.0,47.0,3.417,2.955,4.571,4.473,3.326,3.224
314,314,314,VVN30,VNM,ベトナム語,"現在、社会が発展するようになっている。人々の生活も発展するようになっている。したがって、飲食のことも豊富になっている。食べることは生活に不可欠なことである。ファーストフードと家で作る料理は飲食の二つの種類である。
たれでも一度や二度はファーストフードを食べることがあるたろう。ファーストフードが大好きな人もいるかもしれない。世界中で食べられている。種類はいろいろある。例えば、ハンバーガー、フライドチキン、サンドイッチなどです。料理を作れない人はよくファーストフードを選ぶ。どうしてかというと、ファーストフードは便利からである。おいしくて、忙しい時、買って、すぐ食べられる。いろいろな味があるし、安いので人気がある。しかし、ファーストフードは栄養があまりない。油や添加物などがたくさんあるから、毎日食べていると、太くなる。健康に悪い影響がある。
その反面、家で作る料理は健康にいい影響がある。自分で原料を買うから、いい原料を選んで、買える。自分で料理を作るのを楽しみである。家族と一緒に食べながら一日中のことについて話せる。いろいろな料理を作れる。日とともに変化できる。今日は魚を食べた。明日は牛肉を食べられる。毎日新しいメニューがある。毎日いちばやスバに行って、原料を選んで、家で料理を作るのは大変であっても、家族のメンバーがおいしく食べるのを見えると、幸せと感じる。
つまり、ファーストフードであっても、家で作る料理あっても、二つは飲食の生活の部分である。飲食の生活はとても豊かである。機会があれば、こころみてください。","現在、社会が発展するようになっている。人々の生活も発展するようになっている。したがって、飲食のことも豊富になっている。食べることは生活に不可欠なことである。ファーストフードと家で作る料理は飲食の二つの種類である。
たれでも一度や二度はファーストフードを食べることがあるたろう。ファーストフードが大好きな人もいるかもしれない。世界中で食べられている。種類はいろいろある。例えば、ハンバーガー、フライドチキン、サンドイッチなどです。料理を作れない人はよくファーストフードを選ぶ。どうしてかというと、ファーストフードは便利からである。おいしくて、忙しい時、買って、すぐ食べられる。いろいろな味があるし、安いので人気がある。しかし、ファーストフードは栄養があまりない。油や添加物などがたくさんあるから、毎日食べていると、太くなる。健康に悪い影響がある。
その反面、家で作る料理は健康にいい影響がある。自分で原料を買うから、いい原料を選んで、買える。自分で料理を作るのを楽しみである。家族と一緒に食べながら一日中のことについて話せる。いろいろな料理を作れる。日とともに変化できる。今日は魚を食べた。明日は牛肉を食べられる。毎日新しいメニューがある。毎日いちばやスバに行って、原料を選んで、家で料理を作るのは大変であっても、家族のメンバーがおいしく食べるのを見えると、幸せと感じる。
つまり、ファーストフードであ",50.0,beginner,30.0,322.0,10.733333333333333,0.3850931677018633,21.0,662.0,14.0,24.0,138.0,59.0,2.278,1.929,3.212,3.079,2.289,2.223
315,315,315,VVN31,VNM,ベトナム語,"私たちは生まれてから、両親が作る料理をずっと食べる。そして、結婚してから、両親だけではなく、夫または妻が作る料理を食べる。しかし、私たち（特に子供と働く人）は他の一つの料理を毎日ほどよく食べる。それはファストフードである。そのため、家庭の料理でもファストフードでも、私たちの人生にとって必要であるが、どちらのほうがいいであろうか？
まず、ファストフードという。ファストフードは暇な時間があまりない人のため作られるという料理である。なぜなら、短時間で作られるからである。客さんは注文してから、すぐに料理が取れて、手軽に食べられる。店で食べても10分ぐらいかかるだけである。安くて、美味しくて、短時間で買えて食べられるのがファストフードの利点である。しかし、欠点もある。それは、栄養があまりなくて、カロリーが高いすぎだから、体によくない。なぜならファストフードが肥満の原因だからである。
つぎは、家庭の料理という。利点は美味しくて、栄養があって、体によいことである。欠点は暇な時間がないと、作られない。なぜなら、料理が作りたい時、スパへ原料を買いに行って、材料を準備して、料理を作って、時間がよくかかるからである。それに、料理を作り方をわからないと、作れない。
ファストフードと家庭の料理の最大違い点は時間である。私たちの食生活が結婚している生活みたいである。料理が人になったら、ファストフードが恋人で、家庭の料理が妻である。恋人がいつも魅力があって、会いたいと会いに行って、会いたくないと会いに行かない。自分を楽しくするが、恋が深くなくて、お金のほうが大切である。妻に毎日会わなければならないからつまらなくなる。しかし妻がいつまでも家で私たちを待って、恋が深くて温かくて、お金がいらない。恋人のように、ファストフードは美味しくて、いつでも食べられるが、栄養がない。妻のような家庭の料理は温かく食べられて、美味しくて、栄養ども高い。
ファストフードは何万客さんのために作られるが、家庭の料理は一人、二人だけのために作られる。ファストフードより家庭の料理に愛がいっぱいある。家庭料理を食べるとき、料理を食べるだけではない、頑張って作る人の愛と能力も感じる。仕事から疲れて戻ると、栄養があって、愛がいっぱいあって、温かい料理を食べるのは最高であろう。その点はファストフードが比べられない。","私たちは生まれてから、両親が作る料理をずっと食べる。そして、結婚してから、両親だけではなく、夫または妻が作る料理を食べる。しかし、私たち（特に子供と働く人）は他の一つの料理を毎日ほどよく食べる。それはファストフードである。そのため、家庭の料理でもファストフードでも、私たちの人生にとって必要であるが、どちらのほうがいいであろうか？
まず、ファストフードという。ファストフードは暇な時間があまりない人のため作られるという料理である。なぜなら、短時間で作られるからである。客さんは注文してから、すぐに料理が取れて、手軽に食べられる。店で食べても10分ぐらいかかるだけである。安くて、美味しくて、短時間で買えて食べられるのがファストフードの利点である。しかし、欠点もある。それは、栄養があまりなくて、カロリーが高いすぎだから、体によくない。なぜならファストフードが肥満の原因だからである。
つぎは、家庭の料理という。利点は美味しくて、栄養があって、体によいことである。欠点は暇な時間がないと、作られない。なぜなら、料理が作りたい時、スパへ原料を買いに行って、材料を準備して、料理を作って、時間がよくかかるからである。それに、料理を作り方をわからないと、作れない。
ファストフードと家庭の料理の最大違い点は時間である。私たちの食生活が結婚している生活みたいである。料理が人になったら、ファストフードが恋人で、",63.0,intermediate,33.0,503.0,15.242424242424242,0.2922465208747515,25.0,990.0,35.0,14.0,228.0,77.0,2.59,2.085,3.307,3.156,2.489,2.394
316,316,316,VVN32,VNM,ベトナム語,"家族と食事することに変わって、我々はよくケンタッキーフライドチキンやロッテリアやマクドナルドなどのようなファーストフード店へ食べに行きます。なぜなら、たぶん一番普及な理由は時間がないだからでしょう。人によって、このことに対して意見が違います。どちらでも、いい点も良くない点もあります。
私は誰でも家族と一緒に食事をすることはとても大好きだと思います。家には自分で好きな料理を作って、家族と食事することはとてもいい気持ちです。最も大切な点は、料理の栄養のバランスのが保障されます。また、私たちは材料の出所とか処理方法とかはっきり知ります。一般には、家で食事する時に、家族の雰囲気を感じながら、好きな料理を食べます。しかし、多忙すぎ人にとって、時間があまりありませんので、そういうことをやりにくいです。
その反面には、ファーストフード店へ食べに行く時に、本当に時間があまりかからないです。特に、ほとんどの事務局員とか学生とかにとって、昼食の時間が少しいので（30分〜60分）、最良の選択のはファーストフード店だと思われます。我々は食べながら勉強して、食べながら仕事をします。しかし、便利な点はあることがあるが良くない点も多いです。例は、ファーストフードが健康に良くないを受けると言われます。その上で、ベトナムのように開発中国々では、ファーストフードの値段が安くないと思われます。
国々によって、飲食生活についていろいろな観念があります。現代生活の中で、ファーストフードがあるのに、ぜひに自国の飲食の特徴を知らなければなりません。できたら、家族と食事してください。私にとって、飲食生活は国の文化の特徴です。","家族と食事することに変わって、我々はよくケンタッキーフライドチキンやロッテリアやマクドナルドなどのようなファーストフード店へ食べに行きます。なぜなら、たぶん一番普及な理由は時間がないだからでしょう。人によって、このことに対して意見が違います。どちらでも、いい点も良くない点もあります。
私は誰でも家族と一緒に食事をすることはとても大好きだと思います。家には自分で好きな料理を作って、家族と食事することはとてもいい気持ちです。最も大切な点は、料理の栄養のバランスのが保障されます。また、私たちは材料の出所とか処理方法とかはっきり知ります。一般には、家で食事する時に、家族の雰囲気を感じながら、好きな料理を食べます。しかし、多忙すぎ人にとって、時間があまりありませんので、そういうことをやりにくいです。
その反面には、ファーストフード店へ食べに行く時に、本当に時間があまりかからないです。特に、ほとんどの事務局員とか学生とかにとって、昼食の時間が少しいので（30分〜60分）、最良の選択のはファーストフード店だと思われます。我々は食べながら勉強して、食べながら仕事をします。しかし、便利な点はあることがあるが良くない点も多いです。例は、ファーストフードが健康に良くないを受けると言われます。その上で、ベトナムのように開発中国々では、ファーストフードの値段が安くないと思われます。
国々によって、飲食生活に",66.0,intermediate,20.0,343.0,17.15,0.4198250728862974,19.0,700.0,25.0,20.0,133.0,66.0,2.911,2.372,3.65,3.475,2.791,2.682
317,317,317,VVN33,VNM,ベトナム語,"最近、ファストフード店が段々増えてきた。時間がない人はその店に人気があるようになるそうだ。そのため、家族と一緒に料理を作って、食べるチャンスが減ってきた。ファストフードと家庭の料理はどちらも弱い点と強い点があると思う。
まず、時間が無い、いつも忙しい人にとって料理を作る事は面倒臭く、よく時間がかかるから、ファストフードは優先な選択になると思う。
しかし、その人は頑張って、料理を作るようにすれば、あまりお金がかからないと思う。調査にようると、週に2日、夕食を家で作るようにすると、年間2200ドル以上が節約ができることになるという事です。
その上、外でファストフードを食べに行く代わりに、家族みんなで料理を作って、一緒に食べる事は家族のメンバーは親しくらるかもしれないと思う。
したがって、ファストフードと家庭の料理はどちらも長短がある。家族と友好関係を保つために、時間があれば、できるだけみんなと一緒にご飯を作って、食べて欲しいです。","最近、ファストフード店が段々増えてきた。時間がない人はその店に人気があるようになるそうだ。そのため、家族と一緒に料理を作って、食べるチャンスが減ってきた。ファストフードと家庭の料理はどちらも弱い点と強い点があると思う。
まず、時間が無い、いつも忙しい人にとって料理を作る事は面倒臭く、よく時間がかかるから、ファストフードは優先な選択になると思う。
しかし、その人は頑張って、料理を作るようにすれば、あまりお金がかからないと思う。調査にようると、週に2日、夕食を家で作るようにすると、年間2200ドル以上が節約ができることになるという事です。
その上、外でファストフードを食べに行く代わりに、家族みんなで料理を作って、一緒に食べる事は家族のメンバーは親しくらるかもしれないと思う。
したがって、ファストフードと家庭の料理はどちらも長短がある。家族と友好関係を保つために、時間があれば、できるだけみんなと一緒にご飯を作って、食べて欲しいです。",60.0,intermediate,10.0,211.0,21.1,0.4454976303317535,16.0,419.0,17.0,9.0,97.0,40.0,2.706,2.194,3.306,3.187,2.616,2.564
318,318,318,VVN35,VNM,ベトナム語,"現代、社会がだんだん発展すると、私たちの食生活はバラエティーに富むようになったと言われる。多くの料理は洋食屋中華や家庭での料理なども豊かになる。ベトナムの大都市ではPHOやHUTIEUやBANHXEOなどべ卜ナムの店の外に、中国料理、フランス料理をはじめ、イタリア、ドイツ、タイ、インドなど各国料理の店もよく見られるようになった。そのほかにはファースト・フードを売っている店もだんだん増えている。
生活の中でもよく利用されるようになったファースト・フードです。なぜならこれら食品を使えば、おいしいくて便利からである。料理の時間がない時でも子供でも簡単に食べられる。食事の準備のために長い時間がかかない。学校給食の影響もあって、パンが広く食べられるようになる。現代では年齢にかかわりなく利用される。しかし、ファースト・フードは栄養が不足するという意見がある。ファースト・フードは油を多く使っている。また、カロリーが高いため、安心して食べられるものとはいいがたい。
その逆に、家庭での料理は多くの野菜や肉など取るようにして、栄養がバランスのいい。安全性にも注意を向けない。食品の材料だけでなく、食品添加ぷつにも関心を持たないようだ。でも、安全で家庭料理は忙しい現代人にとってちょっと大変だ。食事の準備のために長い時間がかかなければならない。
このように、社会の変化につれて食生活も大きく変わってきているのである。いつもファースト・フードだけで食事を済ませてしまうのは良くないが、栄養のバランスのいい食事を心がかければ、それほど問題はないだろう。健康のために、冷静に食生活を考える必要があると思う。","現代、社会がだんだん発展すると、私たちの食生活はバラエティーに富むようになったと言われる。多くの料理は洋食屋中華や家庭での料理なども豊かになる。ベトナムの大都市ではPHOやHUTIEUやBANHXEOなどべ卜ナムの店の外に、中国料理、フランス料理をはじめ、イタリア、ドイツ、タイ、インドなど各国料理の店もよく見られるようになった。そのほかにはファースト・フードを売っている店もだんだん増えている。
生活の中でもよく利用されるようになったファースト・フードです。なぜならこれら食品を使えば、おいしいくて便利からである。料理の時間がない時でも子供でも簡単に食べられる。食事の準備のために長い時間がかかない。学校給食の影響もあって、パンが広く食べられるようになる。現代では年齢にかかわりなく利用される。しかし、ファースト・フードは栄養が不足するという意見がある。ファースト・フードは油を多く使っている。また、カロリーが高いため、安心して食べられるものとはいいがたい。
その逆に、家庭での料理は多くの野菜や肉など取るようにして、栄養がバランスのいい。安全性にも注意を向けない。食品の材料だけでなく、食品添加ぷつにも関心を持たないようだ。でも、安全で家庭料理は忙しい現代人にとってちょっと大変だ。食事の準備のために長い時間がかかなければならない。
このように、社会の変化につれて食生活も大きく変わってきているの",49.0,beginner,21.0,349.0,16.61904761904762,0.4297994269340974,26.0,696.0,31.0,20.0,125.0,69.0,2.775,2.416,3.492,3.457,2.778,2.681
319,319,319,VVN37,VNM,ベトナム語,"現在、社会はますます発展している。民族の生活も徐々に改善されている。それで、皆は忙しくなっているし、家族ための時間はあまりない。したがって、ファーストフードは次第に家族の料理を替えていると思われている。
ファーストフードはアメリカから始めた。その食品は忙しい人を食べるためである。だが、ファーストフードは徐々に多くの人に人気がある食品になっている。特に、子供と若者はそれが大好きだと思われている。だから、家族の食事は徐々に疎かしているし、いくつか子供と若者が家族の食事を食べたくなく、ファーストフードを食べたいだけである。というのは、ファーストフードはとても便利で、安くて、時間の節約するし、家にいると、電話をかけて、出前を頼むが、家族の食事を作るのは時間がかかると考えている。しかし、ファーストフードを食べている人は体にファーストフードの危機を知らないと思う。ファーストフードの中にコレステロールがたくさんあるし、野菜がないし、何度も使っている油を使っているし、あんだぎな油で炒める。だから、健康に悪いと思う。その食品をよく食べると、肥満になるし、心臓病など心臓に関して病気になるし、消化を妨げると思われている。特に、胃癌になるし、直腸癌になると考えている。お年をとる人は体と健康に悪いと考えているが、父母はそういうを考えない。毎朝、母は子供にハンバーガーをよく買っている。なぜなら、いくつか母はその食品は便利で、安いからだと思われる。逆に、祖父はそれが好きではなくて、子供に家族の食品を食べたい。家族の料理は健康によくて、十分な栄養があるし、蛋白質やでん粉や野菜などあるからだ。それに、通常食事は２０分ぐらいかかり、その中に野菜や肉や魚など栄養がよくあるからだが、ファーストフードを食べると、５、１０分ぐらいかかり、その中に肉だけあり、他の物がないからである。そのため、ファーストフードは体によくないと思われる。さらに、家で食事を食べる時、家族の皆と一緒に食べ、話し、皆は幸福と感じるし、一日中働いて疲れるのが消えると思われている。そのことは家族の食事の神聖な意味を表す。
ファーストフードは便利だが、家族の食べ物は神聖な意味を持っている。そのため、そのイメージを保管するし、生かすべきである。","現在、社会はますます発展している。民族の生活も徐々に改善されている。それで、皆は忙しくなっているし、家族ための時間はあまりない。したがって、ファーストフードは次第に家族の料理を替えていると思われている。
ファーストフードはアメリカから始めた。その食品は忙しい人を食べるためである。だが、ファーストフードは徐々に多くの人に人気がある食品になっている。特に、子供と若者はそれが大好きだと思われている。だから、家族の食事は徐々に疎かしているし、いくつか子供と若者が家族の食事を食べたくなく、ファーストフードを食べたいだけである。というのは、ファーストフードはとても便利で、安くて、時間の節約するし、家にいると、電話をかけて、出前を頼むが、家族の食事を作るのは時間がかかると考えている。しかし、ファーストフードを食べている人は体にファーストフードの危機を知らないと思う。ファーストフードの中にコレステロールがたくさんあるし、野菜がないし、何度も使っている油を使っているし、あんだぎな油で炒める。だから、健康に悪いと思う。その食品をよく食べると、肥満になるし、心臓病など心臓に関して病気になるし、消化を妨げると思われている。特に、胃癌になるし、直腸癌になると考えている。お年をとる人は体と健康に悪いと考えているが、父母はそういうを考えない。毎朝、母は子供にハンバーガーをよく買っている。なぜなら、いくつか母はそ",50.0,beginner,26.0,501.0,19.26923076923077,0.311377245508982,30.0,949.0,28.0,33.0,201.0,77.0,2.504,2.125,3.442,3.309,2.532,2.359
320,320,320,VVN39,VNM,ベトナム語,"食べ物は人間の毎日の生活に非常に大切なのもである。現在はうちで作る料理以外にファストフードも人気になってきた。どちらもいい点がある。しかし、不便でよくない点がないわけではないである。次、うちで自分で作る料理とファストフードを比較する。
まず、うちで作る料理について話す。自分で作る料理は営養が十分である。それに、料理の新鮮さや品質もわがれる。ところが、自分で料理を作るのは時間がたくさん時間がかかります。現代には仕事で料理を作る時間がない人が少なくないである。また、時々、自分で作る料理の味はよくないことがあります。だらか、うちでの料理が食べたっくなくなることも多いです。
次は、ファストフードについて話します。ファストフードは毎日の食べ物を豊富させた。最近ファストフードは若い人にだけでなく誰でもに人気になってきた。おいしくて値段が高くない、とても便利だからです。時間がないとき、お客さんが急に来たときなどファストフードを食べたらべんりです。しかし、それらには営養が少なくて体によくない添加物がいっぱいある。それに、ファストフードに脂肪が多いのでよく食べると太くなれます。
上を見ると、うちで自分で作る料理とファストフードはどちらがいい点と不便な点がある。それで自分で作る料理とファストフードをバランスに食べるのは一番大切です。","食べ物は人間の毎日の生活に非常に大切なのもである。現在はうちで作る料理以外にファストフードも人気になってきた。どちらもいい点がある。しかし、不便でよくない点がないわけではないである。次、うちで自分で作る料理とファストフードを比較する。
まず、うちで作る料理について話す。自分で作る料理は営養が十分である。それに、料理の新鮮さや品質もわがれる。ところが、自分で料理を作るのは時間がたくさん時間がかかります。現代には仕事で料理を作る時間がない人が少なくないである。また、時々、自分で作る料理の味はよくないことがあります。だらか、うちでの料理が食べたっくなくなることも多いです。
次は、ファストフードについて話します。ファストフードは毎日の食べ物を豊富させた。最近ファストフードは若い人にだけでなく誰でもに人気になってきた。おいしくて値段が高くない、とても便利だからです。時間がないとき、お客さんが急に来たときなどファストフードを食べたらべんりです。しかし、それらには営養が少なくて体によくない添加物がいっぱいある。それに、ファストフードに脂肪が多いのでよく食べると太くなれます。
上を見ると、うちで自分で作る料理とファストフードはどちらがいい点と不便な点がある。それで自分で作る料理とファストフードをバランスに食べるのは一番大切です。",55.0,beginner,21.0,292.0,13.904761904761903,0.3561643835616438,14.0,565.0,19.0,9.0,127.0,53.0,2.605,2.142,3.043,3.007,2.579,2.528
321,321,321,VVN41,VNM,ベトナム語,"今はベトナムでだけではなくて、世界の各国はいろいろなファーストフード店があります。世界中あちらこちらにファーストフード店が見えます。例えばLotteria、KFC、McDonald's、Popeyes。ファストフードは、どこから来て？誰が作り？何が入っていて？それを食べ続けるとどうなるのか？健康か不健康か？人々はそれについて深く考えようとはしない。
工業化の時代と伴う、人々は手料理がだんだん少なくなっています。その代わりに、食生活はファーストフードを中心になっています。値段は手ごろ、種類も多いので、ファーストフードは大変人気が集まっています。ファーストフードは、味も濃く、量も多いため、満腹感が得られやすいのですが、油の量が多く、野菜が少ないため、高カロリーなのにビタミンやミネラルが少なく、栄養バランスが非常に悪いのです。ファーストフードは早くて安くて便利なものです。ファーストフードの代表格といえばハンバーガーですが、高カロリーで脂肪が多く決して健康食とは言えません。ファーストフード店なんて健康に気を使わない人が行くものという意見ももっともですが、その中でも比較的マシなものと、健康に悪いものがあると思います。
次のようにファーストフードより手料理の方がメリットです。
第一、市場へ行って、材料選択から作りまでは食事の支度は全部自分なので、衛生や栄養などを安心できます。そして、ファーストフード程高くないので、経済的もメリットの一つです。
第二、ファーストフードというとさまざまな添加物まみれのため、健康に良くありません。ですから、手料理の利用頻度を増やせば、現代社会病状の心脈病などを避けることが出来ます。
手料理とファーストフードはどちらもよい点や悪い点がある。豊富な飲食生活を取るために、手料理とファーストフードをバランスよく合わせたほうが良いと思います。","今はベトナムでだけではなくて、世界の各国はいろいろなファーストフード店があります。世界中あちらこちらにファーストフード店が見えます。例えばLotteria、KFC、McDonald's、Popeyes。ファストフードは、どこから来て？誰が作り？何が入っていて？それを食べ続けるとどうなるのか？健康か不健康か？人々はそれについて深く考えようとはしない。
工業化の時代と伴う、人々は手料理がだんだん少なくなっています。その代わりに、食生活はファーストフードを中心になっています。値段は手ごろ、種類も多いので、ファーストフードは大変人気が集まっています。ファーストフードは、味も濃く、量も多いため、満腹感が得られやすいのですが、油の量が多く、野菜が少ないため、高カロリーなのにビタミンやミネラルが少なく、栄養バランスが非常に悪いのです。ファーストフードは早くて安くて便利なものです。ファーストフードの代表格といえばハンバーガーですが、高カロリーで脂肪が多く決して健康食とは言えません。ファーストフード店なんて健康に気を使わない人が行くものという意見ももっともですが、その中でも比較的マシなものと、健康に悪いものがあると思います。
次のようにファーストフードより手料理の方がメリットです。
第一、市場へ行って、材料選択から作りまでは食事の支度は全部自分なので、衛生や栄養などを安心できます。そして、ファースト",42.0,beginner,23.0,378.0,16.434782608695652,0.4708994708994709,26.0,787.0,40.0,35.0,155.0,59.0,2.502,2.054,3.196,3.183,2.417,2.331
322,322,322,VVN42,VNM,ベトナム語,"ほとんどの人は手作り料理がファストフードよりもっといい食べ物と考える。実は、ファストフードであれ、手作りの料理であれ、メリットとデメリットがある。
まず、手作りの場合は、デメリットよりメリットがたくさんある。第一、料理を作るとき、本人がリラックスできるだけでなく、気分も悪くなくなる。なぜなら、そのとき、いろいろな性格の心配を一時に忘れ、ストレスも解消するからである。第二、自分でしたら、健康に何がよいか悪いかと分かるから、料理の量と栄養が管理できる。だが、現在、大勢の人が手作りの料理のチョイスを選ばない。理由は時間である。作る時間と言うまでもない、準備する時間もあまり少なくない。それは時間を大切にする社会人に大変困る。
つぎに、ファストフードの場合は、メリットの方面を見ると、手作りの料理と比べて、時間があまりかからない。その理由で、ファストフードが人々の一番早く、便利なチョイスとなった。それに、ファストフードの種類がさまざまあるので、客のチョイスが広がる。したっがて、人々は口に合わせる料理が選べる。しかし、ファストフードの成分に大きな脂肪の量が含まれる。その脂肪が人々を太らせ、健康も悪い影響させる。それはファストフードの基本的なデメリットである。
忙しい性格の中には、家に自分で料理を作るという習慣が失う傾向がある。時間を守るために、たくさんの人は便利なファストフードを選ぶ。本当のことはその二つのチョイスどちらもメリットとデメリットがある。","ほとんどの人は手作り料理がファストフードよりもっといい食べ物と考える。実は、ファストフードであれ、手作りの料理であれ、メリットとデメリットがある。
まず、手作りの場合は、デメリットよりメリットがたくさんある。第一、料理を作るとき、本人がリラックスできるだけでなく、気分も悪くなくなる。なぜなら、そのとき、いろいろな性格の心配を一時に忘れ、ストレスも解消するからである。第二、自分でしたら、健康に何がよいか悪いかと分かるから、料理の量と栄養が管理できる。だが、現在、大勢の人が手作りの料理のチョイスを選ばない。理由は時間である。作る時間と言うまでもない、準備する時間もあまり少なくない。それは時間を大切にする社会人に大変困る。
つぎに、ファストフードの場合は、メリットの方面を見ると、手作りの料理と比べて、時間があまりかからない。その理由で、ファストフードが人々の一番早く、便利なチョイスとなった。それに、ファストフードの種類がさまざまあるので、客のチョイスが広がる。したっがて、人々は口に合わせる料理が選べる。しかし、ファストフードの成分に大きな脂肪の量が含まれる。その脂肪が人々を太らせ、健康も悪い影響させる。それはファストフードの基本的なデメリットである。
忙しい性格の中には、家に自分で料理を作るという習慣が失う傾向がある。時間を守るために、たくさんの人は便利なファストフードを選ぶ。本当のこと",62.0,intermediate,20.0,289.0,14.45,0.4152249134948096,23.0,628.0,25.0,29.0,130.0,53.0,2.573,2.119,3.529,3.414,2.505,2.444
323,323,323,VVN44,VNM,ベトナム語,"私達の日常生活の中で飲食は欠かせないものである。それに、一つの文化特徴としている。今まで、食生活がだんだん変わると見えよい。なぜならば、ファーストフードの現出だからである。では、ァーストフードは私達の生活にどんな影響を与えるか考えましょう。
この前、人々が家で家族と食事をすることは習慣になった。現在のお年寄りや中年もその習慣を続けるようだ。しかし、生活がだんだん慌しくなって、食事を用意したり、食べたりする時間は少なくなる。それはファーストフードがはやっている一つの理由である。
私こそファーストフードの方がいいと思う。ファーストフードなら、値段も手ごろだし、サービスがもらえるし、時間があまりかからないとよく言われている。それは社会人や学生などに便利である。しかも、現在ファーストフードの種類も増えて、韓国やスペインやドイツなどの色々な国の料理がある店がよく見かける。だから。私達は各国の豊富な食べ物がいつでも手に入れるようになる。しかし、ファーストフードも問題点があることは認めないわけではない。例えば、健康のことである。新聞でファーストフードをよく食べると、ガンになるおそれがあるという記事を見たことがあるが、仕事が忙しいのでファーストフードにする仕方がない。
要すると、ファーストフードが便利だから、私達の生活に必要になる。しかし、ファーストフードの良い点だけ見ないで、家族と一緒に食事をする楽しみを忘れない方がいいと思う。","私達の日常生活の中で飲食は欠かせないものである。それに、一つの文化特徴としている。今まで、食生活がだんだん変わると見えよい。なぜならば、ファーストフードの現出だからである。では、ァーストフードは私達の生活にどんな影響を与えるか考えましょう。
この前、人々が家で家族と食事をすることは習慣になった。現在のお年寄りや中年もその習慣を続けるようだ。しかし、生活がだんだん慌しくなって、食事を用意したり、食べたりする時間は少なくなる。それはファーストフードがはやっている一つの理由である。
私こそファーストフードの方がいいと思う。ファーストフードなら、値段も手ごろだし、サービスがもらえるし、時間があまりかからないとよく言われている。それは社会人や学生などに便利である。しかも、現在ファーストフードの種類も増えて、韓国やスペインやドイツなどの色々な国の料理がある店がよく見かける。だから。私達は各国の豊富な食べ物がいつでも手に入れるようになる。しかし、ファーストフードも問題点があることは認めないわけではない。例えば、健康のことである。新聞でファーストフードをよく食べると、ガンになるおそれがあるという記事を見たことがあるが、仕事が忙しいのでファーストフードにする仕方がない。
要すると、ファーストフードが便利だから、私達の生活に必要になる。しかし、ファーストフードの良い点だけ見ないで、家族と一緒に食事をす",60.0,intermediate,20.0,313.0,15.65,0.4313099041533546,25.0,617.0,28.0,11.0,143.0,46.0,2.652,2.21,3.441,3.399,2.568,2.503
324,324,324,VVN46,VNM,ベトナム語,"今日、多くの人々はファーストフードの食事を置き換えるために使用されていることなど忙しい仕事や利便性など、さまざまな理由のため。統計によると、人々はほとんどのファーストフードを使用して25から6歳です。それはアメリカで人気の食べ物と考えられているが、ベトナムでは、高速、豪華な食品になりつつあります。
ホーム食品と比較して、ファーストフードの栄養価と比較することはできません。繊維、タンパク質、ビタミンやミネラルなど、家族の食事。一方、ファーストフードは通常、タンパク質や繊維やビタミンが非常に低いが含まれています。また、ファストフードは脂肪が多く含まれており、防腐剤は、体に良いものではありません。ベトナムで、ファーストフードのコストは、家族を養うために比べて安くはない。だから、私の意見では、私は居心地の良い家族の食事を選ぶだろうし、KFCのチキンレッグよりもおいしい！しかし、緊急時に、ファーストフードを有効にします！あなたのため忙しい仕事の調理ができない場合には、多くの人が仕事を遅らせ、まだ空腹を満たしていないためにファーストフードを選択します。それは人々が心血管疾患や肥満に苦しむように健康的で簡単ではありませんので、それはファーストフードをやりすぎないことが重要です。その代わりに、賢明な食事と定期的な運動は、あなたの体が健康で持続可能になるのに役立ちます。","今日、多くの人々はファーストフードの食事を置き換えるために使用されていることなど忙しい仕事や利便性など、さまざまな理由のため。統計によると、人々はほとんどのファーストフードを使用して25から6歳です。それはアメリカで人気の食べ物と考えられているが、ベトナムでは、高速、豪華な食品になりつつあります。
ホーム食品と比較して、ファーストフードの栄養価と比較することはできません。繊維、タンパク質、ビタミンやミネラルなど、家族の食事。一方、ファーストフードは通常、タンパク質や繊維やビタミンが非常に低いが含まれています。また、ファストフードは脂肪が多く含まれており、防腐剤は、体に良いものではありません。ベトナムで、ファーストフードのコストは、家族を養うために比べて安くはない。だから、私の意見では、私は居心地の良い家族の食事を選ぶだろうし、KFCのチキンレッグよりもおいしい！しかし、緊急時に、ファーストフードを有効にします！あなたのため忙しい仕事の調理ができない場合には、多くの人が仕事を遅らせ、まだ空腹を満たしていないためにファーストフードを選択します。それは人々が心血管疾患や肥満に苦しむように健康的で簡単ではありませんので、それはファーストフードをやりすぎないことが重要です。その代わりに、賢明な食事と定期的な運動は、あなたの体が健康で持続可能になるのに役立ちます。",47.0,beginner,13.0,294.0,22.615384615384617,0.4387755102040816,21.0,585.0,23.0,33.0,110.0,50.0,2.33,2.054,3.546,3.415,2.509,2.418
325,325,325,VVN47,VNM,ベトナム語,"世界の国々には食生活が豊富になっています。家族の作る料理以外はファースト・フードを食べる人も大勢います。わたしは家族の作る料理を食べることに賛成しますが、ときどきファースト・フードをたべるなら、よいと思います。
なぜなら、家族の作る料理を食べるのは安全で自分の好みによって自分が好きなのが作られ、ファースト・フードは値段が高く、口に合わない料理を食べることもあるからです。
さらに、ファースト・フードはどう作られるか、何に入れられるか、わからない。添加物や期限がなくなった原料を使って料理を作れば、健康に悪影響を与えるはずです。家族の料理を食べれば、時間がちょっとかかりますが、安心すると思います。健康のためにスーパーなどで安全な原料を買い、きちんとそれを水で洗らうからです。
しかし、忙しいときや、急にお客が来るときなどはとても大変だと思います。その反対に、ファースト・フードはそんなときに有益なものです。料理の時間がないときでも、子供でも、簡単に短時間で食べられます。
社会の変化につれて人の食生活も大きくかわってきます。昔から、家族の料理を大切にされています。しかし、今、忙しい人が増え、そんな人のためにファースト・フードの店が多くなっています。したがって、家族の作る料理を食べる人が少なくなっています。何でもよい点とよくない点があります。環境によって、自分によってそれがよい点になるとおもいます。","世界の国々には食生活が豊富になっています。家族の作る料理以外はファースト・フードを食べる人も大勢います。わたしは家族の作る料理を食べることに賛成しますが、ときどきファースト・フードをたべるなら、よいと思います。
なぜなら、家族の作る料理を食べるのは安全で自分の好みによって自分が好きなのが作られ、ファースト・フードは値段が高く、口に合わない料理を食べることもあるからです。
さらに、ファースト・フードはどう作られるか、何に入れられるか、わからない。添加物や期限がなくなった原料を使って料理を作れば、健康に悪影響を与えるはずです。家族の料理を食べれば、時間がちょっとかかりますが、安心すると思います。健康のためにスーパーなどで安全な原料を買い、きちんとそれを水で洗らうからです。
しかし、忙しいときや、急にお客が来るときなどはとても大変だと思います。その反対に、ファースト・フードはそんなときに有益なものです。料理の時間がないときでも、子供でも、簡単に短時間で食べられます。
社会の変化につれて人の食生活も大きくかわってきます。昔から、家族の料理を大切にされています。しかし、今、忙しい人が増え、そんな人のためにファースト・フードの店が多くなっています。したがって、家族の作る料理を食べる人が少なくなっています。何でもよい点とよくない点があります。環境によって、自分によってそれがよい点になるとおもいま",61.0,intermediate,17.0,302.0,17.764705882352942,0.3874172185430463,23.0,602.0,23.0,12.0,121.0,51.0,2.643,2.177,3.343,3.27,2.515,2.487
326,326,326,VVN49,VNM,ベトナム語,"ファーストフードをよく食べる人がどんどん増えている。人間の需要のために、ファーストフードやインスタント食品の工業も日々に発展し、多様になる。
忙しく、疲れる仕事をした後、ファミリマートでファーストフードやインスタント食品を買い、食べることが安く、便利である。ファーストフードの便利さを不認できないが、悪い点もたくさんある。友達がインスタント食品ををよく食べて、「どうしてよく食べる？」と聞かれると、「便利で、お皿とか箸を洗うこともないからね。いつでも食べられるよ！」と答える。「でも、衛生が悪いよ、プラスチックでのお皿を使うから、ガンをうつすことができる。あなた、ファーストフードのせいでの病気になったことがあるか？」と聞き、「あるよ。でも、薬を飲んで、大丈夫だ。忙しくて、仕方がないね。」とニコニコした。自作食品の上で、材料を買い、作り、掃除する時間がかかるとか、作り方がわからないとかの原因でファーストフードを食べる人が多い。そんな原因がそうかもしれないが、衛生が安全だし、栄養のバランスがよくでき、家族空気も温かくなると思う。
人間の生活が日々に忙しくなり、家族のための時間があまりないので、自分で作り、家族と食べるのが嬉しいことだと思う。健康のための料理を作ろう。","ファーストフードをよく食べる人がどんどん増えている。人間の需要のために、ファーストフードやインスタント食品の工業も日々に発展し、多様になる。
忙しく、疲れる仕事をした後、ファミリマートでファーストフードやインスタント食品を買い、食べることが安く、便利である。ファーストフードの便利さを不認できないが、悪い点もたくさんある。友達がインスタント食品ををよく食べて、「どうしてよく食べる？」と聞かれると、「便利で、お皿とか箸を洗うこともないからね。いつでも食べられるよ！」と答える。「でも、衛生が悪いよ、プラスチックでのお皿を使うから、ガンをうつすことができる。あなた、ファーストフードのせいでの病気になったことがあるか？」と聞き、「あるよ。でも、薬を飲んで、大丈夫だ。忙しくて、仕方がないね。」とニコニコした。自作食品の上で、材料を買い、作り、掃除する時間がかかるとか、作り方がわからないとかの原因でファーストフードを食べる人が多い。そんな原因がそうかもしれないが、衛生が安全だし、栄養のバランスがよくでき、家族空気も温かくなると思う。
人間の生活が日々に忙しくなり、家族のための時間があまりないので、自分で作り、家族と食べるのが嬉しいことだと思う。健康のための料理を作ろう。",62.0,intermediate,18.0,258.0,14.333333333333334,0.4263565891472868,22.0,536.0,27.0,12.0,121.0,41.0,2.918,2.342,3.819,3.741,2.767,2.642
327,327,327,VVN53,VNM,ベトナム語,現在、人はますます忙しくなりまですから、家で食事するのは減っていきます。それは、インスタントの食事と自宅の食事の違い、良い点、不便点は何だろう。毎日家族のために食事の準備するのは楽しいですが時間がかかります。それで外食するのは多くなって、家族の全員はいっしょに過ごす時間が減っていきます。そのことは自宅の食事の悪い点です。一方、外食は時間がかからなくて、色々な食べ物もあります。自宅の食べ物とインスタントの食べ物はかならず安全的も栄養も高い。インスタントの食べ物はちょとおいしいですが値段は高くて安全ことはあまり良くない。それだけでなく、外食のこと多くと家族の全員の関係は距離がだんだん遠い。つまり、外食はときどきするのは大丈夫ですが、家で食事したほうがいい。,現在、人はますます忙しくなりまですから、家で食事するのは減っていきます。それは、インスタントの食事と自宅の食事の違い、良い点、不便点は何だろう。毎日家族のために食事の準備するのは楽しいですが時間がかかります。それで外食するのは多くなって、家族の全員はいっしょに過ごす時間が減っていきます。そのことは自宅の食事の悪い点です。一方、外食は時間がかからなくて、色々な食べ物もあります。自宅の食べ物とインスタントの食べ物はかならず安全的も栄養も高い。インスタントの食べ物はちょとおいしいですが値段は高くて安全ことはあまり良くない。それだけでなく、外食のこと多くと家族の全員の関係は距離がだんだん遠い。つまり、外食はときどきするのは大丈夫ですが、家で食事したほうがいい。,44.0,beginner,10.0,173.0,17.3,0.4277456647398844,7.0,330.0,23.0,6.0,72.0,37.0,2.735,2.322,3.95,3.851,2.733,2.643
328,328,328,VVN56,VNM,ベトナム語,"ある人は文化は台所にあると言われた。私は飲食家ではないので、飲食生活について意見を述べることは失礼と思う。しかし、住んでいる３種類の台所で食べる料理を述べる。これは祖母のご飯からファストフードまでのである。
祖母のご飯
祖母の台所でベトナムの伝統的な料理をたくさん食べる。料理は簡単な料理から複雑な料理まで、全部で祖母とおばさんが作られたものである。料理はおいしくて、新鮮で、家族の人に好きな味がある。台所の雰囲気がいつも楽しい。しかし、料理を作り方が複雑だし、時間がかかるので、祖母とおばさんが大変だ。
両親の現代台所
両親の現代台所で料理が早く作られる。生活のため、料理を作り方の方針は早ければ早いほどいいことはもちろん、十分に栄養を取ったり、野菜がたくさんあったりする。時々、家族は外で食事する。忙しい時、中食である。母が料理を作りたくないとファストフードを出前する。両親の仕事は大変忙しくて、台所の雰囲気はいつも忙しいと感じる。
若者の台所―ファストフード・レストランで
両親と食事は夕食と家族のパーティだけである。その時間の以外は友達とファストフードを食べる。ファストフードとは外国からKFC、McDonaldなどの料理ではなくて、店やレストランで売っているベトナムの料理というものである。ファストフードはいつも食べられて、便利で、人気があるものである。しかし、ファストフードはカロリーが高くて、くどくて、野菜があまりない。
３種類の台所から見ると、ベトナムの料理は豊富になる。伝統的な台所はだんだん窓を開いて、ファストフードを出迎えるようになる。","ある人は文化は台所にあると言われた。私は飲食家ではないので、飲食生活について意見を述べることは失礼と思う。しかし、住んでいる３種類の台所で食べる料理を述べる。これは祖母のご飯からファストフードまでのである。
祖母のご飯
祖母の台所でベトナムの伝統的な料理をたくさん食べる。料理は簡単な料理から複雑な料理まで、全部で祖母とおばさんが作られたものである。料理はおいしくて、新鮮で、家族の人に好きな味がある。台所の雰囲気がいつも楽しい。しかし、料理を作り方が複雑だし、時間がかかるので、祖母とおばさんが大変だ。
両親の現代台所
両親の現代台所で料理が早く作られる。生活のため、料理を作り方の方針は早ければ早いほどいいことはもちろん、十分に栄養を取ったり、野菜がたくさんあったりする。時々、家族は外で食事する。忙しい時、中食である。母が料理を作りたくないとファストフードを出前する。両親の仕事は大変忙しくて、台所の雰囲気はいつも忙しいと感じる。
若者の台所―ファストフード・レストランで
両親と食事は夕食と家族のパーティだけである。その時間の以外は友達とファストフードを食べる。ファストフードとは外国からKFC、McDonaldなどの料理ではなくて、店やレストランで売っているベトナムの料理というものである。ファストフードはいつも食べられて、便利で、人気があるものである。しかし、ファストフードはカロリーが高",54.0,beginner,22.0,327.0,14.863636363636363,0.3700305810397553,19.0,679.0,13.0,18.0,129.0,64.0,2.65,2.236,3.673,3.541,2.614,2.546
